
╔══════════════════════════════════════════════════╗
║  Swar Yoga WhatsApp Bridge (Baileys)             ║
║  Port: 3333                                    ║
║  Webhook: http://localhost:3001                 ║
╚══════════════════════════════════════════════════╝

[MONGO] Connected (singleton)
[DB-LOAD] ✅ Hydrated 45 chats, 489 messages from DB
[AUTH] Using MongoDB-backed auth state
[BAILEYS] Starting v2.3000.1033846690
[CONNECTED] WhatsApp connected as: 919309986820:74@s.whatsapp.net Swar Yoga
{"level":40,"time":1772719297401,"pid":45016,"hostname":"Mohans-iMac.local","node":{"tag":"notification","attrs":{"from":"919309986820@s.whatsapp.net","type":"mex","id":"1313955526","offline":"0","t":"1772719281"},"content":[{"tag":"update","attrs":{"op_name":"NotificationLinkedProfilesUpdatesSideSub"},"content":{"type":"Buffer","data":[123,34,100,97,116,97,34,58,123,34,120,119,97,50,95,110,111,116,105,102,121,95,108,105,110,107,101,100,95,112,114,111,102,105,108,101,115,95,115,105,100,101,95,115,117,98,34,58,123,34,104,97,115,104,34,58,34,116,105,53,113,34,125,125,125]}}]},"msg":"Invalid mex newsletter notification"}
[GROUPS] Prefetched 273 group names
[LID-RESOLVE-DB] Found 18 unresolved LID contacts, querying DB...
[LID-RESOLVE-DB] Found 27 unique phone numbers in DB
[LID-MAP] 258038028099636 → 919075358557
[LID-MAP] 165244655648775 → 918767574117
[LID-MAP] 111867070537746 → 918765432100
[LID-MAP] 17811330060419 → 918668771411
[LID-MAP] 158355611992084 → 918275281029
[LID-MAP] 190202660306996 → 918180898066
[LID-MAP] 190185832714267 → 918149549354
[LID-MAP] 186689410596935 → 918149238319
[LID-MAP] 145994545103008 → 917738093173
[LID-MAP] 275449221521484 → 917588040535
[LID-MAP] 186896156205308 → 919876543210
[LID-MAP] 222393977061438 → 919779006820
[LID-MAP] 20272312770769 → 919561694725
[LID-MAP] 104032781742301 → 919423784888
[LID-MAP] 128729380597926 → 919410838239
[LID-MAP] 57599990968399 → 919322331757
[LID-MAP] 1606351380725 → 919309986820
[LID-RESOLVE-DB] ✅ Resolved 17 phone→LID mappings (total map: 34)
[LID-RESOLVE-DB] ✅ Updated 6 chat entries with phone numbers
{"level":40,"time":1772719316566,"pid":45016,"hostname":"Mohans-iMac.local","msg":"Timeout in AwaitingInitialSync, forcing state to Online and flushing buffer"}
{"level":50,"time":1772719898487,"pid":45016,"hostname":"Mohans-iMac.local","key":{"remoteJid":"status@broadcast","fromMe":false,"id":"3A3A4DF6892F8A580247","participant":"917744073709@s.whatsapp.net","participantLid":"66267251790059@lid"},"err":{"type":"PreKeyError","message":"Invalid PreKey ID","stack":"PreKeyError: Invalid PreKey ID\n    at SessionBuilder.initIncoming (/Users/mohankalburgi/swaryoga.com-db/swaryoga.com-db/deploy/wa-baileys/node_modules/libsignal/src/session_builder.js:66:19)\n    at process.processTicksAndRejections (node:internal/process/task_queues:103:5)\n    at async 917744073709.0 [as awaitable] (/Users/mohankalburgi/swaryoga.com-db/swaryoga.com-db/deploy/wa-baileys/node_modules/libsignal/src/session_cipher.js:205:30)\n    at async _asyncQueueExecutor (/Users/mohankalburgi/swaryoga.com-db/swaryoga.com-db/deploy/wa-baileys/node_modules/libsignal/src/queue_job.js:20:29)","name":"PreKeyError"},"msg":"failed to decrypt message"}
{"level":50,"time":1772719898502,"pid":45016,"hostname":"Mohans-iMac.local","key":{"remoteJid":"status@broadcast","fromMe":false,"id":"3A3A4DF6892F8A580247","participant":"917744073709@s.whatsapp.net","participantLid":"66267251790059@lid"},"err":{"type":"Error","message":"No session found to decrypt message","stack":"Error: No session found to decrypt message\n    at Object.awaitable (file:///Users/mohankalburgi/swaryoga.com-db/swaryoga.com-db/deploy/wa-baileys/node_modules/@whiskeysockets/baileys/lib/Signal/Group/group_cipher.js:43:23)\n    at process.processTicksAndRejections (node:internal/process/task_queues:103:5)\n    at async _asyncQueueExecutor (file:///Users/mohankalburgi/swaryoga.com-db/swaryoga.com-db/deploy/wa-baileys/node_modules/@whiskeysockets/baileys/lib/Signal/Group/queue-job.js:10:29)"},"msg":"failed to decrypt message"}
{"level":50,"time":1772719904176,"pid":45016,"hostname":"Mohans-iMac.local","key":{"remoteJid":"status@broadcast","fromMe":false,"id":"3A3A4DF6892F8A580247","participant":"917744073709@s.whatsapp.net","participantLid":"66267251790059@lid"},"err":{"type":"PreKeyError","message":"Invalid PreKey ID","stack":"PreKeyError: Invalid PreKey ID\n    at SessionBuilder.initIncoming (/Users/mohankalburgi/swaryoga.com-db/swaryoga.com-db/deploy/wa-baileys/node_modules/libsignal/src/session_builder.js:66:19)\n    at process.processTicksAndRejections (node:internal/process/task_queues:103:5)\n    at async 917744073709.0 [as awaitable] (/Users/mohankalburgi/swaryoga.com-db/swaryoga.com-db/deploy/wa-baileys/node_modules/libsignal/src/session_cipher.js:205:30)\n    at async _asyncQueueExecutor (/Users/mohankalburgi/swaryoga.com-db/swaryoga.com-db/deploy/wa-baileys/node_modules/libsignal/src/queue_job.js:20:29)","name":"PreKeyError"},"msg":"failed to decrypt message"}
{"level":50,"time":1772719904927,"pid":45016,"hostname":"Mohans-iMac.local","key":{"remoteJid":"status@broadcast","fromMe":false,"id":"3A3A4DF6892F8A580247","participant":"917744073709@s.whatsapp.net","participantLid":"66267251790059@lid"},"err":{"type":"PreKeyError","message":"Invalid PreKey ID","stack":"PreKeyError: Invalid PreKey ID\n    at SessionBuilder.initIncoming (/Users/mohankalburgi/swaryoga.com-db/swaryoga.com-db/deploy/wa-baileys/node_modules/libsignal/src/session_builder.js:66:19)\n    at process.processTicksAndRejections (node:internal/process/task_queues:103:5)\n    at async 917744073709.0 [as awaitable] (/Users/mohankalburgi/swaryoga.com-db/swaryoga.com-db/deploy/wa-baileys/node_modules/libsignal/src/session_cipher.js:205:30)\n    at async _asyncQueueExecutor (/Users/mohankalburgi/swaryoga.com-db/swaryoga.com-db/deploy/wa-baileys/node_modules/libsignal/src/queue_job.js:20:29)","name":"PreKeyError"},"msg":"failed to decrypt message"}
[LID-RESOLVE] Attempting to resolve 12 LID contacts...
[LID-RESOLVE] Map now has 34 entries
[LID-MAP] 158381297897656 → 9779857048500
[MSG] ← 158381297897656@lid: Hello! I filled out your form and would like to know more ab
[WEBHOOK] ✅ Forwarded message to CRM
[MSG] → 918767574117@s.whatsapp.net: nice ai ti ka
[WEBHOOK] ✅ Forwarded message to CRM
Failed to decrypt message with any known session...
Session error:Error: Bad MAC Error: Bad MAC
    at Object.verifyMAC (/Users/mohankalburgi/swaryoga.com-db/swaryoga.com-db/deploy/wa-baileys/node_modules/libsignal/src/crypto.js:87:15)
    at SessionCipher.doDecryptWhisperMessage (/Users/mohankalburgi/swaryoga.com-db/swaryoga.com-db/deploy/wa-baileys/node_modules/libsignal/src/session_cipher.js:250:16)
    at process.processTicksAndRejections (node:internal/process/task_queues:103:5)
    at async SessionCipher.decryptWithSessions (/Users/mohankalburgi/swaryoga.com-db/swaryoga.com-db/deploy/wa-baileys/node_modules/libsignal/src/session_cipher.js:147:29)
    at async 1606351380725.65 [as awaitable] (/Users/mohankalburgi/swaryoga.com-db/swaryoga.com-db/deploy/wa-baileys/node_modules/libsignal/src/session_cipher.js:171:28)
    at async _asyncQueueExecutor (/Users/mohankalburgi/swaryoga.com-db/swaryoga.com-db/deploy/wa-baileys/node_modules/libsignal/src/queue_job.js:20:29)
Session error:Error: Bad MAC Error: Bad MAC
    at Object.verifyMAC (/Users/mohankalburgi/swaryoga.com-db/swaryoga.com-db/deploy/wa-baileys/node_modules/libsignal/src/crypto.js:87:15)
    at SessionCipher.doDecryptWhisperMessage (/Users/mohankalburgi/swaryoga.com-db/swaryoga.com-db/deploy/wa-baileys/node_modules/libsignal/src/session_cipher.js:250:16)
    at process.processTicksAndRejections (node:internal/process/task_queues:103:5)
    at async SessionCipher.decryptWithSessions (/Users/mohankalburgi/swaryoga.com-db/swaryoga.com-db/deploy/wa-baileys/node_modules/libsignal/src/session_cipher.js:147:29)
    at async 1606351380725.65 [as awaitable] (/Users/mohankalburgi/swaryoga.com-db/swaryoga.com-db/deploy/wa-baileys/node_modules/libsignal/src/session_cipher.js:171:28)
    at async _asyncQueueExecutor (/Users/mohankalburgi/swaryoga.com-db/swaryoga.com-db/deploy/wa-baileys/node_modules/libsignal/src/queue_job.js:20:29)
Session error:Error: Bad MAC Error: Bad MAC
    at Object.verifyMAC (/Users/mohankalburgi/swaryoga.com-db/swaryoga.com-db/deploy/wa-baileys/node_modules/libsignal/src/crypto.js:87:15)
    at SessionCipher.doDecryptWhisperMessage (/Users/mohankalburgi/swaryoga.com-db/swaryoga.com-db/deploy/wa-baileys/node_modules/libsignal/src/session_cipher.js:250:16)
    at process.processTicksAndRejections (node:internal/process/task_queues:103:5)
    at async SessionCipher.decryptWithSessions (/Users/mohankalburgi/swaryoga.com-db/swaryoga.com-db/deploy/wa-baileys/node_modules/libsignal/src/session_cipher.js:147:29)
    at async 1606351380725.65 [as awaitable] (/Users/mohankalburgi/swaryoga.com-db/swaryoga.com-db/deploy/wa-baileys/node_modules/libsignal/src/session_cipher.js:171:28)
    at async _asyncQueueExecutor (/Users/mohankalburgi/swaryoga.com-db/swaryoga.com-db/deploy/wa-baileys/node_modules/libsignal/src/queue_job.js:20:29)
Session error:Error: Bad MAC Error: Bad MAC
    at Object.verifyMAC (/Users/mohankalburgi/swaryoga.com-db/swaryoga.com-db/deploy/wa-baileys/node_modules/libsignal/src/crypto.js:87:15)
    at SessionCipher.doDecryptWhisperMessage (/Users/mohankalburgi/swaryoga.com-db/swaryoga.com-db/deploy/wa-baileys/node_modules/libsignal/src/session_cipher.js:250:16)
    at process.processTicksAndRejections (node:internal/process/task_queues:103:5)
    at async SessionCipher.decryptWithSessions (/Users/mohankalburgi/swaryoga.com-db/swaryoga.com-db/deploy/wa-baileys/node_modules/libsignal/src/session_cipher.js:147:29)
    at async 1606351380725.65 [as awaitable] (/Users/mohankalburgi/swaryoga.com-db/swaryoga.com-db/deploy/wa-baileys/node_modules/libsignal/src/session_cipher.js:171:28)
    at async _asyncQueueExecutor (/Users/mohankalburgi/swaryoga.com-db/swaryoga.com-db/deploy/wa-baileys/node_modules/libsignal/src/queue_job.js:20:29)
Session error:Error: Bad MAC Error: Bad MAC
    at Object.verifyMAC (/Users/mohankalburgi/swaryoga.com-db/swaryoga.com-db/deploy/wa-baileys/node_modules/libsignal/src/crypto.js:87:15)
    at SessionCipher.doDecryptWhisperMessage (/Users/mohankalburgi/swaryoga.com-db/swaryoga.com-db/deploy/wa-baileys/node_modules/libsignal/src/session_cipher.js:250:16)
    at process.processTicksAndRejections (node:internal/process/task_queues:103:5)
    at async SessionCipher.decryptWithSessions (/Users/mohankalburgi/swaryoga.com-db/swaryoga.com-db/deploy/wa-baileys/node_modules/libsignal/src/session_cipher.js:147:29)
    at async 1606351380725.65 [as awaitable] (/Users/mohankalburgi/swaryoga.com-db/swaryoga.com-db/deploy/wa-baileys/node_modules/libsignal/src/session_cipher.js:171:28)
    at async _asyncQueueExecutor (/Users/mohankalburgi/swaryoga.com-db/swaryoga.com-db/deploy/wa-baileys/node_modules/libsignal/src/queue_job.js:20:29)
Session error:Error: Bad MAC Error: Bad MAC
    at Object.verifyMAC (/Users/mohankalburgi/swaryoga.com-db/swaryoga.com-db/deploy/wa-baileys/node_modules/libsignal/src/crypto.js:87:15)
    at SessionCipher.doDecryptWhisperMessage (/Users/mohankalburgi/swaryoga.com-db/swaryoga.com-db/deploy/wa-baileys/node_modules/libsignal/src/session_cipher.js:250:16)
    at process.processTicksAndRejections (node:internal/process/task_queues:103:5)
    at async SessionCipher.decryptWithSessions (/Users/mohankalburgi/swaryoga.com-db/swaryoga.com-db/deploy/wa-baileys/node_modules/libsignal/src/session_cipher.js:147:29)
    at async 1606351380725.65 [as awaitable] (/Users/mohankalburgi/swaryoga.com-db/swaryoga.com-db/deploy/wa-baileys/node_modules/libsignal/src/session_cipher.js:171:28)
    at async _asyncQueueExecutor (/Users/mohankalburgi/swaryoga.com-db/swaryoga.com-db/deploy/wa-baileys/node_modules/libsignal/src/queue_job.js:20:29)
{"level":50,"time":1772720161112,"pid":45016,"hostname":"Mohans-iMac.local","key":{"remoteJid":"158381297897656@lid","fromMe":true,"id":"3EB082549265E29418C1AB"},"err":{"type":"SessionError","message":"No matching sessions found for message","stack":"SessionError: No matching sessions found for message\n    at SessionCipher.decryptWithSessions (/Users/mohankalburgi/swaryoga.com-db/swaryoga.com-db/deploy/wa-baileys/node_modules/libsignal/src/session_cipher.js:161:15)\n    at process.processTicksAndRejections (node:internal/process/task_queues:103:5)\n    at async 1606351380725.65 [as awaitable] (/Users/mohankalburgi/swaryoga.com-db/swaryoga.com-db/deploy/wa-baileys/node_modules/libsignal/src/session_cipher.js:171:28)\n    at async _asyncQueueExecutor (/Users/mohankalburgi/swaryoga.com-db/swaryoga.com-db/deploy/wa-baileys/node_modules/libsignal/src/queue_job.js:20:29)","name":"SessionError"},"msg":"failed to decrypt message"}
[MSG] Skipping unhandled message type from 158381297897656@lid: 
Failed to decrypt message with any known session...
Session error:Error: Bad MAC Error: Bad MAC
    at Object.verifyMAC (/Users/mohankalburgi/swaryoga.com-db/swaryoga.com-db/deploy/wa-baileys/node_modules/libsignal/src/crypto.js:87:15)
    at SessionCipher.doDecryptWhisperMessage (/Users/mohankalburgi/swaryoga.com-db/swaryoga.com-db/deploy/wa-baileys/node_modules/libsignal/src/session_cipher.js:250:16)
    at process.processTicksAndRejections (node:internal/process/task_queues:103:5)
    at async SessionCipher.decryptWithSessions (/Users/mohankalburgi/swaryoga.com-db/swaryoga.com-db/deploy/wa-baileys/node_modules/libsignal/src/session_cipher.js:147:29)
    at async 1606351380725.65 [as awaitable] (/Users/mohankalburgi/swaryoga.com-db/swaryoga.com-db/deploy/wa-baileys/node_modules/libsignal/src/session_cipher.js:171:28)
    at async _asyncQueueExecutor (/Users/mohankalburgi/swaryoga.com-db/swaryoga.com-db/deploy/wa-baileys/node_modules/libsignal/src/queue_job.js:20:29)
Session error:Error: Bad MAC Error: Bad MAC
    at Object.verifyMAC (/Users/mohankalburgi/swaryoga.com-db/swaryoga.com-db/deploy/wa-baileys/node_modules/libsignal/src/crypto.js:87:15)
    at SessionCipher.doDecryptWhisperMessage (/Users/mohankalburgi/swaryoga.com-db/swaryoga.com-db/deploy/wa-baileys/node_modules/libsignal/src/session_cipher.js:250:16)
    at process.processTicksAndRejections (node:internal/process/task_queues:103:5)
    at async SessionCipher.decryptWithSessions (/Users/mohankalburgi/swaryoga.com-db/swaryoga.com-db/deploy/wa-baileys/node_modules/libsignal/src/session_cipher.js:147:29)
    at async 1606351380725.65 [as awaitable] (/Users/mohankalburgi/swaryoga.com-db/swaryoga.com-db/deploy/wa-baileys/node_modules/libsignal/src/session_cipher.js:171:28)
    at async _asyncQueueExecutor (/Users/mohankalburgi/swaryoga.com-db/swaryoga.com-db/deploy/wa-baileys/node_modules/libsignal/src/queue_job.js:20:29)
Session error:Error: Bad MAC Error: Bad MAC
    at Object.verifyMAC (/Users/mohankalburgi/swaryoga.com-db/swaryoga.com-db/deploy/wa-baileys/node_modules/libsignal/src/crypto.js:87:15)
    at SessionCipher.doDecryptWhisperMessage (/Users/mohankalburgi/swaryoga.com-db/swaryoga.com-db/deploy/wa-baileys/node_modules/libsignal/src/session_cipher.js:250:16)
    at process.processTicksAndRejections (node:internal/process/task_queues:103:5)
    at async SessionCipher.decryptWithSessions (/Users/mohankalburgi/swaryoga.com-db/swaryoga.com-db/deploy/wa-baileys/node_modules/libsignal/src/session_cipher.js:147:29)
    at async 1606351380725.65 [as awaitable] (/Users/mohankalburgi/swaryoga.com-db/swaryoga.com-db/deploy/wa-baileys/node_modules/libsignal/src/session_cipher.js:171:28)
    at async _asyncQueueExecutor (/Users/mohankalburgi/swaryoga.com-db/swaryoga.com-db/deploy/wa-baileys/node_modules/libsignal/src/queue_job.js:20:29)
Session error:Error: Bad MAC Error: Bad MAC
    at Object.verifyMAC (/Users/mohankalburgi/swaryoga.com-db/swaryoga.com-db/deploy/wa-baileys/node_modules/libsignal/src/crypto.js:87:15)
    at SessionCipher.doDecryptWhisperMessage (/Users/mohankalburgi/swaryoga.com-db/swaryoga.com-db/deploy/wa-baileys/node_modules/libsignal/src/session_cipher.js:250:16)
    at process.processTicksAndRejections (node:internal/process/task_queues:103:5)
    at async SessionCipher.decryptWithSessions (/Users/mohankalburgi/swaryoga.com-db/swaryoga.com-db/deploy/wa-baileys/node_modules/libsignal/src/session_cipher.js:147:29)
    at async 1606351380725.65 [as awaitable] (/Users/mohankalburgi/swaryoga.com-db/swaryoga.com-db/deploy/wa-baileys/node_modules/libsignal/src/session_cipher.js:171:28)
    at async _asyncQueueExecutor (/Users/mohankalburgi/swaryoga.com-db/swaryoga.com-db/deploy/wa-baileys/node_modules/libsignal/src/queue_job.js:20:29)
Session error:Error: Bad MAC Error: Bad MAC
    at Object.verifyMAC (/Users/mohankalburgi/swaryoga.com-db/swaryoga.com-db/deploy/wa-baileys/node_modules/libsignal/src/crypto.js:87:15)
    at SessionCipher.doDecryptWhisperMessage (/Users/mohankalburgi/swaryoga.com-db/swaryoga.com-db/deploy/wa-baileys/node_modules/libsignal/src/session_cipher.js:250:16)
    at process.processTicksAndRejections (node:internal/process/task_queues:103:5)
    at async SessionCipher.decryptWithSessions (/Users/mohankalburgi/swaryoga.com-db/swaryoga.com-db/deploy/wa-baileys/node_modules/libsignal/src/session_cipher.js:147:29)
    at async 1606351380725.65 [as awaitable] (/Users/mohankalburgi/swaryoga.com-db/swaryoga.com-db/deploy/wa-baileys/node_modules/libsignal/src/session_cipher.js:171:28)
    at async _asyncQueueExecutor (/Users/mohankalburgi/swaryoga.com-db/swaryoga.com-db/deploy/wa-baileys/node_modules/libsignal/src/queue_job.js:20:29)
Session error:Error: Bad MAC Error: Bad MAC
    at Object.verifyMAC (/Users/mohankalburgi/swaryoga.com-db/swaryoga.com-db/deploy/wa-baileys/node_modules/libsignal/src/crypto.js:87:15)
    at SessionCipher.doDecryptWhisperMessage (/Users/mohankalburgi/swaryoga.com-db/swaryoga.com-db/deploy/wa-baileys/node_modules/libsignal/src/session_cipher.js:250:16)
    at process.processTicksAndRejections (node:internal/process/task_queues:103:5)
    at async SessionCipher.decryptWithSessions (/Users/mohankalburgi/swaryoga.com-db/swaryoga.com-db/deploy/wa-baileys/node_modules/libsignal/src/session_cipher.js:147:29)
    at async 1606351380725.65 [as awaitable] (/Users/mohankalburgi/swaryoga.com-db/swaryoga.com-db/deploy/wa-baileys/node_modules/libsignal/src/session_cipher.js:171:28)
    at async _asyncQueueExecutor (/Users/mohankalburgi/swaryoga.com-db/swaryoga.com-db/deploy/wa-baileys/node_modules/libsignal/src/queue_job.js:20:29)
{"level":50,"time":1772720166701,"pid":45016,"hostname":"Mohans-iMac.local","key":{"remoteJid":"158381297897656@lid","fromMe":true,"id":"3EB082549265E29418C1AB"},"err":{"type":"SessionError","message":"No matching sessions found for message","stack":"SessionError: No matching sessions found for message\n    at SessionCipher.decryptWithSessions (/Users/mohankalburgi/swaryoga.com-db/swaryoga.com-db/deploy/wa-baileys/node_modules/libsignal/src/session_cipher.js:161:15)\n    at process.processTicksAndRejections (node:internal/process/task_queues:103:5)\n    at async 1606351380725.65 [as awaitable] (/Users/mohankalburgi/swaryoga.com-db/swaryoga.com-db/deploy/wa-baileys/node_modules/libsignal/src/session_cipher.js:171:28)\n    at async _asyncQueueExecutor (/Users/mohankalburgi/swaryoga.com-db/swaryoga.com-db/deploy/wa-baileys/node_modules/libsignal/src/queue_job.js:20:29)","name":"SessionError"},"msg":"failed to decrypt message"}
[MSG] Skipping unhandled message type from 158381297897656@lid: 
Closing open session in favor of incoming prekey bundle
Closing session: SessionEntry {
  _chains: {
    BddmyF8FonNV0Qsu9jTMIANJbXsS1rsUv6G0y39jpZlZ: { chainKey: [Object], chainType: 2, messageKeys: {} },
    'BZrU3L/xtDIJ5pByOGJiZbGDOouWTcckMMWug7A5Pcd2': { chainKey: [Object], chainType: 1, messageKeys: {} }
  },
  registrationId: 2919,
  currentRatchet: {
    ephemeralKeyPair: {
      pubKey: <Buffer 05 9a d4 dc bf f1 b4 32 09 e6 90 72 38 62 62 65 b1 83 3a 8b 96 4d c7 24 30 c5 ae 83 b0 39 3d c7 76>,
      privKey: <Buffer f0 83 71 05 ff 50 eb 8a 57 fd 83 30 20 6f 47 83 94 4a e1 be 4d 4f d9 4a d5 0b 53 06 fe 5b ce 4e>
    },
    lastRemoteEphemeralKey: <Buffer 05 d7 66 c8 5f 05 a2 73 55 d1 0b 2e f6 34 cc 20 03 49 6d 7b 12 d6 bb 14 bf a1 b4 cb 7f 63 a5 99 59>,
    previousCounter: 0,
    rootKey: <Buffer e6 26 52 b6 13 fe b7 b7 52 9a 96 ca ac 9c 60 eb 0f fb 03 46 97 dd 75 65 3d d9 2c ea fb dc ff c5>
  },
  indexInfo: {
    baseKey: <Buffer 05 5b 3b 8f f1 23 75 7f aa 34 56 0a a3 bf a2 44 66 af eb f4 c8 35 e0 1d 30 16 a7 11 a5 4f 47 dc 15>,
    baseKeyType: 2,
    closed: -1,
    used: 1772713936680,
    created: 1772713936680,
    remoteIdentityKey: <Buffer 05 40 54 a5 05 5c 3e 21 ff 57 f6 f9 fa c5 89 45 dc 15 30 13 18 cd c8 bd eb 33 9a e4 02 75 93 bb 38>
  }
}
[MSG] → 158381297897656@lid: thank you sending some videos
[WEBHOOK] ✅ Forwarded message to CRM
[MSG] → 158381297897656@lid: https://youtu.be/_sVjfPam0SM
[MSG] → 158381297897656@lid: https://youtu.be/fxA5CjzgHQA
[MSG] → 158381297897656@lid: https://youtu.be/_EWOgcAc8GA
[WEBHOOK] ✅ Forwarded message to CRM
[WEBHOOK] ✅ Forwarded message to CRM
[WEBHOOK] ✅ Forwarded message to CRM
[LID-RESOLVE] Attempting to resolve 12 LID contacts...
[LID-RESOLVE] Map now has 36 entries
[LID-RESOLVE] Attempting to resolve 12 LID contacts...
[LID-RESOLVE] Map now has 36 entries
[MSG] → 158381297897656@lid: thank you sending some videos
[WEBHOOK] ✅ Forwarded message to CRM
[LID-MAP] 158381297897656 → 9779857048500
[MSG] ← 158381297897656@lid: Hello! I filled out your form and would like to know more ab
[WEBHOOK] ✅ Forwarded message to CRM
[LID-RESOLVE] Attempting to resolve 12 LID contacts...
[LID-RESOLVE] Map now has 36 entries
[LID-RESOLVE] Attempting to resolve 12 LID contacts...
[LID-RESOLVE] Map now has 36 entries
[LID-RESOLVE] Attempting to resolve 12 LID contacts...
[LID-RESOLVE] Map now has 36 entries
[LID-RESOLVE] Attempting to resolve 12 LID contacts...
[LID-RESOLVE] Map now has 36 entries
[LID-RESOLVE] Attempting to resolve 12 LID contacts...
[LID-RESOLVE] Map now has 36 entries
[LID-RESOLVE] Attempting to resolve 12 LID contacts...
[LID-RESOLVE] Map now has 36 entries
[LID-RESOLVE] Attempting to resolve 12 LID contacts...
[LID-RESOLVE] Map now has 36 entries
[LID-RESOLVE] Attempting to resolve 12 LID contacts...
[LID-RESOLVE] Map now has 36 entries
[LID-RESOLVE] Attempting to resolve 12 LID contacts...
[LID-RESOLVE] Map now has 36 entries
[LID-RESOLVE] Attempting to resolve 12 LID contacts...
[LID-RESOLVE] Map now has 36 entries
[LID-RESOLVE] Attempting to resolve 12 LID contacts...
[LID-RESOLVE] Map now has 36 entries
[LID-RESOLVE] Attempting to resolve 12 LID contacts...
[LID-RESOLVE] Map now has 36 entries
[LID-RESOLVE] Attempting to resolve 12 LID contacts...
[LID-RESOLVE] Map now has 36 entries
[LID-RESOLVE] Attempting to resolve 12 LID contacts...
[LID-RESOLVE] Map now has 36 entries
[LID-RESOLVE] Attempting to resolve 12 LID contacts...
[LID-RESOLVE] Map now has 36 entries
[LID-RESOLVE] Attempting to resolve 12 LID contacts...
[LID-RESOLVE] Map now has 36 entries
[LID-RESOLVE] Attempting to resolve 12 LID contacts...
[LID-RESOLVE] Map now has 36 entries
{"level":50,"time":1772720818734,"pid":45016,"hostname":"Mohans-iMac.local","key":{"remoteJid":"918767574117@s.whatsapp.net","fromMe":false,"id":"3A1D82951D9EA93C8272","senderLid":"165244655648775@lid"},"err":{"type":"PreKeyError","message":"Invalid PreKey ID","stack":"PreKeyError: Invalid PreKey ID\n    at SessionBuilder.initIncoming (/Users/mohankalburgi/swaryoga.com-db/swaryoga.com-db/deploy/wa-baileys/node_modules/libsignal/src/session_builder.js:66:19)\n    at process.processTicksAndRejections (node:internal/process/task_queues:103:5)\n    at async 918767574117.0 [as awaitable] (/Users/mohankalburgi/swaryoga.com-db/swaryoga.com-db/deploy/wa-baileys/node_modules/libsignal/src/session_cipher.js:205:30)\n    at async _asyncQueueExecutor (/Users/mohankalburgi/swaryoga.com-db/swaryoga.com-db/deploy/wa-baileys/node_modules/libsignal/src/queue_job.js:20:29)","name":"PreKeyError"},"msg":"failed to decrypt message"}
[MSG] Skipping unhandled message type from 918767574117@s.whatsapp.net: 
{"level":50,"time":1772720824288,"pid":45016,"hostname":"Mohans-iMac.local","key":{"remoteJid":"918767574117@s.whatsapp.net","fromMe":false,"id":"3A1D82951D9EA93C8272","senderLid":"165244655648775@lid"},"err":{"type":"PreKeyError","message":"Invalid PreKey ID","stack":"PreKeyError: Invalid PreKey ID\n    at SessionBuilder.initIncoming (/Users/mohankalburgi/swaryoga.com-db/swaryoga.com-db/deploy/wa-baileys/node_modules/libsignal/src/session_builder.js:66:19)\n    at process.processTicksAndRejections (node:internal/process/task_queues:103:5)\n    at async 918767574117.0 [as awaitable] (/Users/mohankalburgi/swaryoga.com-db/swaryoga.com-db/deploy/wa-baileys/node_modules/libsignal/src/session_cipher.js:205:30)\n    at async _asyncQueueExecutor (/Users/mohankalburgi/swaryoga.com-db/swaryoga.com-db/deploy/wa-baileys/node_modules/libsignal/src/queue_job.js:20:29)","name":"PreKeyError"},"msg":"failed to decrypt message"}
[MSG] Skipping unhandled message type from 918767574117@s.whatsapp.net: 
{"level":50,"time":1772720824810,"pid":45016,"hostname":"Mohans-iMac.local","key":{"remoteJid":"918767574117@s.whatsapp.net","fromMe":false,"id":"3A1D82951D9EA93C8272","senderLid":"165244655648775@lid"},"err":{"type":"PreKeyError","message":"Invalid PreKey ID","stack":"PreKeyError: Invalid PreKey ID\n    at SessionBuilder.initIncoming (/Users/mohankalburgi/swaryoga.com-db/swaryoga.com-db/deploy/wa-baileys/node_modules/libsignal/src/session_builder.js:66:19)\n    at process.processTicksAndRejections (node:internal/process/task_queues:103:5)\n    at async 918767574117.0 [as awaitable] (/Users/mohankalburgi/swaryoga.com-db/swaryoga.com-db/deploy/wa-baileys/node_modules/libsignal/src/session_cipher.js:205:30)\n    at async _asyncQueueExecutor (/Users/mohankalburgi/swaryoga.com-db/swaryoga.com-db/deploy/wa-baileys/node_modules/libsignal/src/queue_job.js:20:29)","name":"PreKeyError"},"msg":"failed to decrypt message"}
[MSG] Skipping unhandled message type from 918767574117@s.whatsapp.net: 
[MSG] ← 918767574117@s.whatsapp.net: Haan Pinterest
[WEBHOOK] Failed (500): {
  success: false,
  error: 'WhatsAppMessage validation failed: sentAt: Cast to date failed for value "Invalid Date" (type Date) at path "sentAt"',
  code: 'SERVER_ERROR',
  timestamp: '2026-03-05T14:27:05.591Z'
}
[MSG] ← 918767574117@s.whatsapp.net: Haan Pinterest
[WEBHOOK] ✅ Forwarded message to CRM
[LID-RESOLVE] Attempting to resolve 12 LID contacts...
[LID-RESOLVE] Map now has 36 entries
[LID-RESOLVE] Attempting to resolve 12 LID contacts...
[LID-RESOLVE] Map now has 36 entries
[LID-RESOLVE] Attempting to resolve 12 LID contacts...
[LID-RESOLVE] Map now has 36 entries
[LID-RESOLVE] Attempting to resolve 12 LID contacts...
[LID-RESOLVE] Map now has 36 entries
[LID-RESOLVE] Attempting to resolve 12 LID contacts...
[LID-RESOLVE] Map now has 36 entries
[LID-RESOLVE] Attempting to resolve 12 LID contacts...
[LID-RESOLVE] Map now has 36 entries
[LID-RESOLVE] Attempting to resolve 12 LID contacts...
[LID-RESOLVE] Map now has 36 entries
[LID-RESOLVE] Attempting to resolve 12 LID contacts...
[LID-RESOLVE] Map now has 36 entries
[LID-RESOLVE] Attempting to resolve 12 LID contacts...
[LID-RESOLVE] Map now has 36 entries
[LID-RESOLVE] Attempting to resolve 12 LID contacts...
[LID-RESOLVE] Map now has 36 entries
[LID-RESOLVE] Attempting to resolve 12 LID contacts...
[LID-RESOLVE] Map now has 36 entries
[LID-MAP] 183670015017156 → 919717858590
[LID-RESOLVE] Attempting to resolve 12 LID contacts...
[LID-RESOLVE] Map now has 38 entries
[LID-RESOLVE] Attempting to resolve 12 LID contacts...
[LID-RESOLVE] Map now has 38 entries
[LID-RESOLVE] Attempting to resolve 12 LID contacts...
[LID-RESOLVE] Map now has 38 entries
[LID-RESOLVE] Attempting to resolve 12 LID contacts...
[LID-RESOLVE] Map now has 38 entries
[LID-RESOLVE] Attempting to resolve 12 LID contacts...
[LID-RESOLVE] Map now has 38 entries
[LID-RESOLVE] Attempting to resolve 12 LID contacts...
[LID-RESOLVE] Map now has 38 entries
[LID-RESOLVE] Attempting to resolve 12 LID contacts...
[LID-RESOLVE] Map now has 38 entries
[LID-RESOLVE] Attempting to resolve 12 LID contacts...
[LID-RESOLVE] Map now has 38 entries
[LID-RESOLVE] Attempting to resolve 12 LID contacts...
[LID-RESOLVE] Map now has 38 entries
[LID-RESOLVE] Attempting to resolve 12 LID contacts...
[LID-RESOLVE] Map now has 38 entries
[LID-RESOLVE] Attempting to resolve 12 LID contacts...
[LID-RESOLVE] Map now has 38 entries
[LID-RESOLVE] Attempting to resolve 12 LID contacts...
[LID-RESOLVE] Map now has 38 entries
[LID-RESOLVE] Attempting to resolve 12 LID contacts...
[LID-RESOLVE] Map now has 38 entries
[LID-RESOLVE] Attempting to resolve 12 LID contacts...
[LID-RESOLVE] Map now has 38 entries
[LID-RESOLVE] Attempting to resolve 12 LID contacts...
[LID-RESOLVE] Map now has 38 entries
[LID-RESOLVE] Attempting to resolve 12 LID contacts...
[LID-RESOLVE] Map now has 38 entries
[LID-RESOLVE] Attempting to resolve 12 LID contacts...
[LID-RESOLVE] Map now has 38 entries
[LID-RESOLVE] Attempting to resolve 12 LID contacts...
[LID-RESOLVE] Map now has 38 entries
[LID-MAP] 156169389789388 → 919511295679
[MSG] ← 919511295679-1607956481@g.us: [image]
[WEBHOOK] ✅ Forwarded message to CRM
[LID-MAP] 156169389789388 → 919511295679
[MSG] ← 919511295679-1607956481@g.us: [image]
[WEBHOOK] ✅ Forwarded message to CRM
[LID-RESOLVE] Attempting to resolve 12 LID contacts...
[LID-RESOLVE] Map now has 40 entries
[LID-RESOLVE] Attempting to resolve 12 LID contacts...
[LID-RESOLVE] Map now has 40 entries
[LID-RESOLVE] Attempting to resolve 12 LID contacts...
[LID-RESOLVE] Map now has 40 entries
[LID-RESOLVE] Attempting to resolve 12 LID contacts...
[LID-RESOLVE] Map now has 40 entries
[LID-RESOLVE] Attempting to resolve 12 LID contacts...
[LID-RESOLVE] Map now has 40 entries
[LID-RESOLVE] Attempting to resolve 12 LID contacts...
[LID-RESOLVE] Map now has 40 entries
[LID-RESOLVE] Attempting to resolve 12 LID contacts...
[LID-RESOLVE] Map now has 40 entries
[LID-RESOLVE] Attempting to resolve 12 LID contacts...
[LID-RESOLVE] Map now has 40 entries
[SEND] ✅ Media sent to 918767574117@s.whatsapp.net
Closing session: SessionEntry {
  _chains: {
    'BVy/QqkJ1EZ7Vif+gz/s4UiJdzDT2F1wTBQXMlL4WbVq': { chainKey: [Object], chainType: 2, messageKeys: {} },
    'BRp/TbDt+Bui5r0NkrxmBgUXkUjmePpgUKkRNzJBF/wp': { chainKey: [Object], chainType: 1, messageKeys: {} }
  },
  registrationId: 2919,
  currentRatchet: {
    ephemeralKeyPair: {
      pubKey: <Buffer 05 1a 7f 4d b0 ed f8 1b a2 e6 bd 0d 92 bc 66 06 05 17 91 48 e6 78 fa 60 50 a9 11 37 32 41 17 fc 29>,
      privKey: <Buffer b0 30 2a ce fa 8e 7a 44 e0 34 e5 e2 16 a0 b7 ff 56 f7 d1 b0 8d 25 a4 56 c0 98 04 7a 7f ca 61 78>
    },
    lastRemoteEphemeralKey: <Buffer 05 5c bf 42 a9 09 d4 46 7b 56 27 fe 83 3f ec e1 48 89 77 30 d3 d8 5d 70 4c 14 17 32 52 f8 59 b5 6a>,
    previousCounter: 1,
    rootKey: <Buffer f4 00 8a 18 d8 77 2a 96 e3 ec a0 ae 58 9b 4f 18 d8 50 e2 d0 45 68 77 f7 f0 49 95 53 14 44 1f 8e>
  },
  indexInfo: {
    baseKey: <Buffer 05 a6 61 3a e3 77 dc a0 24 48 88 c3 92 15 e2 76 23 cb 8a 37 c5 b0 46 00 79 6c 94 29 1a 29 59 44 2c>,
    baseKeyType: 1,
    closed: -1,
    used: 1772720140865,
    created: 1772717878608,
    remoteIdentityKey: <Buffer 05 40 54 a5 05 5c 3e 21 ff 57 f6 f9 fa c5 89 45 dc 15 30 13 18 cd c8 bd eb 33 9a e4 02 75 93 bb 38>
  }
}
[LID-RESOLVE] Attempting to resolve 12 LID contacts...
[LID-RESOLVE] Map now has 40 entries
[LID-RESOLVE] Attempting to resolve 12 LID contacts...
[LID-RESOLVE] Map now has 40 entries
[LID-RESOLVE] Attempting to resolve 12 LID contacts...
[LID-RESOLVE] Map now has 40 entries
[LID-MAP] 156169389789388 → 919511295679
[MSG] ← 919511295679-1607956481@g.us: [video]
[WEBHOOK] ✅ Forwarded message to CRM
[LID-RESOLVE] Attempting to resolve 12 LID contacts...
[LID-RESOLVE] Map now has 40 entries
[LID-RESOLVE] Attempting to resolve 12 LID contacts...
[LID-RESOLVE] Map now has 40 entries
[LID-MAP] 56925563703541 → 919003273391
[LID-RESOLVE] Attempting to resolve 12 LID contacts...
[LID-RESOLVE] Map now has 42 entries
[LID-RESOLVE] Attempting to resolve 12 LID contacts...
[LID-RESOLVE] Map now has 42 entries
[LID-RESOLVE] Attempting to resolve 12 LID contacts...
[LID-RESOLVE] Map now has 42 entries
[LID-RESOLVE] Attempting to resolve 12 LID contacts...
[LID-RESOLVE] Map now has 42 entries
[LID-RESOLVE] Attempting to resolve 12 LID contacts...
[LID-RESOLVE] Map now has 42 entries
{"level":50,"time":1772723181476,"pid":45016,"hostname":"Mohans-iMac.local","node":{"tag":"stream:error","attrs":{},"content":[{"tag":"ack","attrs":{"class":"message","type":"text","id":"3EB082549265E29418C1AB"}}]},"msg":"stream errored out"}
[DISCONNECTED] Status: 500, intentional: false
[RECONNECT] Attempt 1/50 in 2000ms
[AUTH] Using MongoDB-backed auth state
[BAILEYS] Starting v2.3000.1033846690
{"level":50,"time":1772723184870,"pid":45016,"hostname":"Mohans-iMac.local","key":{"remoteJid":"158381297897656@lid","fromMe":true,"id":"3EB082549265E29418C1AB"},"err":{"type":"MessageCounterError","message":"Key used already or never filled","stack":"MessageCounterError: Key used already or never filled\n    at SessionCipher.doDecryptWhisperMessage (/Users/mohankalburgi/swaryoga.com-db/swaryoga.com-db/deploy/wa-baileys/node_modules/libsignal/src/session_cipher.js:236:19)\n    at 1606351380725.65 [as awaitable] (/Users/mohankalburgi/swaryoga.com-db/swaryoga.com-db/deploy/wa-baileys/node_modules/libsignal/src/session_cipher.js:207:42)\n    at process.processTicksAndRejections (node:internal/process/task_queues:103:5)\n    at async _asyncQueueExecutor (/Users/mohankalburgi/swaryoga.com-db/swaryoga.com-db/deploy/wa-baileys/node_modules/libsignal/src/queue_job.js:20:29)","name":"MessageCounterError"},"msg":"failed to decrypt message"}
[CONNECTED] WhatsApp connected as: 919309986820:74@s.whatsapp.net Swar Yoga
{"level":50,"time":1772723185785,"pid":45016,"hostname":"Mohans-iMac.local","key":{"remoteJid":"158381297897656@lid","fromMe":true,"id":"3EB0E0C7CB085ECEE3C00C"},"err":{"type":"MessageCounterError","message":"Key used already or never filled","stack":"MessageCounterError: Key used already or never filled\n    at SessionCipher.doDecryptWhisperMessage (/Users/mohankalburgi/swaryoga.com-db/swaryoga.com-db/deploy/wa-baileys/node_modules/libsignal/src/session_cipher.js:236:19)\n    at 1606351380725.65 [as awaitable] (/Users/mohankalburgi/swaryoga.com-db/swaryoga.com-db/deploy/wa-baileys/node_modules/libsignal/src/session_cipher.js:207:42)\n    at process.processTicksAndRejections (node:internal/process/task_queues:103:5)\n    at async _asyncQueueExecutor (/Users/mohankalburgi/swaryoga.com-db/swaryoga.com-db/deploy/wa-baileys/node_modules/libsignal/src/queue_job.js:20:29)","name":"MessageCounterError"},"msg":"failed to decrypt message"}
{"level":50,"time":1772723185786,"pid":45016,"hostname":"Mohans-iMac.local","key":{"remoteJid":"158381297897656@lid","fromMe":true,"id":"3EB08006AFFEA452808EA6"},"err":{"type":"MessageCounterError","message":"Key used already or never filled","stack":"MessageCounterError: Key used already or never filled\n    at SessionCipher.doDecryptWhisperMessage (/Users/mohankalburgi/swaryoga.com-db/swaryoga.com-db/deploy/wa-baileys/node_modules/libsignal/src/session_cipher.js:236:19)\n    at 1606351380725.65 [as awaitable] (/Users/mohankalburgi/swaryoga.com-db/swaryoga.com-db/deploy/wa-baileys/node_modules/libsignal/src/session_cipher.js:207:42)\n    at async _asyncQueueExecutor (/Users/mohankalburgi/swaryoga.com-db/swaryoga.com-db/deploy/wa-baileys/node_modules/libsignal/src/queue_job.js:20:29)","name":"MessageCounterError"},"msg":"failed to decrypt message"}
{"level":50,"time":1772723185786,"pid":45016,"hostname":"Mohans-iMac.local","key":{"remoteJid":"158381297897656@lid","fromMe":true,"id":"3EB0F231D3FFB98A035340"},"err":{"type":"MessageCounterError","message":"Key used already or never filled","stack":"MessageCounterError: Key used already or never filled\n    at SessionCipher.doDecryptWhisperMessage (/Users/mohankalburgi/swaryoga.com-db/swaryoga.com-db/deploy/wa-baileys/node_modules/libsignal/src/session_cipher.js:236:19)\n    at 1606351380725.65 [as awaitable] (/Users/mohankalburgi/swaryoga.com-db/swaryoga.com-db/deploy/wa-baileys/node_modules/libsignal/src/session_cipher.js:207:42)\n    at async _asyncQueueExecutor (/Users/mohankalburgi/swaryoga.com-db/swaryoga.com-db/deploy/wa-baileys/node_modules/libsignal/src/queue_job.js:20:29)","name":"MessageCounterError"},"msg":"failed to decrypt message"}
[GROUPS] Prefetched 273 group names
[LID-RESOLVE-DB] Found 12 unresolved LID contacts, querying DB...
[LID-RESOLVE-DB] Found 114 unique phone numbers in DB
[LID-MAP] 45101569028331 → 917875877083
[LID-MAP] 73628775387137 → 917766841117
[LID-MAP] 145994545103008 → 917738093173
[LID-MAP] 275449221521484 → 917588040535
[LID-MAP] 167297650040911 → 917428375992
[LID-MAP] 276626076086489 → 917217674566
[LID-MAP] 247587768688773 → 917000789090
[LID-MAP] 266494382481478 → 23058287667
[LID-MAP] 89575905038462 → 918968545566
[LID-MAP] 170312700284988 → 918962400660
[LID-MAP] 187389624459383 → 918920112808
[LID-MAP] 133719612465382 → 918888889078
[LID-MAP] 165244655648775 → 918767574117
[LID-MAP] 111867070537746 → 918765432100
[LID-MAP] 17811330060419 → 918668771411
[LID-MAP] 19761161347137 → 918511669921
[LID-MAP] 67744686952493 → 918427616270
[LID-MAP] 254129087742107 → 918308886918
[LID-MAP] 158355611992084 → 918275281029
[LID-MAP] 230098594713709 → 918223899969
[LID-MAP] 190202660306996 → 918180898066
[LID-MAP] 190185832714267 → 918149549354
[LID-MAP] 186689410596935 → 918149238319
[LID-MAP] 155151516098776 → 918130910321
[LID-MAP] 187746559766560 → 917999774008
[LID-MAP] 162336895688852 → 917891119495
[LID-MAP] 104032781742301 → 919423784888
[LID-MAP] 211385556439229 → 919422880177
[LID-MAP] 232112967930011 → 919414888892
[LID-MAP] 128729380597926 → 919410838239
[LID-MAP] 232641383129333 → 919376770333
[LID-MAP] 262280868589677 → 919368675024
[LID-MAP] 70102540095695 → 919362802237
[LID-MAP] 57599990968399 → 919322331757
[LID-MAP] 1606351380725 → 919309986820
[LID-MAP] 38379962023988 → 919172552833
[LID-MAP] 173611587477549 → 919136052699
[LID-MAP] 249297601839190 → 919130692255
[LID-MAP] 79864933654620 → 919099874959
[LID-MAP] 75265074004185 → 919090030345
[LID-MAP] 258038028099636 → 919075358557
[LID-MAP] 29935938859035 → 919049855593
[LID-MAP] 190241314971715 → 919024212652
[LID-MAP] 38779477823516 → 919019239946
[LID-MAP] 117519029371104 → 918968562430
[LID-MAP] 222393977061438 → 919779006820
[LID-MAP] 88605242482907 → 919754197540
[LID-MAP] 171253499465846 → 919726995317
[LID-MAP] 17179936342079 → 919720702527
[LID-MAP] 148442777170135 → 919717423622
[LID-MAP] 105561857196224 → 919654425155
[LID-MAP] 281140153860183 → 919599010835
[LID-MAP] 220009833975886 → 919594599018
[LID-MAP] 181638612947005 → 919582228584
[LID-MAP] 5682912882894 → 919575550996
[LID-MAP] 126388355002411 → 919566020382
[LID-MAP] 20272312770769 → 919561694725
[LID-MAP] 156684785848334 → 919466060709
[LID-MAP] 152351331627083 → 919464900040
[LID-MAP] 166923987902630 → 919462241858
[LID-MAP] 281002698088464 → 919452808052
[LID-MAP] 128604977516598 → 919433995391
[LID-MAP] 17570778366097 → 919425094923
[LID-MAP] 107232498827380 → 919424077785
[LID-MAP] 263552245993638 → 919899087023
[LID-MAP] 164429165518911 → 919898120131
[LID-MAP] 1481914765346 → 919896291141
[LID-MAP] 248455452688503 → 919893626018
[LID-MAP] 162083509379155 → 919890285430
[LID-MAP] 68947663650947 → 919889228332
[LID-MAP] 186896156205308 → 919876543210
[LID-MAP] 161344825385105 → 919870249397
[LID-MAP] 53206440747052 → 919837017711
[LID-MAP] 214207249264746 → 919829159000
[LID-MAP] 211737726951459 → 919826423918
[LID-MAP] 81583004467411 → 919825677256
[LID-MAP] 148116342857770 → 919822726464
[LID-MAP] 62444680569007 → 919822482682
[LID-MAP] 169475248771289 → 919820579665
[LID-MAP] 205823523451032 → 919816028936
[LID-MAP] 105995950882884 → 919814080708
[LID-MAP] 174410132680803 → 919811259585
[LID-MAP] 141519189205105 → 919810540547
[LID-MAP] 158381297897656 → 9779857048500
[LID-MAP] 95318326702230 → 9779803036014
[LID-MAP] 277369122201725 → 919999533629
[LID-MAP] 135746786750514 → 919990626618
[LID-MAP] 281208839737594 → 919982533322
[LID-MAP] 222475178786987 → 919982043017
[LID-MAP] 190323070345240 → 919957575069
[LID-MAP] 202902996029640 → 919930923365
[LID-MAP] 108198933573711 → 919927459437
[LID-MAP] 24142111867101 → 919927096178
[LID-MAP] 120821842452555 → 919924410217
[LID-MAP] 53064505503999 → 919923536357
[LID-MAP] 44684873306254 → 919913073355
[LID-MAP] 108886145130496 → 919909017587
[LID-RESOLVE-DB] ✅ Resolved 97 phone→LID mappings (total map: 200)
[LID-RESOLVE-DB] ✅ Updated 7 chat entries with phone numbers
[LID-RESOLVE] Attempting to resolve 12 LID contacts...
[LID-RESOLVE] Map now has 200 entries
{"level":40,"time":1772723204860,"pid":45016,"hostname":"Mohans-iMac.local","msg":"Timeout in AwaitingInitialSync, forcing state to Online and flushing buffer"}
[LID-RESOLVE] Attempting to resolve 12 LID contacts...
[LID-RESOLVE] Map now has 200 entries
[LID-RESOLVE] Attempting to resolve 12 LID contacts...
[LID-RESOLVE] Map now has 200 entries
[LID-RESOLVE] Attempting to resolve 12 LID contacts...
[LID-RESOLVE] Map now has 200 entries
[LID-RESOLVE] Attempting to resolve 12 LID contacts...
[LID-RESOLVE] Map now has 200 entries
[LID-RESOLVE] Attempting to resolve 12 LID contacts...
[LID-RESOLVE] Map now has 200 entries
[LID-RESOLVE] Attempting to resolve 12 LID contacts...
[LID-RESOLVE] Map now has 200 entries
[LID-RESOLVE] Attempting to resolve 12 LID contacts...
[LID-RESOLVE] Map now has 200 entries
[LID-RESOLVE] Attempting to resolve 12 LID contacts...
[LID-RESOLVE] Map now has 200 entries
[LID-RESOLVE] Attempting to resolve 12 LID contacts...
[LID-RESOLVE] Map now has 200 entries
[LID-RESOLVE] Attempting to resolve 12 LID contacts...
[LID-RESOLVE] Map now has 200 entries
[LID-RESOLVE] Attempting to resolve 12 LID contacts...
[LID-RESOLVE] Map now has 200 entries
[LID-RESOLVE] Attempting to resolve 12 LID contacts...
[LID-RESOLVE] Map now has 200 entries
[LID-RESOLVE] Attempting to resolve 12 LID contacts...
[LID-RESOLVE] Map now has 200 entries
[LID-RESOLVE] Attempting to resolve 12 LID contacts...
[LID-RESOLVE] Map now has 200 entries
[LID-RESOLVE] Attempting to resolve 12 LID contacts...
[LID-RESOLVE] Map now has 200 entries
[LID-RESOLVE] Attempting to resolve 12 LID contacts...
[LID-RESOLVE] Map now has 200 entries
[LID-RESOLVE] Attempting to resolve 12 LID contacts...
[LID-RESOLVE] Map now has 200 entries
[LID-RESOLVE] Attempting to resolve 12 LID contacts...
[LID-RESOLVE] Map now has 200 entries
[LID-RESOLVE] Attempting to resolve 12 LID contacts...
[LID-RESOLVE] Map now has 200 entries
[LID-MAP] 26233794506810 → 9779846009636
[MSG] Skipping unhandled message type from 26233794506810@lid: 
[MSG] ← 26233794506810@lid: Hello! I filled out your form and would like to know more ab
[WEBHOOK] Failed (500): {
  success: false,
  error: 'WhatsAppMessage validation failed: sentAt: Cast to date failed for value "Invalid Date" (type Date) at path "sentAt"',
  code: 'SERVER_ERROR',
  timestamp: '2026-03-05T15:26:28.042Z'
}
[LID-RESOLVE] Attempting to resolve 12 LID contacts...
[LID-RESOLVE] Map now has 202 entries
[LID-RESOLVE] Attempting to resolve 12 LID contacts...
[LID-RESOLVE] Map now has 202 entries
[LID-RESOLVE] Attempting to resolve 12 LID contacts...
[LID-RESOLVE] Map now has 202 entries
[LID-RESOLVE] Attempting to resolve 12 LID contacts...
[LID-RESOLVE] Map now has 202 entries
[LID-RESOLVE] Attempting to resolve 12 LID contacts...
[LID-RESOLVE] Map now has 202 entries
[LID-RESOLVE] Attempting to resolve 12 LID contacts...
[LID-RESOLVE] Map now has 202 entries
[LID-RESOLVE] Attempting to resolve 12 LID contacts...
[LID-RESOLVE] Map now has 202 entries
[LID-RESOLVE] Attempting to resolve 12 LID contacts...
[LID-RESOLVE] Map now has 202 entries
[MSG] ← 120363416762619018@g.us: https://swaryoga.com/admin/crm
[WEBHOOK] ✅ Forwarded message to CRM
[LID-RESOLVE] Attempting to resolve 12 LID contacts...
[LID-RESOLVE] Map now has 202 entries
[MSG] ← 120363416762619018@g.us: check your id pass is working or not
[WEBHOOK] ✅ Forwarded message to CRM
[LID-RESOLVE] Attempting to resolve 12 LID contacts...
[LID-RESOLVE] Map now has 202 entries
[LID-RESOLVE] Attempting to resolve 12 LID contacts...
[LID-RESOLVE] Map now has 202 entries
[LID-RESOLVE] Attempting to resolve 12 LID contacts...
[LID-RESOLVE] Map now has 202 entries
[LID-RESOLVE] Attempting to resolve 12 LID contacts...
[LID-RESOLVE] Map now has 202 entries
[LID-MAP] 260842020950158 → 919403500209
[LID-RESOLVE] Attempting to resolve 12 LID contacts...
[LID-RESOLVE] Map now has 204 entries
[LID-RESOLVE] Attempting to resolve 12 LID contacts...
[LID-RESOLVE] Map now has 204 entries
[LID-RESOLVE] Attempting to resolve 12 LID contacts...
[LID-RESOLVE] Map now has 204 entries
[LID-RESOLVE] Attempting to resolve 12 LID contacts...
[LID-RESOLVE] Map now has 204 entries
[LID-RESOLVE] Attempting to resolve 12 LID contacts...
[LID-RESOLVE] Map now has 204 entries
[LID-RESOLVE] Attempting to resolve 12 LID contacts...
[LID-RESOLVE] Map now has 204 entries
[LID-RESOLVE] Attempting to resolve 12 LID contacts...
[LID-RESOLVE] Map now has 204 entries
[LID-RESOLVE] Attempting to resolve 12 LID contacts...
[LID-RESOLVE] Map now has 204 entries
[LID-RESOLVE] Attempting to resolve 12 LID contacts...
[LID-RESOLVE] Map now has 204 entries
[LID-RESOLVE] Attempting to resolve 12 LID contacts...
[LID-RESOLVE] Map now has 204 entries
[LID-RESOLVE] Attempting to resolve 12 LID contacts...
[LID-RESOLVE] Map now has 204 entries
[GROUP] Participants modify in 919323184993-1632285481@g.us: 1 members
[LID-RESOLVE] Attempting to resolve 12 LID contacts...
[LID-RESOLVE] Map now has 204 entries
{"level":40,"time":1772725859826,"pid":45016,"hostname":"Mohans-iMac.local","node":{"tag":"notification","attrs":{"from":"919309986820@s.whatsapp.net","type":"mex","id":"20041431","t":"1772725859"},"content":[{"tag":"update","attrs":{"op_name":"NotificationLinkedProfilesUpdatesSideSub"},"content":{"type":"Buffer","data":[123,34,100,97,116,97,34,58,123,34,120,119,97,50,95,110,111,116,105,102,121,95,108,105,110,107,101,100,95,112,114,111,102,105,108,101,115,95,115,105,100,101,95,115,117,98,34,58,123,34,104,97,115,104,34,58,34,56,87,77,80,34,125,125,125]}}]},"msg":"Invalid mex newsletter notification"}
{"level":40,"time":1772725866638,"pid":45016,"hostname":"Mohans-iMac.local","node":{"tag":"notification","attrs":{"from":"919309986820@s.whatsapp.net","type":"mex","id":"1937769739","t":"1772725866"},"content":[{"tag":"update","attrs":{"op_name":"NotificationLinkedProfilesUpdatesSideSub"},"content":{"type":"Buffer","data":[123,34,100,97,116,97,34,58,123,34,120,119,97,50,95,110,111,116,105,102,121,95,108,105,110,107,101,100,95,112,114,111,102,105,108,101,115,95,115,105,100,101,95,115,117,98,34,58,123,34,104,97,115,104,34,58,34,56,87,77,80,34,125,125,125]}}]},"msg":"Invalid mex newsletter notification"}
{"level":40,"time":1772725875576,"pid":45016,"hostname":"Mohans-iMac.local","node":{"tag":"notification","attrs":{"from":"919309986820@s.whatsapp.net","type":"mex","id":"763634246","t":"1772725875"},"content":[{"tag":"update","attrs":{"op_name":"NotificationLinkedProfilesUpdatesSideSub"},"content":{"type":"Buffer","data":[123,34,100,97,116,97,34,58,123,34,120,119,97,50,95,110,111,116,105,102,121,95,108,105,110,107,101,100,95,112,114,111,102,105,108,101,115,95,115,105,100,101,95,115,117,98,34,58,123,34,104,97,115,104,34,58,34,56,87,77,80,34,125,125,125]}}]},"msg":"Invalid mex newsletter notification"}
[LID-RESOLVE] Attempting to resolve 12 LID contacts...
[LID-RESOLVE] Map now has 204 entries
[LID-RESOLVE] Attempting to resolve 12 LID contacts...
[LID-RESOLVE] Map now has 204 entries
[LID-RESOLVE] Attempting to resolve 12 LID contacts...
[LID-RESOLVE] Map now has 204 entries
[LID-RESOLVE] Attempting to resolve 12 LID contacts...
[LID-RESOLVE] Map now has 204 entries
[LID-RESOLVE] Attempting to resolve 12 LID contacts...
[LID-RESOLVE] Map now has 204 entries
[LID-RESOLVE] Attempting to resolve 12 LID contacts...
[LID-RESOLVE] Map now has 204 entries
[LID-RESOLVE] Attempting to resolve 12 LID contacts...
[LID-RESOLVE] Map now has 204 entries
[LID-RESOLVE] Attempting to resolve 12 LID contacts...
[LID-RESOLVE] Map now has 204 entries
[LID-RESOLVE] Attempting to resolve 12 LID contacts...
[LID-RESOLVE] Map now has 204 entries
[LID-RESOLVE] Attempting to resolve 12 LID contacts...
[LID-RESOLVE] Map now has 204 entries
[LID-RESOLVE] Attempting to resolve 12 LID contacts...
[LID-RESOLVE] Map now has 204 entries
[LID-RESOLVE] Attempting to resolve 12 LID contacts...
[LID-RESOLVE] Map now has 204 entries
[LID-RESOLVE] Attempting to resolve 12 LID contacts...
[LID-RESOLVE] Map now has 204 entries
[LID-RESOLVE] Attempting to resolve 12 LID contacts...
[LID-RESOLVE] Map now has 204 entries
[LID-RESOLVE] Attempting to resolve 12 LID contacts...
[LID-RESOLVE] Map now has 204 entries
[LID-RESOLVE] Attempting to resolve 12 LID contacts...
[LID-RESOLVE] Map now has 204 entries
[LID-RESOLVE] Attempting to resolve 12 LID contacts...
[LID-RESOLVE] Map now has 204 entries
{"level":50,"time":1772726916392,"pid":45016,"hostname":"Mohans-iMac.local","node":{"tag":"stream:error","attrs":{},"content":[{"tag":"conflict","attrs":{"type":"replaced"}}]},"msg":"stream errored out"}
[DISCONNECTED] Status: 440, intentional: false
[RECONNECT] Attempt 1/50 in 2000ms
[AUTH] Using MongoDB-backed auth state
[BAILEYS] Starting v2.3000.1033846690
[CONNECTED] WhatsApp connected as: 919309986820:74@s.whatsapp.net Swar Yoga
[GROUPS] Prefetched 273 group names
{"level":50,"time":1772726922566,"pid":45016,"hostname":"Mohans-iMac.local","node":{"tag":"stream:error","attrs":{},"content":[{"tag":"conflict","attrs":{"type":"replaced"}}]},"msg":"stream errored out"}
[DISCONNECTED] Status: 440, intentional: false
[RECONNECT] Attempt 1/50 in 2000ms
[AUTH] Using MongoDB-backed auth state
[BAILEYS] Starting v2.3000.1033846690
[CONNECTED] WhatsApp connected as: 919309986820:74@s.whatsapp.net Swar Yoga
[GROUPS] Prefetched 273 group names
{"level":50,"time":1772726928850,"pid":45016,"hostname":"Mohans-iMac.local","node":{"tag":"stream:error","attrs":{},"content":[{"tag":"conflict","attrs":{"type":"replaced"}}]},"msg":"stream errored out"}
[DISCONNECTED] Status: 440, intentional: false
[RECONNECT] Attempt 1/50 in 2000ms
[AUTH] Using MongoDB-backed auth state
[BAILEYS] Starting v2.3000.1033846690
[CONNECTED] WhatsApp connected as: 919309986820:74@s.whatsapp.net Swar Yoga
[GROUPS] Prefetched 273 group names
{"level":50,"time":1772726935119,"pid":45016,"hostname":"Mohans-iMac.local","node":{"tag":"stream:error","attrs":{},"content":[{"tag":"conflict","attrs":{"type":"replaced"}}]},"msg":"stream errored out"}
[DISCONNECTED] Status: 440, intentional: false
[RECONNECT] Attempt 1/50 in 2000ms
[AUTH] Using MongoDB-backed auth state
[BAILEYS] Starting v2.3000.1033846690
[CONNECTED] WhatsApp connected as: 919309986820:74@s.whatsapp.net Swar Yoga
{"level":40,"time":1772726939775,"pid":45016,"hostname":"Mohans-iMac.local","msg":"Timeout in AwaitingInitialSync, forcing state to Online and flushing buffer"}
[GROUPS] Prefetched 273 group names
{"level":50,"time":1772726941445,"pid":45016,"hostname":"Mohans-iMac.local","node":{"tag":"stream:error","attrs":{},"content":[{"tag":"conflict","attrs":{"type":"replaced"}}]},"msg":"stream errored out"}
[DISCONNECTED] Status: 440, intentional: false
[RECONNECT] Attempt 1/50 in 2000ms
[AUTH] Using MongoDB-backed auth state
[BAILEYS] Starting v2.3000.1033846690
[CONNECTED] WhatsApp connected as: 919309986820:74@s.whatsapp.net Swar Yoga
{"level":40,"time":1772726945567,"pid":45016,"hostname":"Mohans-iMac.local","msg":"Timeout in AwaitingInitialSync, forcing state to Online and flushing buffer"}
{"level":50,"time":1772726948140,"pid":45016,"hostname":"Mohans-iMac.local","node":{"tag":"stream:error","attrs":{},"content":[{"tag":"conflict","attrs":{"type":"replaced"}}]},"msg":"stream errored out"}
[DISCONNECTED] Status: 440, intentional: false
[RECONNECT] Attempt 1/50 in 2000ms
[GROUPS] Prefetched 273 group names
{"level":50,"time":1772726948252,"pid":45016,"hostname":"Mohans-iMac.local","error":{"data":null,"isBoom":true,"isServer":false,"output":{"statusCode":428,"payload":{"statusCode":428,"error":"Precondition Required","message":"Connection Closed"},"headers":{}}},"node":{"tag":"message","attrs":{"from":"status@broadcast","type":"media","id":"3A1117D3207339F3D330","participant":"919881311404@s.whatsapp.net","participant_lid":"218034081935409@lid","notify":"Dt Deepa Oswal","t":"1772726946"},"content":[{"tag":"enc","attrs":{"v":"2","type":"pkmsg"},"content":{"type":"Buffer","data":[51,8,230,3,18,33,5,76,204,161,246,26,201,130,238,91,208,198,95,64,30,220,248,101,54,180,27,83,113,235,13,106,176,81,3,72,31,18,86,26,33,5,177,196,213,248,162,17,237,235,148,174,220,225,10,35,243,72,126,112,98,237,175,36,193,195,249,46,44,18,253,91,231,119,34,211,1,51,10,33,5,55,161,15,27,192,144,25,196,115,35,134,76,182,91,65,89,55,241,227,13,222,110,207,102,128,205,195,218,109,163,64,59,16,0,24,0,34,160,1,49,139,169,74,164,85,111,234,164,202,209,195,46,144,12,27,142,101,4,70,39,88,251,238,158,140,219,227,37,0,191,179,49,116,67,255,209,134,66,46,104,199,48,241,101,204,240,86,210,52,94,12,210,16,103,214,84,32,209,68,239,88,56,154,109,95,253,214,23,236,176,255,245,68,213,165,3,202,129,211,68,71,162,250,6,3,254,73,15,122,189,87,236,28,123,85,183,87,208,245,155,237,165,158,101,76,207,242,131,244,144,44,207,185,28,211,62,56,184,86,143,244,153,158,208,120,183,126,55,39,70,90,139,247,253,208,150,245,12,91,141,44,26,111,50,213,178,97,14,252,161,201,44,146,11,3,85,147,82,232,175,196,180,42,203,242,215,113,40,197,130,235,152,4,48,1]}},{"tag":"reporting","attrs":{},"content":[{"tag":"reporting_tag","attrs":{},"content":{"type":"Buffer","data":[1,16,250,126,186,119,154,221,178,227,235,189,86,53,104,58,124,54,195,48]}},{"tag":"reporting_token","attrs":{"v":"2"},"content":{"type":"Buffer","data":[63,35,96,75,37,238,157,44,43,122,182,200,156,161,247,223]}}]},{"tag":"enc","attrs":{"mediatype":"image","v":"2","type":"skmsg"},"content":{"type":"Buffer","data":[51,8,254,239,220,130,1,16,0,26,144,13,17,244,56,23,19,42,146,226,109,197,98,204,31,113,200,203,142,92,242,207,219,170,212,206,226,43,66,230,227,176,160,244,203,133,46,225,25,209,232,122,120,185,38,71,111,147,94,176,91,239,13,229,188,124,218,126,154,98,98,114,147,251,7,31,178,68,199,223,58,11,230,87,178,192,170,43,10,70,158,92,73,111,82,28,255,150,169,76,59,123,148,105,175,32,121,7,96,241,117,168,153,44,25,69,252,47,186,33,122,198,234,114,7,80,96,51,183,59,207,41,167,244,230,221,167,91,117,209,83,128,95,68,4,195,4,107,56,199,176,143,78,172,107,176,44,186,192,27,191,43,21,3,174,75,252,71,150,125,12,30,114,253,1,156,39,45,89,200,104,72,219,68,92,166,42,56,144,36,111,168,158,202,52,28,21,218,114,148,168,250,157,207,133,181,19,226,108,73,9,63,105,175,44,113,183,186,195,245,36,217,191,156,104,156,74,172,174,168,82,54,163,24,134,194,87,246,50,108,161,15,14,80,231,240,131,125,156,163,14,5,111,242,192,254,53,186,216,164,67,131,8,105,90,6,107,229,136,228,172,128,12,90,181,14,148,94,244,104,133,199,179,125,86,135,233,61,142,117,116,253,167,238,145,254,174,207,88,230,134,90,133,66,254,150,126,95,233,9,141,76,133,250,111,253,164,30,157,246,245,99,195,186,37,253,192,210,110,62,35,166,2,238,213,66,255,45,72,1,32,190,114,201,170,149,198,104,28,100,156,101,13,117,137,213,254,1,143,24,17,210,120,228,130,5,70,103,29,72,80,59,97,141,254,178,149,190,131,118,205,163,250,255,226,224,87,145,253,7,57,225,46,253,120,111,60,98,216,14,92,126,150,53,190,236,38,47,54,3,104,48,201,182,47,127,113,196,101,84,117,13,168,84,149,132,85,62,16,148,229,203,227,27,0,118,128,140,47,59,8,99,204,61,219,115,45,15,246,32,94,164,139,98,78,133,101,147,202,222,59,171,179,55,12,25,184,0,47,179,243,226,126,71,98,77,254,236,176,192,108,166,240,130,89,223,189,152,85,70,247,148,202,169,151,42,200,159,1,126,233,247,77,239,226,251,26,61,197,18,130,62,245,127,233,16,136,219,52,240,38,103,118,103,175,187,109,47,169,237,217,45,67,56,157,33,11,27,65,83,222,98,237,151,17,128,248,105,243,61,129,148,77,254,78,73,184,96,157,114,239,99,180,146,123,132,241,15,70,22,173,106,119,20,237,215,67,1,148,151,4,178,142,58,9,140,182,32,20,251,48,44,187,195,231,146,6,162,13,61,173,69,130,39,233,139,0,155,207,16,164,205,52,65,20,169,159,134,107,245,38,83,85,125,251,120,228,25,125,70,242,96,64,75,36,104,154,241,115,209,70,59,64,130,254,190,252,79,61,3,162,81,74,166,174,59,6,198,201,37,38,45,35,10,76,169,34,167,207,194,234,64,120,159,194,66,192,117,175,178,151,121,64,40,8,248,76,233,167,79,77,196,155,115,146,187,43,176,157,244,200,36,56,151,196,242,87,64,153,164,50,152,97,55,17,62,231,250,143,23,233,93,253,204,47,85,166,59,161,184,254,185,91,184,23,136,163,234,111,114,171,191,89,235,41,252,121,221,244,106,188,207,158,65,10,83,192,220,4,208,15,134,115,220,6,122,198,234,63,168,190,0,136,221,89,207,248,200,19,0,106,203,190,176,132,82,109,220,154,242,137,156,59,59,70,201,190,133,191,67,94,154,137,20,214,133,100,218,165,141,221,107,46,88,201,47,118,38,75,209,143,94,188,251,7,231,222,87,113,193,68,168,215,2,138,31,69,36,67,182,84,38,250,168,135,103,25,255,63,0,86,143,165,150,2,124,138,60,45,143,33,118,197,35,105,45,250,91,253,34,179,243,27,135,214,26,184,16,189,99,116,93,253,187,216,88,171,124,35,250,42,172,61,63,13,80,93,28,122,79,17,93,77,177,124,163,156,117,15,52,21,225,77,179,41,131,173,6,37,206,215,221,176,122,188,155,208,3,87,211,156,107,58,142,95,120,180,83,157,169,21,169,155,169,45,175,231,65,68,215,204,25,17,65,222,159,150,137,19,114,3,39,83,22,181,248,238,137,104,12,75,195,178,149,219,36,37,177,159,35,137,176,104,255,235,230,40,197,20,34,42,135,97,23,241,10,170,214,208,80,53,48,98,155,209,216,177,139,203,225,71,88,118,243,164,117,123,51,41,106,241,78,92,70,255,179,155,73,249,9,253,26,93,51,28,7,128,173,176,166,221,254,140,25,129,4,91,253,156,251,119,166,218,50,180,77,45,66,160,87,241,51,172,224,232,128,168,154,79,161,167,95,184,63,165,0,54,56,100,212,85,37,126,77,45,94,196,50,224,237,124,64,42,136,219,247,251,30,154,230,43,99,12,230,115,88,23,20,198,86,239,45,233,143,218,219,2,144,166,30,36,127,173,205,240,248,174,243,112,182,254,246,239,55,38,251,254,108,18,212,150,153,165,239,103,122,161,185,128,255,151,235,179,22,240,252,20,196,45,74,231,50,101,38,4,63,228,143,51,195,4,189,148,233,150,197,232,71,32,187,135,173,51,242,129,142,20,246,112,140,149,137,179,69,190,122,212,209,28,31,202,160,252,67,182,17,90,73,31,27,158,92,200,220,117,14,114,1,187,122,101,101,229,165,196,99,164,172,193,159,34,45,21,253,155,196,116,244,101,78,113,187,78,94,53,96,187,37,127,98,189,6,186,203,215,126,95,120,93,68,132,74,34,1,240,233,34,59,143,148,220,133,74,168,171,143,144,0,54,74,23,61,145,5,246,2,76,221,225,196,88,97,171,197,131,201,245,252,216,40,77,27,169,128,145,129,157,218,138,210,172,200,225,162,32,179,224,71,122,30,25,209,232,131,139,107,162,168,41,191,30,163,154,184,150,159,202,152,198,151,167,50,116,56,55,44,106,55,100,237,217,127,139,20,14,246,84,16,174,130,7,67,178,251,252,248,72,189,75,104,52,215,218,247,222,101,60,219,185,126,30,221,150,100,239,118,209,152,46,121,39,145,78,2,183,31,228,208,82,232,93,105,91,0,115,175,200,50,127,214,244,76,237,230,211,134,62,148,196,64,78,1,230,36,231,235,132,253,207,153,49,26,2,216,255,6,227,102,123,182,135,234,210,39,81,105,189,237,210,174,68,229,98,49,163,209,179,229,224,109,15,115,62,113,101,21,88,70,160,209,14,12,215,152,246,252,238,50,2,151,119,182,141,93,117,53,108,50,19,203,73,211,10,125,122,208,181,9,223,0,2,238,254,147,55,152,145,233,52,98,177,162,198,73,255,175,2,132,97,205,160,175,105,11,102,17,179,214,235,80,185,158,136,193,236,228,175,125,17,145,205,121,31,48,230,238,171,220,47,254,150,85,2,39,203,23,0,14,101,109,123,117,187,124,244,35,72,133,157,242,153,227,241,47,96,11,212,34,0,172,247,190,129,50,227,59,252,128,175,138,36,87,79,37,17,183,5,52,80,144,147,81,53,130,138,160,51,244,9,152,39,168,163,7,148,51,139,129,50,207,52,158,187,80,168,17,65,100,52,28,72,25,52,227,12,33,142,224,181,128,56,206,170,68,139,148,213,133,96,249,43,48,50,89,83,146,159,109,240,37,108,156,13,123,10,86,217,71,25,241,164,227,84,199,50,172,218,101,58,114,127,70,19,126,233,226,231,249,193,156,132,253,121,110,97,173,54,89,120,32,172,51,38,2,85,33,101,191,74,251,227,162,200,177,222,75,168,93,98,202,80,79,186,124,223,232,191,152,202,64,131,153,63,175,98,236,61,121,108,237,91,79,196,208,241,153,42,156,102,125,31,100,172,34,11,137]}}]},"msg":"error in handling message"}
[AUTH] Using MongoDB-backed auth state
[BAILEYS] Starting v2.3000.1033846690
{"level":50,"time":1772726951456,"pid":45016,"hostname":"Mohans-iMac.local","key":{"remoteJid":"status@broadcast","fromMe":false,"id":"3A1117D3207339F3D330","participant":"919881311404@s.whatsapp.net","participantLid":"218034081935409@lid"},"err":{"type":"MessageCounterError","message":"Key used already or never filled","stack":"MessageCounterError: Key used already or never filled\n    at SessionCipher.doDecryptWhisperMessage (/Users/mohankalburgi/swaryoga.com-db/swaryoga.com-db/deploy/wa-baileys/node_modules/libsignal/src/session_cipher.js:236:19)\n    at 919881311404.0 [as awaitable] (/Users/mohankalburgi/swaryoga.com-db/swaryoga.com-db/deploy/wa-baileys/node_modules/libsignal/src/session_cipher.js:207:42)\n    at process.processTicksAndRejections (node:internal/process/task_queues:103:5)\n    at async _asyncQueueExecutor (/Users/mohankalburgi/swaryoga.com-db/swaryoga.com-db/deploy/wa-baileys/node_modules/libsignal/src/queue_job.js:20:29)","name":"MessageCounterError"},"msg":"failed to decrypt message"}
{"level":50,"time":1772726951477,"pid":45016,"hostname":"Mohans-iMac.local","key":{"remoteJid":"status@broadcast","fromMe":false,"id":"3A1117D3207339F3D330","participant":"919881311404@s.whatsapp.net","participantLid":"218034081935409@lid"},"err":{"type":"Error","message":"Received message with old counter: 1, 0","stack":"Error: Received message with old counter: 1, 0\n    at GroupCipher.getSenderKey (file:///Users/mohankalburgi/swaryoga.com-db/swaryoga.com-db/deploy/wa-baileys/node_modules/@whiskeysockets/baileys/lib/Signal/Group/group_cipher.js:62:19)\n    at Object.awaitable (file:///Users/mohankalburgi/swaryoga.com-db/swaryoga.com-db/deploy/wa-baileys/node_modules/@whiskeysockets/baileys/lib/Signal/Group/group_cipher.js:46:36)\n    at process.processTicksAndRejections (node:internal/process/task_queues:103:5)\n    at async _asyncQueueExecutor (file:///Users/mohankalburgi/swaryoga.com-db/swaryoga.com-db/deploy/wa-baileys/node_modules/@whiskeysockets/baileys/lib/Signal/Group/queue-job.js:10:29)"},"msg":"failed to decrypt message"}
[CONNECTED] WhatsApp connected as: 919309986820:74@s.whatsapp.net Swar Yoga
{"level":40,"time":1772726951901,"pid":45016,"hostname":"Mohans-iMac.local","msg":"Timeout in AwaitingInitialSync, forcing state to Online and flushing buffer"}
[GROUPS] Prefetched 273 group names
{"level":50,"time":1772726954136,"pid":45016,"hostname":"Mohans-iMac.local","node":{"tag":"stream:error","attrs":{},"content":[{"tag":"conflict","attrs":{"type":"replaced"}}]},"msg":"stream errored out"}
[DISCONNECTED] Status: 440, intentional: false
[RECONNECT] Attempt 1/50 in 2000ms
[AUTH] Using MongoDB-backed auth state
[BAILEYS] Starting v2.3000.1033846690
[CRASH-GUARD] Unhandled rejection: Error: Connection Closed
    at sendRawMessage (file:///Users/mohankalburgi/swaryoga.com-db/swaryoga.com-db/deploy/wa-baileys/node_modules/@whiskeysockets/baileys/lib/Socket/socket.js:56:19)
    at sendNode (file:///Users/mohankalburgi/swaryoga.com-db/swaryoga.com-db/deploy/wa-baileys/node_modules/@whiskeysockets/baileys/lib/Socket/socket.js:75:16)
    at file:///Users/mohankalburgi/swaryoga.com-db/swaryoga.com-db/deploy/wa-baileys/node_modules/@whiskeysockets/baileys/lib/Socket/messages-send.js:487:19
    at process.processTicksAndRejections (node:internal/process/task_queues:103:5)
    at async Object.transaction (file:///Users/mohankalburgi/swaryoga.com-db/swaryoga.com-db/deploy/wa-baileys/node_modules/@whiskeysockets/baileys/lib/Utils/auth-utils.js:126:26)
    at async relayMessage (file:///Users/mohankalburgi/swaryoga.com-db/swaryoga.com-db/deploy/wa-baileys/node_modules/@whiskeysockets/baileys/lib/Socket/messages-send.js:288:9)
    at async sendPeerDataOperationMessage (file:///Users/mohankalburgi/swaryoga.com-db/swaryoga.com-db/deploy/wa-baileys/node_modules/@whiskeysockets/baileys/lib/Socket/messages-send.js:211:23)
    at async sendRetryRequest (file:///Users/mohankalburgi/swaryoga.com-db/swaryoga.com-db/deploy/wa-baileys/node_modules/@whiskeysockets/baileys/lib/Socket/messages-recv.js:100:27)
    at async file:///Users/mohankalburgi/swaryoga.com-db/swaryoga.com-db/deploy/wa-baileys/node_modules/@whiskeysockets/baileys/lib/Socket/messages-recv.js:661:33
    at async file:///Users/mohankalburgi/swaryoga.com-db/swaryoga.com-db/deploy/wa-baileys/node_modules/@whiskeysockets/baileys/lib/Utils/make-mutex.js:16:36 {
  data: null,
  isBoom: true,
  isServer: false,
  output: {
    statusCode: 428,
    payload: {
      statusCode: 428,
      error: 'Precondition Required',
      message: 'Connection Closed'
    },
    headers: {}
  }
}
{"level":50,"time":1772726957219,"pid":45016,"hostname":"Mohans-iMac.local","key":{"remoteJid":"status@broadcast","fromMe":false,"id":"3A1117D3207339F3D330","participant":"919881311404@s.whatsapp.net","participantLid":"218034081935409@lid"},"err":{"type":"MessageCounterError","message":"Key used already or never filled","stack":"MessageCounterError: Key used already or never filled\n    at SessionCipher.doDecryptWhisperMessage (/Users/mohankalburgi/swaryoga.com-db/swaryoga.com-db/deploy/wa-baileys/node_modules/libsignal/src/session_cipher.js:236:19)\n    at 919881311404.0 [as awaitable] (/Users/mohankalburgi/swaryoga.com-db/swaryoga.com-db/deploy/wa-baileys/node_modules/libsignal/src/session_cipher.js:207:42)\n    at process.processTicksAndRejections (node:internal/process/task_queues:103:5)\n    at async _asyncQueueExecutor (/Users/mohankalburgi/swaryoga.com-db/swaryoga.com-db/deploy/wa-baileys/node_modules/libsignal/src/queue_job.js:20:29)","name":"MessageCounterError"},"msg":"failed to decrypt message"}
{"level":50,"time":1772726957243,"pid":45016,"hostname":"Mohans-iMac.local","key":{"remoteJid":"status@broadcast","fromMe":false,"id":"3A1117D3207339F3D330","participant":"919881311404@s.whatsapp.net","participantLid":"218034081935409@lid"},"err":{"type":"Error","message":"Received message with old counter: 1, 0","stack":"Error: Received message with old counter: 1, 0\n    at GroupCipher.getSenderKey (file:///Users/mohankalburgi/swaryoga.com-db/swaryoga.com-db/deploy/wa-baileys/node_modules/@whiskeysockets/baileys/lib/Signal/Group/group_cipher.js:62:19)\n    at Object.awaitable (file:///Users/mohankalburgi/swaryoga.com-db/swaryoga.com-db/deploy/wa-baileys/node_modules/@whiskeysockets/baileys/lib/Signal/Group/group_cipher.js:46:36)\n    at process.processTicksAndRejections (node:internal/process/task_queues:103:5)\n    at async _asyncQueueExecutor (file:///Users/mohankalburgi/swaryoga.com-db/swaryoga.com-db/deploy/wa-baileys/node_modules/@whiskeysockets/baileys/lib/Signal/Group/queue-job.js:10:29)"},"msg":"failed to decrypt message"}
[CONNECTED] WhatsApp connected as: 919309986820:74@s.whatsapp.net Swar Yoga
{"level":40,"time":1772726958533,"pid":45016,"hostname":"Mohans-iMac.local","msg":"Timeout in AwaitingInitialSync, forcing state to Online and flushing buffer"}
[GROUPS] Prefetched 273 group names
{"level":50,"time":1772726959893,"pid":45016,"hostname":"Mohans-iMac.local","node":{"tag":"stream:error","attrs":{},"content":[{"tag":"conflict","attrs":{"type":"replaced"}}]},"msg":"stream errored out"}
[DISCONNECTED] Status: 440, intentional: false
[RECONNECT] Attempt 1/50 in 2000ms
[AUTH] Using MongoDB-backed auth state
[BAILEYS] Starting v2.3000.1033846690
[CRASH-GUARD] Unhandled rejection: Error: Connection Closed
    at sendRawMessage (file:///Users/mohankalburgi/swaryoga.com-db/swaryoga.com-db/deploy/wa-baileys/node_modules/@whiskeysockets/baileys/lib/Socket/socket.js:56:19)
    at sendNode (file:///Users/mohankalburgi/swaryoga.com-db/swaryoga.com-db/deploy/wa-baileys/node_modules/@whiskeysockets/baileys/lib/Socket/socket.js:75:16)
    at file:///Users/mohankalburgi/swaryoga.com-db/swaryoga.com-db/deploy/wa-baileys/node_modules/@whiskeysockets/baileys/lib/Socket/messages-send.js:487:19
    at process.processTicksAndRejections (node:internal/process/task_queues:103:5)
    at async Object.transaction (file:///Users/mohankalburgi/swaryoga.com-db/swaryoga.com-db/deploy/wa-baileys/node_modules/@whiskeysockets/baileys/lib/Utils/auth-utils.js:126:26)
    at async relayMessage (file:///Users/mohankalburgi/swaryoga.com-db/swaryoga.com-db/deploy/wa-baileys/node_modules/@whiskeysockets/baileys/lib/Socket/messages-send.js:288:9)
    at async sendPeerDataOperationMessage (file:///Users/mohankalburgi/swaryoga.com-db/swaryoga.com-db/deploy/wa-baileys/node_modules/@whiskeysockets/baileys/lib/Socket/messages-send.js:211:23)
    at async sendRetryRequest (file:///Users/mohankalburgi/swaryoga.com-db/swaryoga.com-db/deploy/wa-baileys/node_modules/@whiskeysockets/baileys/lib/Socket/messages-recv.js:100:27)
    at async file:///Users/mohankalburgi/swaryoga.com-db/swaryoga.com-db/deploy/wa-baileys/node_modules/@whiskeysockets/baileys/lib/Socket/messages-recv.js:661:33
    at async file:///Users/mohankalburgi/swaryoga.com-db/swaryoga.com-db/deploy/wa-baileys/node_modules/@whiskeysockets/baileys/lib/Utils/make-mutex.js:16:36 {
  data: null,
  isBoom: true,
  isServer: false,
  output: {
    statusCode: 428,
    payload: {
      statusCode: 428,
      error: 'Precondition Required',
      message: 'Connection Closed'
    },
    headers: {}
  }
}
{"level":50,"time":1772726963015,"pid":45016,"hostname":"Mohans-iMac.local","key":{"remoteJid":"status@broadcast","fromMe":false,"id":"3A1117D3207339F3D330","participant":"919881311404@s.whatsapp.net","participantLid":"218034081935409@lid"},"err":{"type":"MessageCounterError","message":"Key used already or never filled","stack":"MessageCounterError: Key used already or never filled\n    at SessionCipher.doDecryptWhisperMessage (/Users/mohankalburgi/swaryoga.com-db/swaryoga.com-db/deploy/wa-baileys/node_modules/libsignal/src/session_cipher.js:236:19)\n    at 919881311404.0 [as awaitable] (/Users/mohankalburgi/swaryoga.com-db/swaryoga.com-db/deploy/wa-baileys/node_modules/libsignal/src/session_cipher.js:207:42)\n    at process.processTicksAndRejections (node:internal/process/task_queues:103:5)\n    at async _asyncQueueExecutor (/Users/mohankalburgi/swaryoga.com-db/swaryoga.com-db/deploy/wa-baileys/node_modules/libsignal/src/queue_job.js:20:29)","name":"MessageCounterError"},"msg":"failed to decrypt message"}
{"level":50,"time":1772726963029,"pid":45016,"hostname":"Mohans-iMac.local","key":{"remoteJid":"status@broadcast","fromMe":false,"id":"3A1117D3207339F3D330","participant":"919881311404@s.whatsapp.net","participantLid":"218034081935409@lid"},"err":{"type":"Error","message":"Received message with old counter: 1, 0","stack":"Error: Received message with old counter: 1, 0\n    at GroupCipher.getSenderKey (file:///Users/mohankalburgi/swaryoga.com-db/swaryoga.com-db/deploy/wa-baileys/node_modules/@whiskeysockets/baileys/lib/Signal/Group/group_cipher.js:62:19)\n    at Object.awaitable (file:///Users/mohankalburgi/swaryoga.com-db/swaryoga.com-db/deploy/wa-baileys/node_modules/@whiskeysockets/baileys/lib/Signal/Group/group_cipher.js:46:36)\n    at process.processTicksAndRejections (node:internal/process/task_queues:103:5)\n    at async _asyncQueueExecutor (file:///Users/mohankalburgi/swaryoga.com-db/swaryoga.com-db/deploy/wa-baileys/node_modules/@whiskeysockets/baileys/lib/Signal/Group/queue-job.js:10:29)"},"msg":"failed to decrypt message"}
[CONNECTED] WhatsApp connected as: 919309986820:74@s.whatsapp.net Swar Yoga
{"level":40,"time":1772726965025,"pid":45016,"hostname":"Mohans-iMac.local","msg":"Timeout in AwaitingInitialSync, forcing state to Online and flushing buffer"}
[GROUPS] Prefetched 273 group names
{"level":50,"time":1772726966573,"pid":45016,"hostname":"Mohans-iMac.local","node":{"tag":"stream:error","attrs":{},"content":[{"tag":"conflict","attrs":{"type":"replaced"}}]},"msg":"stream errored out"}
[DISCONNECTED] Status: 440, intentional: false
[RECONNECT] Attempt 1/50 in 2000ms
[CRASH-GUARD] Unhandled rejection: Error: Connection Closed
    at sendRawMessage (file:///Users/mohankalburgi/swaryoga.com-db/swaryoga.com-db/deploy/wa-baileys/node_modules/@whiskeysockets/baileys/lib/Socket/socket.js:56:19)
    at sendNode (file:///Users/mohankalburgi/swaryoga.com-db/swaryoga.com-db/deploy/wa-baileys/node_modules/@whiskeysockets/baileys/lib/Socket/socket.js:75:16)
    at file:///Users/mohankalburgi/swaryoga.com-db/swaryoga.com-db/deploy/wa-baileys/node_modules/@whiskeysockets/baileys/lib/Socket/messages-send.js:487:19
    at process.processTicksAndRejections (node:internal/process/task_queues:103:5)
    at async Object.transaction (file:///Users/mohankalburgi/swaryoga.com-db/swaryoga.com-db/deploy/wa-baileys/node_modules/@whiskeysockets/baileys/lib/Utils/auth-utils.js:126:26)
    at async relayMessage (file:///Users/mohankalburgi/swaryoga.com-db/swaryoga.com-db/deploy/wa-baileys/node_modules/@whiskeysockets/baileys/lib/Socket/messages-send.js:288:9)
    at async sendPeerDataOperationMessage (file:///Users/mohankalburgi/swaryoga.com-db/swaryoga.com-db/deploy/wa-baileys/node_modules/@whiskeysockets/baileys/lib/Socket/messages-send.js:211:23)
    at async sendRetryRequest (file:///Users/mohankalburgi/swaryoga.com-db/swaryoga.com-db/deploy/wa-baileys/node_modules/@whiskeysockets/baileys/lib/Socket/messages-recv.js:100:27)
    at async file:///Users/mohankalburgi/swaryoga.com-db/swaryoga.com-db/deploy/wa-baileys/node_modules/@whiskeysockets/baileys/lib/Socket/messages-recv.js:661:33
    at async file:///Users/mohankalburgi/swaryoga.com-db/swaryoga.com-db/deploy/wa-baileys/node_modules/@whiskeysockets/baileys/lib/Utils/make-mutex.js:16:36 {
  data: null,
  isBoom: true,
  isServer: false,
  output: {
    statusCode: 428,
    payload: {
      statusCode: 428,
      error: 'Precondition Required',
      message: 'Connection Closed'
    },
    headers: {}
  }
}
[AUTH] Using MongoDB-backed auth state
[BAILEYS] Starting v2.3000.1033846690
{"level":50,"time":1772726969617,"pid":45016,"hostname":"Mohans-iMac.local","key":{"remoteJid":"status@broadcast","fromMe":false,"id":"3A1117D3207339F3D330","participant":"919881311404@s.whatsapp.net","participantLid":"218034081935409@lid"},"err":{"type":"MessageCounterError","message":"Key used already or never filled","stack":"MessageCounterError: Key used already or never filled\n    at SessionCipher.doDecryptWhisperMessage (/Users/mohankalburgi/swaryoga.com-db/swaryoga.com-db/deploy/wa-baileys/node_modules/libsignal/src/session_cipher.js:236:19)\n    at 919881311404.0 [as awaitable] (/Users/mohankalburgi/swaryoga.com-db/swaryoga.com-db/deploy/wa-baileys/node_modules/libsignal/src/session_cipher.js:207:42)\n    at process.processTicksAndRejections (node:internal/process/task_queues:103:5)\n    at async _asyncQueueExecutor (/Users/mohankalburgi/swaryoga.com-db/swaryoga.com-db/deploy/wa-baileys/node_modules/libsignal/src/queue_job.js:20:29)","name":"MessageCounterError"},"msg":"failed to decrypt message"}
{"level":50,"time":1772726969638,"pid":45016,"hostname":"Mohans-iMac.local","key":{"remoteJid":"status@broadcast","fromMe":false,"id":"3A1117D3207339F3D330","participant":"919881311404@s.whatsapp.net","participantLid":"218034081935409@lid"},"err":{"type":"Error","message":"Received message with old counter: 1, 0","stack":"Error: Received message with old counter: 1, 0\n    at GroupCipher.getSenderKey (file:///Users/mohankalburgi/swaryoga.com-db/swaryoga.com-db/deploy/wa-baileys/node_modules/@whiskeysockets/baileys/lib/Signal/Group/group_cipher.js:62:19)\n    at Object.awaitable (file:///Users/mohankalburgi/swaryoga.com-db/swaryoga.com-db/deploy/wa-baileys/node_modules/@whiskeysockets/baileys/lib/Signal/Group/group_cipher.js:46:36)\n    at process.processTicksAndRejections (node:internal/process/task_queues:103:5)\n    at async _asyncQueueExecutor (file:///Users/mohankalburgi/swaryoga.com-db/swaryoga.com-db/deploy/wa-baileys/node_modules/@whiskeysockets/baileys/lib/Signal/Group/queue-job.js:10:29)"},"msg":"failed to decrypt message"}
[CONNECTED] WhatsApp connected as: 919309986820:74@s.whatsapp.net Swar Yoga
{"level":40,"time":1772726971453,"pid":45016,"hostname":"Mohans-iMac.local","msg":"Timeout in AwaitingInitialSync, forcing state to Online and flushing buffer"}
[GROUPS] Prefetched 273 group names
{"level":50,"time":1772726972853,"pid":45016,"hostname":"Mohans-iMac.local","node":{"tag":"stream:error","attrs":{},"content":[{"tag":"conflict","attrs":{"type":"replaced"}}]},"msg":"stream errored out"}
[DISCONNECTED] Status: 440, intentional: false
[RECONNECT] Attempt 1/50 in 2000ms
[CRASH-GUARD] Unhandled rejection: Error: Connection Closed
    at sendRawMessage (file:///Users/mohankalburgi/swaryoga.com-db/swaryoga.com-db/deploy/wa-baileys/node_modules/@whiskeysockets/baileys/lib/Socket/socket.js:56:19)
    at sendNode (file:///Users/mohankalburgi/swaryoga.com-db/swaryoga.com-db/deploy/wa-baileys/node_modules/@whiskeysockets/baileys/lib/Socket/socket.js:75:16)
    at file:///Users/mohankalburgi/swaryoga.com-db/swaryoga.com-db/deploy/wa-baileys/node_modules/@whiskeysockets/baileys/lib/Socket/messages-send.js:487:19
    at process.processTicksAndRejections (node:internal/process/task_queues:103:5)
    at async Object.transaction (file:///Users/mohankalburgi/swaryoga.com-db/swaryoga.com-db/deploy/wa-baileys/node_modules/@whiskeysockets/baileys/lib/Utils/auth-utils.js:126:26)
    at async relayMessage (file:///Users/mohankalburgi/swaryoga.com-db/swaryoga.com-db/deploy/wa-baileys/node_modules/@whiskeysockets/baileys/lib/Socket/messages-send.js:288:9)
    at async sendPeerDataOperationMessage (file:///Users/mohankalburgi/swaryoga.com-db/swaryoga.com-db/deploy/wa-baileys/node_modules/@whiskeysockets/baileys/lib/Socket/messages-send.js:211:23)
    at async sendRetryRequest (file:///Users/mohankalburgi/swaryoga.com-db/swaryoga.com-db/deploy/wa-baileys/node_modules/@whiskeysockets/baileys/lib/Socket/messages-recv.js:100:27)
    at async file:///Users/mohankalburgi/swaryoga.com-db/swaryoga.com-db/deploy/wa-baileys/node_modules/@whiskeysockets/baileys/lib/Socket/messages-recv.js:661:33
    at async file:///Users/mohankalburgi/swaryoga.com-db/swaryoga.com-db/deploy/wa-baileys/node_modules/@whiskeysockets/baileys/lib/Utils/make-mutex.js:16:36 {
  data: null,
  isBoom: true,
  isServer: false,
  output: {
    statusCode: 428,
    payload: {
      statusCode: 428,
      error: 'Precondition Required',
      message: 'Connection Closed'
    },
    headers: {}
  }
}
[AUTH] Using MongoDB-backed auth state
[BAILEYS] Starting v2.3000.1033846690
{"level":50,"time":1772726975936,"pid":45016,"hostname":"Mohans-iMac.local","key":{"remoteJid":"status@broadcast","fromMe":false,"id":"3A1117D3207339F3D330","participant":"919881311404@s.whatsapp.net","participantLid":"218034081935409@lid"},"err":{"type":"MessageCounterError","message":"Key used already or never filled","stack":"MessageCounterError: Key used already or never filled\n    at SessionCipher.doDecryptWhisperMessage (/Users/mohankalburgi/swaryoga.com-db/swaryoga.com-db/deploy/wa-baileys/node_modules/libsignal/src/session_cipher.js:236:19)\n    at 919881311404.0 [as awaitable] (/Users/mohankalburgi/swaryoga.com-db/swaryoga.com-db/deploy/wa-baileys/node_modules/libsignal/src/session_cipher.js:207:42)\n    at process.processTicksAndRejections (node:internal/process/task_queues:103:5)\n    at async _asyncQueueExecutor (/Users/mohankalburgi/swaryoga.com-db/swaryoga.com-db/deploy/wa-baileys/node_modules/libsignal/src/queue_job.js:20:29)","name":"MessageCounterError"},"msg":"failed to decrypt message"}
{"level":50,"time":1772726975951,"pid":45016,"hostname":"Mohans-iMac.local","key":{"remoteJid":"status@broadcast","fromMe":false,"id":"3A1117D3207339F3D330","participant":"919881311404@s.whatsapp.net","participantLid":"218034081935409@lid"},"err":{"type":"Error","message":"Received message with old counter: 1, 0","stack":"Error: Received message with old counter: 1, 0\n    at GroupCipher.getSenderKey (file:///Users/mohankalburgi/swaryoga.com-db/swaryoga.com-db/deploy/wa-baileys/node_modules/@whiskeysockets/baileys/lib/Signal/Group/group_cipher.js:62:19)\n    at Object.awaitable (file:///Users/mohankalburgi/swaryoga.com-db/swaryoga.com-db/deploy/wa-baileys/node_modules/@whiskeysockets/baileys/lib/Signal/Group/group_cipher.js:46:36)\n    at process.processTicksAndRejections (node:internal/process/task_queues:103:5)\n    at async _asyncQueueExecutor (file:///Users/mohankalburgi/swaryoga.com-db/swaryoga.com-db/deploy/wa-baileys/node_modules/@whiskeysockets/baileys/lib/Signal/Group/queue-job.js:10:29)"},"msg":"failed to decrypt message"}
[CONNECTED] WhatsApp connected as: 919309986820:74@s.whatsapp.net Swar Yoga
{"level":40,"time":1772726977211,"pid":45016,"hostname":"Mohans-iMac.local","msg":"Timeout in AwaitingInitialSync, forcing state to Online and flushing buffer"}
{"level":50,"time":1772726979122,"pid":45016,"hostname":"Mohans-iMac.local","node":{"tag":"stream:error","attrs":{},"content":[{"tag":"conflict","attrs":{"type":"replaced"}}]},"msg":"stream errored out"}
[DISCONNECTED] Status: 440, intentional: false
[RECONNECT] Attempt 1/50 in 2000ms
[GROUPS] Prefetched 273 group names
[CRASH-GUARD] Unhandled rejection: Error: Connection Closed
    at sendRawMessage (file:///Users/mohankalburgi/swaryoga.com-db/swaryoga.com-db/deploy/wa-baileys/node_modules/@whiskeysockets/baileys/lib/Socket/socket.js:56:19)
    at sendNode (file:///Users/mohankalburgi/swaryoga.com-db/swaryoga.com-db/deploy/wa-baileys/node_modules/@whiskeysockets/baileys/lib/Socket/socket.js:75:16)
    at file:///Users/mohankalburgi/swaryoga.com-db/swaryoga.com-db/deploy/wa-baileys/node_modules/@whiskeysockets/baileys/lib/Socket/messages-send.js:487:19
    at process.processTicksAndRejections (node:internal/process/task_queues:103:5)
    at async Object.transaction (file:///Users/mohankalburgi/swaryoga.com-db/swaryoga.com-db/deploy/wa-baileys/node_modules/@whiskeysockets/baileys/lib/Utils/auth-utils.js:126:26)
    at async relayMessage (file:///Users/mohankalburgi/swaryoga.com-db/swaryoga.com-db/deploy/wa-baileys/node_modules/@whiskeysockets/baileys/lib/Socket/messages-send.js:288:9)
    at async sendPeerDataOperationMessage (file:///Users/mohankalburgi/swaryoga.com-db/swaryoga.com-db/deploy/wa-baileys/node_modules/@whiskeysockets/baileys/lib/Socket/messages-send.js:211:23)
    at async sendRetryRequest (file:///Users/mohankalburgi/swaryoga.com-db/swaryoga.com-db/deploy/wa-baileys/node_modules/@whiskeysockets/baileys/lib/Socket/messages-recv.js:100:27)
    at async file:///Users/mohankalburgi/swaryoga.com-db/swaryoga.com-db/deploy/wa-baileys/node_modules/@whiskeysockets/baileys/lib/Socket/messages-recv.js:661:33
    at async file:///Users/mohankalburgi/swaryoga.com-db/swaryoga.com-db/deploy/wa-baileys/node_modules/@whiskeysockets/baileys/lib/Utils/make-mutex.js:16:36 {
  data: null,
  isBoom: true,
  isServer: false,
  output: {
    statusCode: 428,
    payload: {
      statusCode: 428,
      error: 'Precondition Required',
      message: 'Connection Closed'
    },
    headers: {}
  }
}
[AUTH] Using MongoDB-backed auth state
[BAILEYS] Starting v2.3000.1033846690
{"level":50,"time":1772726982160,"pid":45016,"hostname":"Mohans-iMac.local","key":{"remoteJid":"status@broadcast","fromMe":false,"id":"3A1117D3207339F3D330","participant":"919881311404@s.whatsapp.net","participantLid":"218034081935409@lid"},"err":{"type":"MessageCounterError","message":"Key used already or never filled","stack":"MessageCounterError: Key used already or never filled\n    at SessionCipher.doDecryptWhisperMessage (/Users/mohankalburgi/swaryoga.com-db/swaryoga.com-db/deploy/wa-baileys/node_modules/libsignal/src/session_cipher.js:236:19)\n    at 919881311404.0 [as awaitable] (/Users/mohankalburgi/swaryoga.com-db/swaryoga.com-db/deploy/wa-baileys/node_modules/libsignal/src/session_cipher.js:207:42)\n    at process.processTicksAndRejections (node:internal/process/task_queues:103:5)\n    at async _asyncQueueExecutor (/Users/mohankalburgi/swaryoga.com-db/swaryoga.com-db/deploy/wa-baileys/node_modules/libsignal/src/queue_job.js:20:29)","name":"MessageCounterError"},"msg":"failed to decrypt message"}
{"level":50,"time":1772726982176,"pid":45016,"hostname":"Mohans-iMac.local","key":{"remoteJid":"status@broadcast","fromMe":false,"id":"3A1117D3207339F3D330","participant":"919881311404@s.whatsapp.net","participantLid":"218034081935409@lid"},"err":{"type":"Error","message":"Received message with old counter: 1, 0","stack":"Error: Received message with old counter: 1, 0\n    at GroupCipher.getSenderKey (file:///Users/mohankalburgi/swaryoga.com-db/swaryoga.com-db/deploy/wa-baileys/node_modules/@whiskeysockets/baileys/lib/Signal/Group/group_cipher.js:62:19)\n    at Object.awaitable (file:///Users/mohankalburgi/swaryoga.com-db/swaryoga.com-db/deploy/wa-baileys/node_modules/@whiskeysockets/baileys/lib/Signal/Group/group_cipher.js:46:36)\n    at process.processTicksAndRejections (node:internal/process/task_queues:103:5)\n    at async _asyncQueueExecutor (file:///Users/mohankalburgi/swaryoga.com-db/swaryoga.com-db/deploy/wa-baileys/node_modules/@whiskeysockets/baileys/lib/Signal/Group/queue-job.js:10:29)"},"msg":"failed to decrypt message"}
[CONNECTED] WhatsApp connected as: 919309986820:74@s.whatsapp.net Swar Yoga
{"level":40,"time":1772726983025,"pid":45016,"hostname":"Mohans-iMac.local","msg":"Timeout in AwaitingInitialSync, forcing state to Online and flushing buffer"}
{"level":50,"time":1772726985001,"pid":45016,"hostname":"Mohans-iMac.local","node":{"tag":"stream:error","attrs":{},"content":[{"tag":"conflict","attrs":{"type":"replaced"}}]},"msg":"stream errored out"}
[DISCONNECTED] Status: 440, intentional: false
[RECONNECT] Attempt 1/50 in 2000ms
[GROUPS] Prefetched 273 group names
[AUTH] Using MongoDB-backed auth state
[BAILEYS] Starting v2.3000.1033846690
[CRASH-GUARD] Unhandled rejection: Error: Connection Closed
    at sendRawMessage (file:///Users/mohankalburgi/swaryoga.com-db/swaryoga.com-db/deploy/wa-baileys/node_modules/@whiskeysockets/baileys/lib/Socket/socket.js:56:19)
    at sendNode (file:///Users/mohankalburgi/swaryoga.com-db/swaryoga.com-db/deploy/wa-baileys/node_modules/@whiskeysockets/baileys/lib/Socket/socket.js:75:16)
    at file:///Users/mohankalburgi/swaryoga.com-db/swaryoga.com-db/deploy/wa-baileys/node_modules/@whiskeysockets/baileys/lib/Socket/messages-send.js:487:19
    at process.processTicksAndRejections (node:internal/process/task_queues:103:5)
    at async Object.transaction (file:///Users/mohankalburgi/swaryoga.com-db/swaryoga.com-db/deploy/wa-baileys/node_modules/@whiskeysockets/baileys/lib/Utils/auth-utils.js:126:26)
    at async relayMessage (file:///Users/mohankalburgi/swaryoga.com-db/swaryoga.com-db/deploy/wa-baileys/node_modules/@whiskeysockets/baileys/lib/Socket/messages-send.js:288:9)
    at async sendPeerDataOperationMessage (file:///Users/mohankalburgi/swaryoga.com-db/swaryoga.com-db/deploy/wa-baileys/node_modules/@whiskeysockets/baileys/lib/Socket/messages-send.js:211:23)
    at async sendRetryRequest (file:///Users/mohankalburgi/swaryoga.com-db/swaryoga.com-db/deploy/wa-baileys/node_modules/@whiskeysockets/baileys/lib/Socket/messages-recv.js:100:27)
    at async file:///Users/mohankalburgi/swaryoga.com-db/swaryoga.com-db/deploy/wa-baileys/node_modules/@whiskeysockets/baileys/lib/Socket/messages-recv.js:661:33
    at async file:///Users/mohankalburgi/swaryoga.com-db/swaryoga.com-db/deploy/wa-baileys/node_modules/@whiskeysockets/baileys/lib/Utils/make-mutex.js:16:36 {
  data: null,
  isBoom: true,
  isServer: false,
  output: {
    statusCode: 428,
    payload: {
      statusCode: 428,
      error: 'Precondition Required',
      message: 'Connection Closed'
    },
    headers: {}
  }
}
{"level":50,"time":1772726988044,"pid":45016,"hostname":"Mohans-iMac.local","key":{"remoteJid":"status@broadcast","fromMe":false,"id":"3A1117D3207339F3D330","participant":"919881311404@s.whatsapp.net","participantLid":"218034081935409@lid"},"err":{"type":"MessageCounterError","message":"Key used already or never filled","stack":"MessageCounterError: Key used already or never filled\n    at SessionCipher.doDecryptWhisperMessage (/Users/mohankalburgi/swaryoga.com-db/swaryoga.com-db/deploy/wa-baileys/node_modules/libsignal/src/session_cipher.js:236:19)\n    at 919881311404.0 [as awaitable] (/Users/mohankalburgi/swaryoga.com-db/swaryoga.com-db/deploy/wa-baileys/node_modules/libsignal/src/session_cipher.js:207:42)\n    at process.processTicksAndRejections (node:internal/process/task_queues:103:5)\n    at async _asyncQueueExecutor (/Users/mohankalburgi/swaryoga.com-db/swaryoga.com-db/deploy/wa-baileys/node_modules/libsignal/src/queue_job.js:20:29)","name":"MessageCounterError"},"msg":"failed to decrypt message"}
{"level":50,"time":1772726988058,"pid":45016,"hostname":"Mohans-iMac.local","key":{"remoteJid":"status@broadcast","fromMe":false,"id":"3A1117D3207339F3D330","participant":"919881311404@s.whatsapp.net","participantLid":"218034081935409@lid"},"err":{"type":"Error","message":"Received message with old counter: 1, 0","stack":"Error: Received message with old counter: 1, 0\n    at GroupCipher.getSenderKey (file:///Users/mohankalburgi/swaryoga.com-db/swaryoga.com-db/deploy/wa-baileys/node_modules/@whiskeysockets/baileys/lib/Signal/Group/group_cipher.js:62:19)\n    at Object.awaitable (file:///Users/mohankalburgi/swaryoga.com-db/swaryoga.com-db/deploy/wa-baileys/node_modules/@whiskeysockets/baileys/lib/Signal/Group/group_cipher.js:46:36)\n    at process.processTicksAndRejections (node:internal/process/task_queues:103:5)\n    at async _asyncQueueExecutor (file:///Users/mohankalburgi/swaryoga.com-db/swaryoga.com-db/deploy/wa-baileys/node_modules/@whiskeysockets/baileys/lib/Signal/Group/queue-job.js:10:29)"},"msg":"failed to decrypt message"}
[CONNECTED] WhatsApp connected as: 919309986820:74@s.whatsapp.net Swar Yoga
{"level":40,"time":1772726989622,"pid":45016,"hostname":"Mohans-iMac.local","msg":"Timeout in AwaitingInitialSync, forcing state to Online and flushing buffer"}
[GROUPS] Prefetched 273 group names
{"level":50,"time":1772726991287,"pid":45016,"hostname":"Mohans-iMac.local","node":{"tag":"stream:error","attrs":{},"content":[{"tag":"conflict","attrs":{"type":"replaced"}}]},"msg":"stream errored out"}
[DISCONNECTED] Status: 440, intentional: false
[RECONNECT] Attempt 1/50 in 2000ms
[CRASH-GUARD] Unhandled rejection: Error: Connection Closed
    at sendRawMessage (file:///Users/mohankalburgi/swaryoga.com-db/swaryoga.com-db/deploy/wa-baileys/node_modules/@whiskeysockets/baileys/lib/Socket/socket.js:56:19)
    at sendNode (file:///Users/mohankalburgi/swaryoga.com-db/swaryoga.com-db/deploy/wa-baileys/node_modules/@whiskeysockets/baileys/lib/Socket/socket.js:75:16)
    at file:///Users/mohankalburgi/swaryoga.com-db/swaryoga.com-db/deploy/wa-baileys/node_modules/@whiskeysockets/baileys/lib/Socket/messages-send.js:487:19
    at process.processTicksAndRejections (node:internal/process/task_queues:103:5)
    at async Object.transaction (file:///Users/mohankalburgi/swaryoga.com-db/swaryoga.com-db/deploy/wa-baileys/node_modules/@whiskeysockets/baileys/lib/Utils/auth-utils.js:126:26)
    at async relayMessage (file:///Users/mohankalburgi/swaryoga.com-db/swaryoga.com-db/deploy/wa-baileys/node_modules/@whiskeysockets/baileys/lib/Socket/messages-send.js:288:9)
    at async sendPeerDataOperationMessage (file:///Users/mohankalburgi/swaryoga.com-db/swaryoga.com-db/deploy/wa-baileys/node_modules/@whiskeysockets/baileys/lib/Socket/messages-send.js:211:23)
    at async sendRetryRequest (file:///Users/mohankalburgi/swaryoga.com-db/swaryoga.com-db/deploy/wa-baileys/node_modules/@whiskeysockets/baileys/lib/Socket/messages-recv.js:100:27)
    at async file:///Users/mohankalburgi/swaryoga.com-db/swaryoga.com-db/deploy/wa-baileys/node_modules/@whiskeysockets/baileys/lib/Socket/messages-recv.js:661:33
    at async file:///Users/mohankalburgi/swaryoga.com-db/swaryoga.com-db/deploy/wa-baileys/node_modules/@whiskeysockets/baileys/lib/Utils/make-mutex.js:16:36 {
  data: null,
  isBoom: true,
  isServer: false,
  output: {
    statusCode: 428,
    payload: {
      statusCode: 428,
      error: 'Precondition Required',
      message: 'Connection Closed'
    },
    headers: {}
  }
}
[AUTH] Using MongoDB-backed auth state
[BAILEYS] Starting v2.3000.1033846690
{"level":50,"time":1772726994648,"pid":45016,"hostname":"Mohans-iMac.local","key":{"remoteJid":"status@broadcast","fromMe":false,"id":"3A1117D3207339F3D330","participant":"919881311404@s.whatsapp.net","participantLid":"218034081935409@lid"},"err":{"type":"MessageCounterError","message":"Key used already or never filled","stack":"MessageCounterError: Key used already or never filled\n    at SessionCipher.doDecryptWhisperMessage (/Users/mohankalburgi/swaryoga.com-db/swaryoga.com-db/deploy/wa-baileys/node_modules/libsignal/src/session_cipher.js:236:19)\n    at 919881311404.0 [as awaitable] (/Users/mohankalburgi/swaryoga.com-db/swaryoga.com-db/deploy/wa-baileys/node_modules/libsignal/src/session_cipher.js:207:42)\n    at process.processTicksAndRejections (node:internal/process/task_queues:103:5)\n    at async _asyncQueueExecutor (/Users/mohankalburgi/swaryoga.com-db/swaryoga.com-db/deploy/wa-baileys/node_modules/libsignal/src/queue_job.js:20:29)","name":"MessageCounterError"},"msg":"failed to decrypt message"}
{"level":50,"time":1772726994666,"pid":45016,"hostname":"Mohans-iMac.local","key":{"remoteJid":"status@broadcast","fromMe":false,"id":"3A1117D3207339F3D330","participant":"919881311404@s.whatsapp.net","participantLid":"218034081935409@lid"},"err":{"type":"Error","message":"Received message with old counter: 1, 0","stack":"Error: Received message with old counter: 1, 0\n    at GroupCipher.getSenderKey (file:///Users/mohankalburgi/swaryoga.com-db/swaryoga.com-db/deploy/wa-baileys/node_modules/@whiskeysockets/baileys/lib/Signal/Group/group_cipher.js:62:19)\n    at Object.awaitable (file:///Users/mohankalburgi/swaryoga.com-db/swaryoga.com-db/deploy/wa-baileys/node_modules/@whiskeysockets/baileys/lib/Signal/Group/group_cipher.js:46:36)\n    at process.processTicksAndRejections (node:internal/process/task_queues:103:5)\n    at async _asyncQueueExecutor (file:///Users/mohankalburgi/swaryoga.com-db/swaryoga.com-db/deploy/wa-baileys/node_modules/@whiskeysockets/baileys/lib/Signal/Group/queue-job.js:10:29)"},"msg":"failed to decrypt message"}
[CONNECTED] WhatsApp connected as: 919309986820:74@s.whatsapp.net Swar Yoga
{"level":40,"time":1772726995945,"pid":45016,"hostname":"Mohans-iMac.local","msg":"Timeout in AwaitingInitialSync, forcing state to Online and flushing buffer"}
[GROUPS] Prefetched 273 group names
{"level":50,"time":1772726997252,"pid":45016,"hostname":"Mohans-iMac.local","node":{"tag":"stream:error","attrs":{},"content":[{"tag":"conflict","attrs":{"type":"replaced"}}]},"msg":"stream errored out"}
[DISCONNECTED] Status: 440, intentional: false
[RECONNECT] Attempt 1/50 in 2000ms
[AUTH] Using MongoDB-backed auth state
[BAILEYS] Starting v2.3000.1033846690
[CRASH-GUARD] Unhandled rejection: Error: Connection Closed
    at sendRawMessage (file:///Users/mohankalburgi/swaryoga.com-db/swaryoga.com-db/deploy/wa-baileys/node_modules/@whiskeysockets/baileys/lib/Socket/socket.js:56:19)
    at sendNode (file:///Users/mohankalburgi/swaryoga.com-db/swaryoga.com-db/deploy/wa-baileys/node_modules/@whiskeysockets/baileys/lib/Socket/socket.js:75:16)
    at file:///Users/mohankalburgi/swaryoga.com-db/swaryoga.com-db/deploy/wa-baileys/node_modules/@whiskeysockets/baileys/lib/Socket/messages-send.js:487:19
    at process.processTicksAndRejections (node:internal/process/task_queues:103:5)
    at async Object.transaction (file:///Users/mohankalburgi/swaryoga.com-db/swaryoga.com-db/deploy/wa-baileys/node_modules/@whiskeysockets/baileys/lib/Utils/auth-utils.js:126:26)
    at async relayMessage (file:///Users/mohankalburgi/swaryoga.com-db/swaryoga.com-db/deploy/wa-baileys/node_modules/@whiskeysockets/baileys/lib/Socket/messages-send.js:288:9)
    at async sendPeerDataOperationMessage (file:///Users/mohankalburgi/swaryoga.com-db/swaryoga.com-db/deploy/wa-baileys/node_modules/@whiskeysockets/baileys/lib/Socket/messages-send.js:211:23)
    at async sendRetryRequest (file:///Users/mohankalburgi/swaryoga.com-db/swaryoga.com-db/deploy/wa-baileys/node_modules/@whiskeysockets/baileys/lib/Socket/messages-recv.js:100:27)
    at async file:///Users/mohankalburgi/swaryoga.com-db/swaryoga.com-db/deploy/wa-baileys/node_modules/@whiskeysockets/baileys/lib/Socket/messages-recv.js:661:33
    at async file:///Users/mohankalburgi/swaryoga.com-db/swaryoga.com-db/deploy/wa-baileys/node_modules/@whiskeysockets/baileys/lib/Utils/make-mutex.js:16:36 {
  data: null,
  isBoom: true,
  isServer: false,
  output: {
    statusCode: 428,
    payload: {
      statusCode: 428,
      error: 'Precondition Required',
      message: 'Connection Closed'
    },
    headers: {}
  }
}
{"level":50,"time":1772727000413,"pid":45016,"hostname":"Mohans-iMac.local","key":{"remoteJid":"status@broadcast","fromMe":false,"id":"3A1117D3207339F3D330","participant":"919881311404@s.whatsapp.net","participantLid":"218034081935409@lid"},"err":{"type":"MessageCounterError","message":"Key used already or never filled","stack":"MessageCounterError: Key used already or never filled\n    at SessionCipher.doDecryptWhisperMessage (/Users/mohankalburgi/swaryoga.com-db/swaryoga.com-db/deploy/wa-baileys/node_modules/libsignal/src/session_cipher.js:236:19)\n    at 919881311404.0 [as awaitable] (/Users/mohankalburgi/swaryoga.com-db/swaryoga.com-db/deploy/wa-baileys/node_modules/libsignal/src/session_cipher.js:207:42)\n    at process.processTicksAndRejections (node:internal/process/task_queues:103:5)\n    at async _asyncQueueExecutor (/Users/mohankalburgi/swaryoga.com-db/swaryoga.com-db/deploy/wa-baileys/node_modules/libsignal/src/queue_job.js:20:29)","name":"MessageCounterError"},"msg":"failed to decrypt message"}
{"level":50,"time":1772727000435,"pid":45016,"hostname":"Mohans-iMac.local","key":{"remoteJid":"status@broadcast","fromMe":false,"id":"3A1117D3207339F3D330","participant":"919881311404@s.whatsapp.net","participantLid":"218034081935409@lid"},"err":{"type":"Error","message":"Received message with old counter: 1, 0","stack":"Error: Received message with old counter: 1, 0\n    at GroupCipher.getSenderKey (file:///Users/mohankalburgi/swaryoga.com-db/swaryoga.com-db/deploy/wa-baileys/node_modules/@whiskeysockets/baileys/lib/Signal/Group/group_cipher.js:62:19)\n    at Object.awaitable (file:///Users/mohankalburgi/swaryoga.com-db/swaryoga.com-db/deploy/wa-baileys/node_modules/@whiskeysockets/baileys/lib/Signal/Group/group_cipher.js:46:36)\n    at process.processTicksAndRejections (node:internal/process/task_queues:103:5)\n    at async _asyncQueueExecutor (file:///Users/mohankalburgi/swaryoga.com-db/swaryoga.com-db/deploy/wa-baileys/node_modules/@whiskeysockets/baileys/lib/Signal/Group/queue-job.js:10:29)"},"msg":"failed to decrypt message"}
[CONNECTED] WhatsApp connected as: 919309986820:74@s.whatsapp.net Swar Yoga
{"level":40,"time":1772727002167,"pid":45016,"hostname":"Mohans-iMac.local","msg":"Timeout in AwaitingInitialSync, forcing state to Online and flushing buffer"}
[GROUPS] Prefetched 273 group names
{"level":50,"time":1772727003215,"pid":45016,"hostname":"Mohans-iMac.local","node":{"tag":"stream:error","attrs":{},"content":[{"tag":"conflict","attrs":{"type":"replaced"}}]},"msg":"stream errored out"}
[DISCONNECTED] Status: 440, intentional: false
[RECONNECT] Attempt 1/50 in 2000ms
[AUTH] Using MongoDB-backed auth state
[BAILEYS] Starting v2.3000.1033846690
[CRASH-GUARD] Unhandled rejection: Error: Connection Closed
    at sendRawMessage (file:///Users/mohankalburgi/swaryoga.com-db/swaryoga.com-db/deploy/wa-baileys/node_modules/@whiskeysockets/baileys/lib/Socket/socket.js:56:19)
    at sendNode (file:///Users/mohankalburgi/swaryoga.com-db/swaryoga.com-db/deploy/wa-baileys/node_modules/@whiskeysockets/baileys/lib/Socket/socket.js:75:16)
    at file:///Users/mohankalburgi/swaryoga.com-db/swaryoga.com-db/deploy/wa-baileys/node_modules/@whiskeysockets/baileys/lib/Socket/messages-send.js:487:19
    at process.processTicksAndRejections (node:internal/process/task_queues:103:5)
    at async Object.transaction (file:///Users/mohankalburgi/swaryoga.com-db/swaryoga.com-db/deploy/wa-baileys/node_modules/@whiskeysockets/baileys/lib/Utils/auth-utils.js:126:26)
    at async relayMessage (file:///Users/mohankalburgi/swaryoga.com-db/swaryoga.com-db/deploy/wa-baileys/node_modules/@whiskeysockets/baileys/lib/Socket/messages-send.js:288:9)
    at async sendPeerDataOperationMessage (file:///Users/mohankalburgi/swaryoga.com-db/swaryoga.com-db/deploy/wa-baileys/node_modules/@whiskeysockets/baileys/lib/Socket/messages-send.js:211:23)
    at async sendRetryRequest (file:///Users/mohankalburgi/swaryoga.com-db/swaryoga.com-db/deploy/wa-baileys/node_modules/@whiskeysockets/baileys/lib/Socket/messages-recv.js:100:27)
    at async file:///Users/mohankalburgi/swaryoga.com-db/swaryoga.com-db/deploy/wa-baileys/node_modules/@whiskeysockets/baileys/lib/Socket/messages-recv.js:661:33
    at async file:///Users/mohankalburgi/swaryoga.com-db/swaryoga.com-db/deploy/wa-baileys/node_modules/@whiskeysockets/baileys/lib/Utils/make-mutex.js:16:36 {
  data: null,
  isBoom: true,
  isServer: false,
  output: {
    statusCode: 428,
    payload: {
      statusCode: 428,
      error: 'Precondition Required',
      message: 'Connection Closed'
    },
    headers: {}
  }
}
{"level":50,"time":1772727006202,"pid":45016,"hostname":"Mohans-iMac.local","key":{"remoteJid":"status@broadcast","fromMe":false,"id":"3A1117D3207339F3D330","participant":"919881311404@s.whatsapp.net","participantLid":"218034081935409@lid"},"err":{"type":"MessageCounterError","message":"Key used already or never filled","stack":"MessageCounterError: Key used already or never filled\n    at SessionCipher.doDecryptWhisperMessage (/Users/mohankalburgi/swaryoga.com-db/swaryoga.com-db/deploy/wa-baileys/node_modules/libsignal/src/session_cipher.js:236:19)\n    at 919881311404.0 [as awaitable] (/Users/mohankalburgi/swaryoga.com-db/swaryoga.com-db/deploy/wa-baileys/node_modules/libsignal/src/session_cipher.js:207:42)\n    at process.processTicksAndRejections (node:internal/process/task_queues:103:5)\n    at async _asyncQueueExecutor (/Users/mohankalburgi/swaryoga.com-db/swaryoga.com-db/deploy/wa-baileys/node_modules/libsignal/src/queue_job.js:20:29)","name":"MessageCounterError"},"msg":"failed to decrypt message"}
{"level":50,"time":1772727006216,"pid":45016,"hostname":"Mohans-iMac.local","key":{"remoteJid":"status@broadcast","fromMe":false,"id":"3A1117D3207339F3D330","participant":"919881311404@s.whatsapp.net","participantLid":"218034081935409@lid"},"err":{"type":"Error","message":"Received message with old counter: 1, 0","stack":"Error: Received message with old counter: 1, 0\n    at GroupCipher.getSenderKey (file:///Users/mohankalburgi/swaryoga.com-db/swaryoga.com-db/deploy/wa-baileys/node_modules/@whiskeysockets/baileys/lib/Signal/Group/group_cipher.js:62:19)\n    at Object.awaitable (file:///Users/mohankalburgi/swaryoga.com-db/swaryoga.com-db/deploy/wa-baileys/node_modules/@whiskeysockets/baileys/lib/Signal/Group/group_cipher.js:46:36)\n    at process.processTicksAndRejections (node:internal/process/task_queues:103:5)\n    at async _asyncQueueExecutor (file:///Users/mohankalburgi/swaryoga.com-db/swaryoga.com-db/deploy/wa-baileys/node_modules/@whiskeysockets/baileys/lib/Signal/Group/queue-job.js:10:29)"},"msg":"failed to decrypt message"}
[CONNECTED] WhatsApp connected as: 919309986820:74@s.whatsapp.net Swar Yoga
{"level":40,"time":1772727008052,"pid":45016,"hostname":"Mohans-iMac.local","msg":"Timeout in AwaitingInitialSync, forcing state to Online and flushing buffer"}
{"level":50,"time":1772727009496,"pid":45016,"hostname":"Mohans-iMac.local","node":{"tag":"stream:error","attrs":{},"content":[{"tag":"conflict","attrs":{"type":"replaced"}}]},"msg":"stream errored out"}
[DISCONNECTED] Status: 440, intentional: false
[RECONNECT] Attempt 1/50 in 2000ms
[GROUPS] Prefetched 273 group names
[CRASH-GUARD] Unhandled rejection: Error: Connection Closed
    at sendRawMessage (file:///Users/mohankalburgi/swaryoga.com-db/swaryoga.com-db/deploy/wa-baileys/node_modules/@whiskeysockets/baileys/lib/Socket/socket.js:56:19)
    at sendNode (file:///Users/mohankalburgi/swaryoga.com-db/swaryoga.com-db/deploy/wa-baileys/node_modules/@whiskeysockets/baileys/lib/Socket/socket.js:75:16)
    at file:///Users/mohankalburgi/swaryoga.com-db/swaryoga.com-db/deploy/wa-baileys/node_modules/@whiskeysockets/baileys/lib/Socket/messages-send.js:487:19
    at process.processTicksAndRejections (node:internal/process/task_queues:103:5)
    at async Object.transaction (file:///Users/mohankalburgi/swaryoga.com-db/swaryoga.com-db/deploy/wa-baileys/node_modules/@whiskeysockets/baileys/lib/Utils/auth-utils.js:126:26)
    at async relayMessage (file:///Users/mohankalburgi/swaryoga.com-db/swaryoga.com-db/deploy/wa-baileys/node_modules/@whiskeysockets/baileys/lib/Socket/messages-send.js:288:9)
    at async sendPeerDataOperationMessage (file:///Users/mohankalburgi/swaryoga.com-db/swaryoga.com-db/deploy/wa-baileys/node_modules/@whiskeysockets/baileys/lib/Socket/messages-send.js:211:23)
    at async sendRetryRequest (file:///Users/mohankalburgi/swaryoga.com-db/swaryoga.com-db/deploy/wa-baileys/node_modules/@whiskeysockets/baileys/lib/Socket/messages-recv.js:100:27)
    at async file:///Users/mohankalburgi/swaryoga.com-db/swaryoga.com-db/deploy/wa-baileys/node_modules/@whiskeysockets/baileys/lib/Socket/messages-recv.js:661:33
    at async file:///Users/mohankalburgi/swaryoga.com-db/swaryoga.com-db/deploy/wa-baileys/node_modules/@whiskeysockets/baileys/lib/Utils/make-mutex.js:16:36 {
  data: null,
  isBoom: true,
  isServer: false,
  output: {
    statusCode: 428,
    payload: {
      statusCode: 428,
      error: 'Precondition Required',
      message: 'Connection Closed'
    },
    headers: {}
  }
}
[AUTH] Using MongoDB-backed auth state
[BAILEYS] Starting v2.3000.1033846690
{"level":50,"time":1772727013152,"pid":45016,"hostname":"Mohans-iMac.local","key":{"remoteJid":"status@broadcast","fromMe":false,"id":"3A1117D3207339F3D330","participant":"919881311404@s.whatsapp.net","participantLid":"218034081935409@lid"},"err":{"type":"MessageCounterError","message":"Key used already or never filled","stack":"MessageCounterError: Key used already or never filled\n    at SessionCipher.doDecryptWhisperMessage (/Users/mohankalburgi/swaryoga.com-db/swaryoga.com-db/deploy/wa-baileys/node_modules/libsignal/src/session_cipher.js:236:19)\n    at 919881311404.0 [as awaitable] (/Users/mohankalburgi/swaryoga.com-db/swaryoga.com-db/deploy/wa-baileys/node_modules/libsignal/src/session_cipher.js:207:42)\n    at process.processTicksAndRejections (node:internal/process/task_queues:103:5)\n    at async _asyncQueueExecutor (/Users/mohankalburgi/swaryoga.com-db/swaryoga.com-db/deploy/wa-baileys/node_modules/libsignal/src/queue_job.js:20:29)","name":"MessageCounterError"},"msg":"failed to decrypt message"}
{"level":50,"time":1772727013167,"pid":45016,"hostname":"Mohans-iMac.local","key":{"remoteJid":"status@broadcast","fromMe":false,"id":"3A1117D3207339F3D330","participant":"919881311404@s.whatsapp.net","participantLid":"218034081935409@lid"},"err":{"type":"Error","message":"Received message with old counter: 1, 0","stack":"Error: Received message with old counter: 1, 0\n    at GroupCipher.getSenderKey (file:///Users/mohankalburgi/swaryoga.com-db/swaryoga.com-db/deploy/wa-baileys/node_modules/@whiskeysockets/baileys/lib/Signal/Group/group_cipher.js:62:19)\n    at Object.awaitable (file:///Users/mohankalburgi/swaryoga.com-db/swaryoga.com-db/deploy/wa-baileys/node_modules/@whiskeysockets/baileys/lib/Signal/Group/group_cipher.js:46:36)\n    at process.processTicksAndRejections (node:internal/process/task_queues:103:5)\n    at async _asyncQueueExecutor (file:///Users/mohankalburgi/swaryoga.com-db/swaryoga.com-db/deploy/wa-baileys/node_modules/@whiskeysockets/baileys/lib/Signal/Group/queue-job.js:10:29)"},"msg":"failed to decrypt message"}
[CONNECTED] WhatsApp connected as: 919309986820:74@s.whatsapp.net Swar Yoga
{"level":40,"time":1772727014641,"pid":45016,"hostname":"Mohans-iMac.local","msg":"Timeout in AwaitingInitialSync, forcing state to Online and flushing buffer"}
[GROUPS] Prefetched 273 group names
{"level":50,"time":1772727015850,"pid":45016,"hostname":"Mohans-iMac.local","node":{"tag":"stream:error","attrs":{},"content":[{"tag":"conflict","attrs":{"type":"replaced"}}]},"msg":"stream errored out"}
[DISCONNECTED] Status: 440, intentional: false
[RECONNECT] Attempt 1/50 in 2000ms
[AUTH] Using MongoDB-backed auth state
[BAILEYS] Starting v2.3000.1033846690
[CRASH-GUARD] Unhandled rejection: Error: Connection Closed
    at sendRawMessage (file:///Users/mohankalburgi/swaryoga.com-db/swaryoga.com-db/deploy/wa-baileys/node_modules/@whiskeysockets/baileys/lib/Socket/socket.js:56:19)
    at sendNode (file:///Users/mohankalburgi/swaryoga.com-db/swaryoga.com-db/deploy/wa-baileys/node_modules/@whiskeysockets/baileys/lib/Socket/socket.js:75:16)
    at file:///Users/mohankalburgi/swaryoga.com-db/swaryoga.com-db/deploy/wa-baileys/node_modules/@whiskeysockets/baileys/lib/Socket/messages-send.js:487:19
    at process.processTicksAndRejections (node:internal/process/task_queues:103:5)
    at async Object.transaction (file:///Users/mohankalburgi/swaryoga.com-db/swaryoga.com-db/deploy/wa-baileys/node_modules/@whiskeysockets/baileys/lib/Utils/auth-utils.js:126:26)
    at async relayMessage (file:///Users/mohankalburgi/swaryoga.com-db/swaryoga.com-db/deploy/wa-baileys/node_modules/@whiskeysockets/baileys/lib/Socket/messages-send.js:288:9)
    at async sendPeerDataOperationMessage (file:///Users/mohankalburgi/swaryoga.com-db/swaryoga.com-db/deploy/wa-baileys/node_modules/@whiskeysockets/baileys/lib/Socket/messages-send.js:211:23)
    at async sendRetryRequest (file:///Users/mohankalburgi/swaryoga.com-db/swaryoga.com-db/deploy/wa-baileys/node_modules/@whiskeysockets/baileys/lib/Socket/messages-recv.js:100:27)
    at async file:///Users/mohankalburgi/swaryoga.com-db/swaryoga.com-db/deploy/wa-baileys/node_modules/@whiskeysockets/baileys/lib/Socket/messages-recv.js:661:33
    at async file:///Users/mohankalburgi/swaryoga.com-db/swaryoga.com-db/deploy/wa-baileys/node_modules/@whiskeysockets/baileys/lib/Utils/make-mutex.js:16:36 {
  data: null,
  isBoom: true,
  isServer: false,
  output: {
    statusCode: 428,
    payload: {
      statusCode: 428,
      error: 'Precondition Required',
      message: 'Connection Closed'
    },
    headers: {}
  }
}
{"level":50,"time":1772727018929,"pid":45016,"hostname":"Mohans-iMac.local","key":{"remoteJid":"status@broadcast","fromMe":false,"id":"3A1117D3207339F3D330","participant":"919881311404@s.whatsapp.net","participantLid":"218034081935409@lid"},"err":{"type":"MessageCounterError","message":"Key used already or never filled","stack":"MessageCounterError: Key used already or never filled\n    at SessionCipher.doDecryptWhisperMessage (/Users/mohankalburgi/swaryoga.com-db/swaryoga.com-db/deploy/wa-baileys/node_modules/libsignal/src/session_cipher.js:236:19)\n    at 919881311404.0 [as awaitable] (/Users/mohankalburgi/swaryoga.com-db/swaryoga.com-db/deploy/wa-baileys/node_modules/libsignal/src/session_cipher.js:207:42)\n    at process.processTicksAndRejections (node:internal/process/task_queues:103:5)\n    at async _asyncQueueExecutor (/Users/mohankalburgi/swaryoga.com-db/swaryoga.com-db/deploy/wa-baileys/node_modules/libsignal/src/queue_job.js:20:29)","name":"MessageCounterError"},"msg":"failed to decrypt message"}
{"level":50,"time":1772727018950,"pid":45016,"hostname":"Mohans-iMac.local","key":{"remoteJid":"status@broadcast","fromMe":false,"id":"3A1117D3207339F3D330","participant":"919881311404@s.whatsapp.net","participantLid":"218034081935409@lid"},"err":{"type":"Error","message":"Received message with old counter: 1, 0","stack":"Error: Received message with old counter: 1, 0\n    at GroupCipher.getSenderKey (file:///Users/mohankalburgi/swaryoga.com-db/swaryoga.com-db/deploy/wa-baileys/node_modules/@whiskeysockets/baileys/lib/Signal/Group/group_cipher.js:62:19)\n    at Object.awaitable (file:///Users/mohankalburgi/swaryoga.com-db/swaryoga.com-db/deploy/wa-baileys/node_modules/@whiskeysockets/baileys/lib/Signal/Group/group_cipher.js:46:36)\n    at process.processTicksAndRejections (node:internal/process/task_queues:103:5)\n    at async _asyncQueueExecutor (file:///Users/mohankalburgi/swaryoga.com-db/swaryoga.com-db/deploy/wa-baileys/node_modules/@whiskeysockets/baileys/lib/Signal/Group/queue-job.js:10:29)"},"msg":"failed to decrypt message"}
[CONNECTED] WhatsApp connected as: 919309986820:74@s.whatsapp.net Swar Yoga
{"level":40,"time":1772727020401,"pid":45016,"hostname":"Mohans-iMac.local","msg":"Timeout in AwaitingInitialSync, forcing state to Online and flushing buffer"}
{"level":50,"time":1772727022329,"pid":45016,"hostname":"Mohans-iMac.local","node":{"tag":"stream:error","attrs":{},"content":[{"tag":"conflict","attrs":{"type":"replaced"}}]},"msg":"stream errored out"}
[DISCONNECTED] Status: 440, intentional: false
[RECONNECT] Attempt 1/50 in 2000ms
[GROUPS] Prefetched 273 group names
[CRASH-GUARD] Unhandled rejection: Error: Connection Closed
    at sendRawMessage (file:///Users/mohankalburgi/swaryoga.com-db/swaryoga.com-db/deploy/wa-baileys/node_modules/@whiskeysockets/baileys/lib/Socket/socket.js:56:19)
    at sendNode (file:///Users/mohankalburgi/swaryoga.com-db/swaryoga.com-db/deploy/wa-baileys/node_modules/@whiskeysockets/baileys/lib/Socket/socket.js:75:16)
    at file:///Users/mohankalburgi/swaryoga.com-db/swaryoga.com-db/deploy/wa-baileys/node_modules/@whiskeysockets/baileys/lib/Socket/messages-send.js:487:19
    at process.processTicksAndRejections (node:internal/process/task_queues:103:5)
    at async Object.transaction (file:///Users/mohankalburgi/swaryoga.com-db/swaryoga.com-db/deploy/wa-baileys/node_modules/@whiskeysockets/baileys/lib/Utils/auth-utils.js:126:26)
    at async relayMessage (file:///Users/mohankalburgi/swaryoga.com-db/swaryoga.com-db/deploy/wa-baileys/node_modules/@whiskeysockets/baileys/lib/Socket/messages-send.js:288:9)
    at async sendPeerDataOperationMessage (file:///Users/mohankalburgi/swaryoga.com-db/swaryoga.com-db/deploy/wa-baileys/node_modules/@whiskeysockets/baileys/lib/Socket/messages-send.js:211:23)
    at async sendRetryRequest (file:///Users/mohankalburgi/swaryoga.com-db/swaryoga.com-db/deploy/wa-baileys/node_modules/@whiskeysockets/baileys/lib/Socket/messages-recv.js:100:27)
    at async file:///Users/mohankalburgi/swaryoga.com-db/swaryoga.com-db/deploy/wa-baileys/node_modules/@whiskeysockets/baileys/lib/Socket/messages-recv.js:661:33
    at async file:///Users/mohankalburgi/swaryoga.com-db/swaryoga.com-db/deploy/wa-baileys/node_modules/@whiskeysockets/baileys/lib/Utils/make-mutex.js:16:36 {
  data: null,
  isBoom: true,
  isServer: false,
  output: {
    statusCode: 428,
    payload: {
      statusCode: 428,
      error: 'Precondition Required',
      message: 'Connection Closed'
    },
    headers: {}
  }
}
[AUTH] Using MongoDB-backed auth state
[BAILEYS] Starting v2.3000.1033846690
{"level":50,"time":1772727025331,"pid":45016,"hostname":"Mohans-iMac.local","key":{"remoteJid":"status@broadcast","fromMe":false,"id":"3A1117D3207339F3D330","participant":"919881311404@s.whatsapp.net","participantLid":"218034081935409@lid"},"err":{"type":"MessageCounterError","message":"Key used already or never filled","stack":"MessageCounterError: Key used already or never filled\n    at SessionCipher.doDecryptWhisperMessage (/Users/mohankalburgi/swaryoga.com-db/swaryoga.com-db/deploy/wa-baileys/node_modules/libsignal/src/session_cipher.js:236:19)\n    at 919881311404.0 [as awaitable] (/Users/mohankalburgi/swaryoga.com-db/swaryoga.com-db/deploy/wa-baileys/node_modules/libsignal/src/session_cipher.js:207:42)\n    at process.processTicksAndRejections (node:internal/process/task_queues:103:5)\n    at async _asyncQueueExecutor (/Users/mohankalburgi/swaryoga.com-db/swaryoga.com-db/deploy/wa-baileys/node_modules/libsignal/src/queue_job.js:20:29)","name":"MessageCounterError"},"msg":"failed to decrypt message"}
{"level":50,"time":1772727025346,"pid":45016,"hostname":"Mohans-iMac.local","key":{"remoteJid":"status@broadcast","fromMe":false,"id":"3A1117D3207339F3D330","participant":"919881311404@s.whatsapp.net","participantLid":"218034081935409@lid"},"err":{"type":"Error","message":"Received message with old counter: 1, 0","stack":"Error: Received message with old counter: 1, 0\n    at GroupCipher.getSenderKey (file:///Users/mohankalburgi/swaryoga.com-db/swaryoga.com-db/deploy/wa-baileys/node_modules/@whiskeysockets/baileys/lib/Signal/Group/group_cipher.js:62:19)\n    at Object.awaitable (file:///Users/mohankalburgi/swaryoga.com-db/swaryoga.com-db/deploy/wa-baileys/node_modules/@whiskeysockets/baileys/lib/Signal/Group/group_cipher.js:46:36)\n    at process.processTicksAndRejections (node:internal/process/task_queues:103:5)\n    at async _asyncQueueExecutor (file:///Users/mohankalburgi/swaryoga.com-db/swaryoga.com-db/deploy/wa-baileys/node_modules/@whiskeysockets/baileys/lib/Signal/Group/queue-job.js:10:29)"},"msg":"failed to decrypt message"}
[CONNECTED] WhatsApp connected as: 919309986820:74@s.whatsapp.net Swar Yoga
{"level":40,"time":1772727026211,"pid":45016,"hostname":"Mohans-iMac.local","msg":"Timeout in AwaitingInitialSync, forcing state to Online and flushing buffer"}
{"level":50,"time":1772727028622,"pid":45016,"hostname":"Mohans-iMac.local","node":{"tag":"stream:error","attrs":{},"content":[{"tag":"conflict","attrs":{"type":"replaced"}}]},"msg":"stream errored out"}
[DISCONNECTED] Status: 440, intentional: false
[RECONNECT] Attempt 1/50 in 2000ms
[GROUPS] Prefetched 273 group names
[CRASH-GUARD] Unhandled rejection: Error: Connection Closed
    at sendRawMessage (file:///Users/mohankalburgi/swaryoga.com-db/swaryoga.com-db/deploy/wa-baileys/node_modules/@whiskeysockets/baileys/lib/Socket/socket.js:56:19)
    at sendNode (file:///Users/mohankalburgi/swaryoga.com-db/swaryoga.com-db/deploy/wa-baileys/node_modules/@whiskeysockets/baileys/lib/Socket/socket.js:75:16)
    at file:///Users/mohankalburgi/swaryoga.com-db/swaryoga.com-db/deploy/wa-baileys/node_modules/@whiskeysockets/baileys/lib/Socket/messages-send.js:487:19
    at process.processTicksAndRejections (node:internal/process/task_queues:103:5)
    at async Object.transaction (file:///Users/mohankalburgi/swaryoga.com-db/swaryoga.com-db/deploy/wa-baileys/node_modules/@whiskeysockets/baileys/lib/Utils/auth-utils.js:126:26)
    at async relayMessage (file:///Users/mohankalburgi/swaryoga.com-db/swaryoga.com-db/deploy/wa-baileys/node_modules/@whiskeysockets/baileys/lib/Socket/messages-send.js:288:9)
    at async sendPeerDataOperationMessage (file:///Users/mohankalburgi/swaryoga.com-db/swaryoga.com-db/deploy/wa-baileys/node_modules/@whiskeysockets/baileys/lib/Socket/messages-send.js:211:23)
    at async sendRetryRequest (file:///Users/mohankalburgi/swaryoga.com-db/swaryoga.com-db/deploy/wa-baileys/node_modules/@whiskeysockets/baileys/lib/Socket/messages-recv.js:100:27)
    at async file:///Users/mohankalburgi/swaryoga.com-db/swaryoga.com-db/deploy/wa-baileys/node_modules/@whiskeysockets/baileys/lib/Socket/messages-recv.js:661:33
    at async file:///Users/mohankalburgi/swaryoga.com-db/swaryoga.com-db/deploy/wa-baileys/node_modules/@whiskeysockets/baileys/lib/Utils/make-mutex.js:16:36 {
  data: null,
  isBoom: true,
  isServer: false,
  output: {
    statusCode: 428,
    payload: {
      statusCode: 428,
      error: 'Precondition Required',
      message: 'Connection Closed'
    },
    headers: {}
  }
}
[AUTH] Using MongoDB-backed auth state
[BAILEYS] Starting v2.3000.1033846690
{"level":50,"time":1772727031736,"pid":45016,"hostname":"Mohans-iMac.local","key":{"remoteJid":"status@broadcast","fromMe":false,"id":"3A1117D3207339F3D330","participant":"919881311404@s.whatsapp.net","participantLid":"218034081935409@lid"},"err":{"type":"MessageCounterError","message":"Key used already or never filled","stack":"MessageCounterError: Key used already or never filled\n    at SessionCipher.doDecryptWhisperMessage (/Users/mohankalburgi/swaryoga.com-db/swaryoga.com-db/deploy/wa-baileys/node_modules/libsignal/src/session_cipher.js:236:19)\n    at 919881311404.0 [as awaitable] (/Users/mohankalburgi/swaryoga.com-db/swaryoga.com-db/deploy/wa-baileys/node_modules/libsignal/src/session_cipher.js:207:42)\n    at process.processTicksAndRejections (node:internal/process/task_queues:103:5)\n    at async _asyncQueueExecutor (/Users/mohankalburgi/swaryoga.com-db/swaryoga.com-db/deploy/wa-baileys/node_modules/libsignal/src/queue_job.js:20:29)","name":"MessageCounterError"},"msg":"failed to decrypt message"}
{"level":50,"time":1772727031755,"pid":45016,"hostname":"Mohans-iMac.local","key":{"remoteJid":"status@broadcast","fromMe":false,"id":"3A1117D3207339F3D330","participant":"919881311404@s.whatsapp.net","participantLid":"218034081935409@lid"},"err":{"type":"Error","message":"Received message with old counter: 1, 0","stack":"Error: Received message with old counter: 1, 0\n    at GroupCipher.getSenderKey (file:///Users/mohankalburgi/swaryoga.com-db/swaryoga.com-db/deploy/wa-baileys/node_modules/@whiskeysockets/baileys/lib/Signal/Group/group_cipher.js:62:19)\n    at Object.awaitable (file:///Users/mohankalburgi/swaryoga.com-db/swaryoga.com-db/deploy/wa-baileys/node_modules/@whiskeysockets/baileys/lib/Signal/Group/group_cipher.js:46:36)\n    at process.processTicksAndRejections (node:internal/process/task_queues:103:5)\n    at async _asyncQueueExecutor (file:///Users/mohankalburgi/swaryoga.com-db/swaryoga.com-db/deploy/wa-baileys/node_modules/@whiskeysockets/baileys/lib/Signal/Group/queue-job.js:10:29)"},"msg":"failed to decrypt message"}
[CONNECTED] WhatsApp connected as: 919309986820:74@s.whatsapp.net Swar Yoga
{"level":40,"time":1772727033153,"pid":45016,"hostname":"Mohans-iMac.local","msg":"Timeout in AwaitingInitialSync, forcing state to Online and flushing buffer"}
{"level":50,"time":1772727034760,"pid":45016,"hostname":"Mohans-iMac.local","node":{"tag":"stream:error","attrs":{},"content":[{"tag":"conflict","attrs":{"type":"replaced"}}]},"msg":"stream errored out"}
[DISCONNECTED] Status: 440, intentional: false
[RECONNECT] Attempt 1/50 in 2000ms
[GROUPS] Prefetched 273 group names
[AUTH] Using MongoDB-backed auth state
[CRASH-GUARD] Unhandled rejection: Error: Connection Closed
    at sendRawMessage (file:///Users/mohankalburgi/swaryoga.com-db/swaryoga.com-db/deploy/wa-baileys/node_modules/@whiskeysockets/baileys/lib/Socket/socket.js:56:19)
    at sendNode (file:///Users/mohankalburgi/swaryoga.com-db/swaryoga.com-db/deploy/wa-baileys/node_modules/@whiskeysockets/baileys/lib/Socket/socket.js:75:16)
    at file:///Users/mohankalburgi/swaryoga.com-db/swaryoga.com-db/deploy/wa-baileys/node_modules/@whiskeysockets/baileys/lib/Socket/messages-send.js:487:19
    at process.processTicksAndRejections (node:internal/process/task_queues:103:5)
    at async Object.transaction (file:///Users/mohankalburgi/swaryoga.com-db/swaryoga.com-db/deploy/wa-baileys/node_modules/@whiskeysockets/baileys/lib/Utils/auth-utils.js:126:26)
    at async relayMessage (file:///Users/mohankalburgi/swaryoga.com-db/swaryoga.com-db/deploy/wa-baileys/node_modules/@whiskeysockets/baileys/lib/Socket/messages-send.js:288:9)
    at async sendPeerDataOperationMessage (file:///Users/mohankalburgi/swaryoga.com-db/swaryoga.com-db/deploy/wa-baileys/node_modules/@whiskeysockets/baileys/lib/Socket/messages-send.js:211:23)
    at async sendRetryRequest (file:///Users/mohankalburgi/swaryoga.com-db/swaryoga.com-db/deploy/wa-baileys/node_modules/@whiskeysockets/baileys/lib/Socket/messages-recv.js:100:27)
    at async file:///Users/mohankalburgi/swaryoga.com-db/swaryoga.com-db/deploy/wa-baileys/node_modules/@whiskeysockets/baileys/lib/Socket/messages-recv.js:661:33
    at async file:///Users/mohankalburgi/swaryoga.com-db/swaryoga.com-db/deploy/wa-baileys/node_modules/@whiskeysockets/baileys/lib/Utils/make-mutex.js:16:36 {
  data: null,
  isBoom: true,
  isServer: false,
  output: {
    statusCode: 428,
    payload: {
      statusCode: 428,
      error: 'Precondition Required',
      message: 'Connection Closed'
    },
    headers: {}
  }
}
[BAILEYS] Starting v2.3000.1033846690
{"level":50,"time":1772727038027,"pid":45016,"hostname":"Mohans-iMac.local","key":{"remoteJid":"status@broadcast","fromMe":false,"id":"3A1117D3207339F3D330","participant":"919881311404@s.whatsapp.net","participantLid":"218034081935409@lid"},"err":{"type":"MessageCounterError","message":"Key used already or never filled","stack":"MessageCounterError: Key used already or never filled\n    at SessionCipher.doDecryptWhisperMessage (/Users/mohankalburgi/swaryoga.com-db/swaryoga.com-db/deploy/wa-baileys/node_modules/libsignal/src/session_cipher.js:236:19)\n    at 919881311404.0 [as awaitable] (/Users/mohankalburgi/swaryoga.com-db/swaryoga.com-db/deploy/wa-baileys/node_modules/libsignal/src/session_cipher.js:207:42)\n    at process.processTicksAndRejections (node:internal/process/task_queues:103:5)\n    at async _asyncQueueExecutor (/Users/mohankalburgi/swaryoga.com-db/swaryoga.com-db/deploy/wa-baileys/node_modules/libsignal/src/queue_job.js:20:29)","name":"MessageCounterError"},"msg":"failed to decrypt message"}
{"level":50,"time":1772727038048,"pid":45016,"hostname":"Mohans-iMac.local","key":{"remoteJid":"status@broadcast","fromMe":false,"id":"3A1117D3207339F3D330","participant":"919881311404@s.whatsapp.net","participantLid":"218034081935409@lid"},"err":{"type":"Error","message":"Received message with old counter: 1, 0","stack":"Error: Received message with old counter: 1, 0\n    at GroupCipher.getSenderKey (file:///Users/mohankalburgi/swaryoga.com-db/swaryoga.com-db/deploy/wa-baileys/node_modules/@whiskeysockets/baileys/lib/Signal/Group/group_cipher.js:62:19)\n    at Object.awaitable (file:///Users/mohankalburgi/swaryoga.com-db/swaryoga.com-db/deploy/wa-baileys/node_modules/@whiskeysockets/baileys/lib/Signal/Group/group_cipher.js:46:36)\n    at process.processTicksAndRejections (node:internal/process/task_queues:103:5)\n    at async _asyncQueueExecutor (file:///Users/mohankalburgi/swaryoga.com-db/swaryoga.com-db/deploy/wa-baileys/node_modules/@whiskeysockets/baileys/lib/Signal/Group/queue-job.js:10:29)"},"msg":"failed to decrypt message"}
[CONNECTED] WhatsApp connected as: 919309986820:74@s.whatsapp.net Swar Yoga
{"level":40,"time":1772727038935,"pid":45016,"hostname":"Mohans-iMac.local","msg":"Timeout in AwaitingInitialSync, forcing state to Online and flushing buffer"}
[GROUPS] Prefetched 273 group names
{"level":50,"time":1772727040768,"pid":45016,"hostname":"Mohans-iMac.local","node":{"tag":"stream:error","attrs":{},"content":[{"tag":"conflict","attrs":{"type":"replaced"}}]},"msg":"stream errored out"}
[DISCONNECTED] Status: 440, intentional: false
[RECONNECT] Attempt 1/50 in 2000ms
[AUTH] Using MongoDB-backed auth state
[BAILEYS] Starting v2.3000.1033846690
[CRASH-GUARD] Unhandled rejection: Error: Connection Closed
    at sendRawMessage (file:///Users/mohankalburgi/swaryoga.com-db/swaryoga.com-db/deploy/wa-baileys/node_modules/@whiskeysockets/baileys/lib/Socket/socket.js:56:19)
    at sendNode (file:///Users/mohankalburgi/swaryoga.com-db/swaryoga.com-db/deploy/wa-baileys/node_modules/@whiskeysockets/baileys/lib/Socket/socket.js:75:16)
    at file:///Users/mohankalburgi/swaryoga.com-db/swaryoga.com-db/deploy/wa-baileys/node_modules/@whiskeysockets/baileys/lib/Socket/messages-send.js:487:19
    at process.processTicksAndRejections (node:internal/process/task_queues:103:5)
    at async Object.transaction (file:///Users/mohankalburgi/swaryoga.com-db/swaryoga.com-db/deploy/wa-baileys/node_modules/@whiskeysockets/baileys/lib/Utils/auth-utils.js:126:26)
    at async relayMessage (file:///Users/mohankalburgi/swaryoga.com-db/swaryoga.com-db/deploy/wa-baileys/node_modules/@whiskeysockets/baileys/lib/Socket/messages-send.js:288:9)
    at async sendPeerDataOperationMessage (file:///Users/mohankalburgi/swaryoga.com-db/swaryoga.com-db/deploy/wa-baileys/node_modules/@whiskeysockets/baileys/lib/Socket/messages-send.js:211:23)
    at async sendRetryRequest (file:///Users/mohankalburgi/swaryoga.com-db/swaryoga.com-db/deploy/wa-baileys/node_modules/@whiskeysockets/baileys/lib/Socket/messages-recv.js:100:27)
    at async file:///Users/mohankalburgi/swaryoga.com-db/swaryoga.com-db/deploy/wa-baileys/node_modules/@whiskeysockets/baileys/lib/Socket/messages-recv.js:661:33
    at async file:///Users/mohankalburgi/swaryoga.com-db/swaryoga.com-db/deploy/wa-baileys/node_modules/@whiskeysockets/baileys/lib/Utils/make-mutex.js:16:36 {
  data: null,
  isBoom: true,
  isServer: false,
  output: {
    statusCode: 428,
    payload: {
      statusCode: 428,
      error: 'Precondition Required',
      message: 'Connection Closed'
    },
    headers: {}
  }
}
{"level":50,"time":1772727043927,"pid":45016,"hostname":"Mohans-iMac.local","key":{"remoteJid":"status@broadcast","fromMe":false,"id":"3A1117D3207339F3D330","participant":"919881311404@s.whatsapp.net","participantLid":"218034081935409@lid"},"err":{"type":"MessageCounterError","message":"Key used already or never filled","stack":"MessageCounterError: Key used already or never filled\n    at SessionCipher.doDecryptWhisperMessage (/Users/mohankalburgi/swaryoga.com-db/swaryoga.com-db/deploy/wa-baileys/node_modules/libsignal/src/session_cipher.js:236:19)\n    at 919881311404.0 [as awaitable] (/Users/mohankalburgi/swaryoga.com-db/swaryoga.com-db/deploy/wa-baileys/node_modules/libsignal/src/session_cipher.js:207:42)\n    at process.processTicksAndRejections (node:internal/process/task_queues:103:5)\n    at async _asyncQueueExecutor (/Users/mohankalburgi/swaryoga.com-db/swaryoga.com-db/deploy/wa-baileys/node_modules/libsignal/src/queue_job.js:20:29)","name":"MessageCounterError"},"msg":"failed to decrypt message"}
{"level":50,"time":1772727043947,"pid":45016,"hostname":"Mohans-iMac.local","key":{"remoteJid":"status@broadcast","fromMe":false,"id":"3A1117D3207339F3D330","participant":"919881311404@s.whatsapp.net","participantLid":"218034081935409@lid"},"err":{"type":"Error","message":"Received message with old counter: 1, 0","stack":"Error: Received message with old counter: 1, 0\n    at GroupCipher.getSenderKey (file:///Users/mohankalburgi/swaryoga.com-db/swaryoga.com-db/deploy/wa-baileys/node_modules/@whiskeysockets/baileys/lib/Signal/Group/group_cipher.js:62:19)\n    at Object.awaitable (file:///Users/mohankalburgi/swaryoga.com-db/swaryoga.com-db/deploy/wa-baileys/node_modules/@whiskeysockets/baileys/lib/Signal/Group/group_cipher.js:46:36)\n    at process.processTicksAndRejections (node:internal/process/task_queues:103:5)\n    at async _asyncQueueExecutor (file:///Users/mohankalburgi/swaryoga.com-db/swaryoga.com-db/deploy/wa-baileys/node_modules/@whiskeysockets/baileys/lib/Signal/Group/queue-job.js:10:29)"},"msg":"failed to decrypt message"}
[CONNECTED] WhatsApp connected as: 919309986820:74@s.whatsapp.net Swar Yoga
{"level":40,"time":1772727045339,"pid":45016,"hostname":"Mohans-iMac.local","msg":"Timeout in AwaitingInitialSync, forcing state to Online and flushing buffer"}
[GROUPS] Prefetched 273 group names
{"level":50,"time":1772727046895,"pid":45016,"hostname":"Mohans-iMac.local","node":{"tag":"stream:error","attrs":{},"content":[{"tag":"conflict","attrs":{"type":"replaced"}}]},"msg":"stream errored out"}
[DISCONNECTED] Status: 440, intentional: false
[RECONNECT] Attempt 1/50 in 2000ms
[AUTH] Using MongoDB-backed auth state
[BAILEYS] Starting v2.3000.1033846690
[CRASH-GUARD] Unhandled rejection: Error: Connection Closed
    at sendRawMessage (file:///Users/mohankalburgi/swaryoga.com-db/swaryoga.com-db/deploy/wa-baileys/node_modules/@whiskeysockets/baileys/lib/Socket/socket.js:56:19)
    at sendNode (file:///Users/mohankalburgi/swaryoga.com-db/swaryoga.com-db/deploy/wa-baileys/node_modules/@whiskeysockets/baileys/lib/Socket/socket.js:75:16)
    at file:///Users/mohankalburgi/swaryoga.com-db/swaryoga.com-db/deploy/wa-baileys/node_modules/@whiskeysockets/baileys/lib/Socket/messages-send.js:487:19
    at process.processTicksAndRejections (node:internal/process/task_queues:103:5)
    at async Object.transaction (file:///Users/mohankalburgi/swaryoga.com-db/swaryoga.com-db/deploy/wa-baileys/node_modules/@whiskeysockets/baileys/lib/Utils/auth-utils.js:126:26)
    at async relayMessage (file:///Users/mohankalburgi/swaryoga.com-db/swaryoga.com-db/deploy/wa-baileys/node_modules/@whiskeysockets/baileys/lib/Socket/messages-send.js:288:9)
    at async sendPeerDataOperationMessage (file:///Users/mohankalburgi/swaryoga.com-db/swaryoga.com-db/deploy/wa-baileys/node_modules/@whiskeysockets/baileys/lib/Socket/messages-send.js:211:23)
    at async sendRetryRequest (file:///Users/mohankalburgi/swaryoga.com-db/swaryoga.com-db/deploy/wa-baileys/node_modules/@whiskeysockets/baileys/lib/Socket/messages-recv.js:100:27)
    at async file:///Users/mohankalburgi/swaryoga.com-db/swaryoga.com-db/deploy/wa-baileys/node_modules/@whiskeysockets/baileys/lib/Socket/messages-recv.js:661:33
    at async file:///Users/mohankalburgi/swaryoga.com-db/swaryoga.com-db/deploy/wa-baileys/node_modules/@whiskeysockets/baileys/lib/Utils/make-mutex.js:16:36 {
  data: null,
  isBoom: true,
  isServer: false,
  output: {
    statusCode: 428,
    payload: {
      statusCode: 428,
      error: 'Precondition Required',
      message: 'Connection Closed'
    },
    headers: {}
  }
}
{"level":50,"time":1772727049890,"pid":45016,"hostname":"Mohans-iMac.local","key":{"remoteJid":"status@broadcast","fromMe":false,"id":"3A1117D3207339F3D330","participant":"919881311404@s.whatsapp.net","participantLid":"218034081935409@lid"},"err":{"type":"MessageCounterError","message":"Key used already or never filled","stack":"MessageCounterError: Key used already or never filled\n    at SessionCipher.doDecryptWhisperMessage (/Users/mohankalburgi/swaryoga.com-db/swaryoga.com-db/deploy/wa-baileys/node_modules/libsignal/src/session_cipher.js:236:19)\n    at 919881311404.0 [as awaitable] (/Users/mohankalburgi/swaryoga.com-db/swaryoga.com-db/deploy/wa-baileys/node_modules/libsignal/src/session_cipher.js:207:42)\n    at process.processTicksAndRejections (node:internal/process/task_queues:103:5)\n    at async _asyncQueueExecutor (/Users/mohankalburgi/swaryoga.com-db/swaryoga.com-db/deploy/wa-baileys/node_modules/libsignal/src/queue_job.js:20:29)","name":"MessageCounterError"},"msg":"failed to decrypt message"}
{"level":50,"time":1772727049909,"pid":45016,"hostname":"Mohans-iMac.local","key":{"remoteJid":"status@broadcast","fromMe":false,"id":"3A1117D3207339F3D330","participant":"919881311404@s.whatsapp.net","participantLid":"218034081935409@lid"},"err":{"type":"Error","message":"Received message with old counter: 1, 0","stack":"Error: Received message with old counter: 1, 0\n    at GroupCipher.getSenderKey (file:///Users/mohankalburgi/swaryoga.com-db/swaryoga.com-db/deploy/wa-baileys/node_modules/@whiskeysockets/baileys/lib/Signal/Group/group_cipher.js:62:19)\n    at Object.awaitable (file:///Users/mohankalburgi/swaryoga.com-db/swaryoga.com-db/deploy/wa-baileys/node_modules/@whiskeysockets/baileys/lib/Signal/Group/group_cipher.js:46:36)\n    at process.processTicksAndRejections (node:internal/process/task_queues:103:5)\n    at async _asyncQueueExecutor (file:///Users/mohankalburgi/swaryoga.com-db/swaryoga.com-db/deploy/wa-baileys/node_modules/@whiskeysockets/baileys/lib/Signal/Group/queue-job.js:10:29)"},"msg":"failed to decrypt message"}
[CONNECTED] WhatsApp connected as: 919309986820:74@s.whatsapp.net Swar Yoga
{"level":40,"time":1772727051744,"pid":45016,"hostname":"Mohans-iMac.local","msg":"Timeout in AwaitingInitialSync, forcing state to Online and flushing buffer"}
[GROUPS] Prefetched 273 group names
{"level":50,"time":1772727052897,"pid":45016,"hostname":"Mohans-iMac.local","node":{"tag":"stream:error","attrs":{},"content":[{"tag":"conflict","attrs":{"type":"replaced"}}]},"msg":"stream errored out"}
[DISCONNECTED] Status: 440, intentional: false
[RECONNECT] Attempt 1/50 in 2000ms
[AUTH] Using MongoDB-backed auth state
[CRASH-GUARD] Unhandled rejection: Error: Connection Closed
    at sendRawMessage (file:///Users/mohankalburgi/swaryoga.com-db/swaryoga.com-db/deploy/wa-baileys/node_modules/@whiskeysockets/baileys/lib/Socket/socket.js:56:19)
    at sendNode (file:///Users/mohankalburgi/swaryoga.com-db/swaryoga.com-db/deploy/wa-baileys/node_modules/@whiskeysockets/baileys/lib/Socket/socket.js:75:16)
    at file:///Users/mohankalburgi/swaryoga.com-db/swaryoga.com-db/deploy/wa-baileys/node_modules/@whiskeysockets/baileys/lib/Socket/messages-send.js:487:19
    at process.processTicksAndRejections (node:internal/process/task_queues:103:5)
    at async Object.transaction (file:///Users/mohankalburgi/swaryoga.com-db/swaryoga.com-db/deploy/wa-baileys/node_modules/@whiskeysockets/baileys/lib/Utils/auth-utils.js:126:26)
    at async relayMessage (file:///Users/mohankalburgi/swaryoga.com-db/swaryoga.com-db/deploy/wa-baileys/node_modules/@whiskeysockets/baileys/lib/Socket/messages-send.js:288:9)
    at async sendPeerDataOperationMessage (file:///Users/mohankalburgi/swaryoga.com-db/swaryoga.com-db/deploy/wa-baileys/node_modules/@whiskeysockets/baileys/lib/Socket/messages-send.js:211:23)
    at async sendRetryRequest (file:///Users/mohankalburgi/swaryoga.com-db/swaryoga.com-db/deploy/wa-baileys/node_modules/@whiskeysockets/baileys/lib/Socket/messages-recv.js:100:27)
    at async file:///Users/mohankalburgi/swaryoga.com-db/swaryoga.com-db/deploy/wa-baileys/node_modules/@whiskeysockets/baileys/lib/Socket/messages-recv.js:661:33
    at async file:///Users/mohankalburgi/swaryoga.com-db/swaryoga.com-db/deploy/wa-baileys/node_modules/@whiskeysockets/baileys/lib/Utils/make-mutex.js:16:36 {
  data: null,
  isBoom: true,
  isServer: false,
  output: {
    statusCode: 428,
    payload: {
      statusCode: 428,
      error: 'Precondition Required',
      message: 'Connection Closed'
    },
    headers: {}
  }
}
[BAILEYS] Starting v2.3000.1033846690
{"level":50,"time":1772727056360,"pid":45016,"hostname":"Mohans-iMac.local","key":{"remoteJid":"status@broadcast","fromMe":false,"id":"3A1117D3207339F3D330","participant":"919881311404@s.whatsapp.net","participantLid":"218034081935409@lid"},"err":{"type":"MessageCounterError","message":"Key used already or never filled","stack":"MessageCounterError: Key used already or never filled\n    at SessionCipher.doDecryptWhisperMessage (/Users/mohankalburgi/swaryoga.com-db/swaryoga.com-db/deploy/wa-baileys/node_modules/libsignal/src/session_cipher.js:236:19)\n    at 919881311404.0 [as awaitable] (/Users/mohankalburgi/swaryoga.com-db/swaryoga.com-db/deploy/wa-baileys/node_modules/libsignal/src/session_cipher.js:207:42)\n    at process.processTicksAndRejections (node:internal/process/task_queues:103:5)\n    at async _asyncQueueExecutor (/Users/mohankalburgi/swaryoga.com-db/swaryoga.com-db/deploy/wa-baileys/node_modules/libsignal/src/queue_job.js:20:29)","name":"MessageCounterError"},"msg":"failed to decrypt message"}
{"level":50,"time":1772727056375,"pid":45016,"hostname":"Mohans-iMac.local","key":{"remoteJid":"status@broadcast","fromMe":false,"id":"3A1117D3207339F3D330","participant":"919881311404@s.whatsapp.net","participantLid":"218034081935409@lid"},"err":{"type":"Error","message":"Received message with old counter: 1, 0","stack":"Error: Received message with old counter: 1, 0\n    at GroupCipher.getSenderKey (file:///Users/mohankalburgi/swaryoga.com-db/swaryoga.com-db/deploy/wa-baileys/node_modules/@whiskeysockets/baileys/lib/Signal/Group/group_cipher.js:62:19)\n    at Object.awaitable (file:///Users/mohankalburgi/swaryoga.com-db/swaryoga.com-db/deploy/wa-baileys/node_modules/@whiskeysockets/baileys/lib/Signal/Group/group_cipher.js:46:36)\n    at process.processTicksAndRejections (node:internal/process/task_queues:103:5)\n    at async _asyncQueueExecutor (file:///Users/mohankalburgi/swaryoga.com-db/swaryoga.com-db/deploy/wa-baileys/node_modules/@whiskeysockets/baileys/lib/Signal/Group/queue-job.js:10:29)"},"msg":"failed to decrypt message"}
[CONNECTED] WhatsApp connected as: 919309986820:74@s.whatsapp.net Swar Yoga
{"level":40,"time":1772727058018,"pid":45016,"hostname":"Mohans-iMac.local","msg":"Timeout in AwaitingInitialSync, forcing state to Online and flushing buffer"}
[GROUPS] Prefetched 273 group names
{"level":50,"time":1772727059131,"pid":45016,"hostname":"Mohans-iMac.local","node":{"tag":"stream:error","attrs":{},"content":[{"tag":"conflict","attrs":{"type":"replaced"}}]},"msg":"stream errored out"}
[DISCONNECTED] Status: 440, intentional: false
[RECONNECT] Attempt 1/50 in 2000ms
[AUTH] Using MongoDB-backed auth state
[BAILEYS] Starting v2.3000.1033846690
[CRASH-GUARD] Unhandled rejection: Error: Connection Closed
    at sendRawMessage (file:///Users/mohankalburgi/swaryoga.com-db/swaryoga.com-db/deploy/wa-baileys/node_modules/@whiskeysockets/baileys/lib/Socket/socket.js:56:19)
    at sendNode (file:///Users/mohankalburgi/swaryoga.com-db/swaryoga.com-db/deploy/wa-baileys/node_modules/@whiskeysockets/baileys/lib/Socket/socket.js:75:16)
    at file:///Users/mohankalburgi/swaryoga.com-db/swaryoga.com-db/deploy/wa-baileys/node_modules/@whiskeysockets/baileys/lib/Socket/messages-send.js:487:19
    at process.processTicksAndRejections (node:internal/process/task_queues:103:5)
    at async Object.transaction (file:///Users/mohankalburgi/swaryoga.com-db/swaryoga.com-db/deploy/wa-baileys/node_modules/@whiskeysockets/baileys/lib/Utils/auth-utils.js:126:26)
    at async relayMessage (file:///Users/mohankalburgi/swaryoga.com-db/swaryoga.com-db/deploy/wa-baileys/node_modules/@whiskeysockets/baileys/lib/Socket/messages-send.js:288:9)
    at async sendPeerDataOperationMessage (file:///Users/mohankalburgi/swaryoga.com-db/swaryoga.com-db/deploy/wa-baileys/node_modules/@whiskeysockets/baileys/lib/Socket/messages-send.js:211:23)
    at async sendRetryRequest (file:///Users/mohankalburgi/swaryoga.com-db/swaryoga.com-db/deploy/wa-baileys/node_modules/@whiskeysockets/baileys/lib/Socket/messages-recv.js:100:27)
    at async file:///Users/mohankalburgi/swaryoga.com-db/swaryoga.com-db/deploy/wa-baileys/node_modules/@whiskeysockets/baileys/lib/Socket/messages-recv.js:661:33
    at async file:///Users/mohankalburgi/swaryoga.com-db/swaryoga.com-db/deploy/wa-baileys/node_modules/@whiskeysockets/baileys/lib/Utils/make-mutex.js:16:36 {
  data: null,
  isBoom: true,
  isServer: false,
  output: {
    statusCode: 428,
    payload: {
      statusCode: 428,
      error: 'Precondition Required',
      message: 'Connection Closed'
    },
    headers: {}
  }
}
{"level":50,"time":1772727062322,"pid":45016,"hostname":"Mohans-iMac.local","key":{"remoteJid":"status@broadcast","fromMe":false,"id":"3A1117D3207339F3D330","participant":"919881311404@s.whatsapp.net","participantLid":"218034081935409@lid"},"err":{"type":"MessageCounterError","message":"Key used already or never filled","stack":"MessageCounterError: Key used already or never filled\n    at SessionCipher.doDecryptWhisperMessage (/Users/mohankalburgi/swaryoga.com-db/swaryoga.com-db/deploy/wa-baileys/node_modules/libsignal/src/session_cipher.js:236:19)\n    at 919881311404.0 [as awaitable] (/Users/mohankalburgi/swaryoga.com-db/swaryoga.com-db/deploy/wa-baileys/node_modules/libsignal/src/session_cipher.js:207:42)\n    at process.processTicksAndRejections (node:internal/process/task_queues:103:5)\n    at async _asyncQueueExecutor (/Users/mohankalburgi/swaryoga.com-db/swaryoga.com-db/deploy/wa-baileys/node_modules/libsignal/src/queue_job.js:20:29)","name":"MessageCounterError"},"msg":"failed to decrypt message"}
{"level":50,"time":1772727062339,"pid":45016,"hostname":"Mohans-iMac.local","key":{"remoteJid":"status@broadcast","fromMe":false,"id":"3A1117D3207339F3D330","participant":"919881311404@s.whatsapp.net","participantLid":"218034081935409@lid"},"err":{"type":"Error","message":"Received message with old counter: 1, 0","stack":"Error: Received message with old counter: 1, 0\n    at GroupCipher.getSenderKey (file:///Users/mohankalburgi/swaryoga.com-db/swaryoga.com-db/deploy/wa-baileys/node_modules/@whiskeysockets/baileys/lib/Signal/Group/group_cipher.js:62:19)\n    at Object.awaitable (file:///Users/mohankalburgi/swaryoga.com-db/swaryoga.com-db/deploy/wa-baileys/node_modules/@whiskeysockets/baileys/lib/Signal/Group/group_cipher.js:46:36)\n    at process.processTicksAndRejections (node:internal/process/task_queues:103:5)\n    at async _asyncQueueExecutor (file:///Users/mohankalburgi/swaryoga.com-db/swaryoga.com-db/deploy/wa-baileys/node_modules/@whiskeysockets/baileys/lib/Signal/Group/queue-job.js:10:29)"},"msg":"failed to decrypt message"}
[CONNECTED] WhatsApp connected as: 919309986820:74@s.whatsapp.net Swar Yoga
{"level":40,"time":1772727063920,"pid":45016,"hostname":"Mohans-iMac.local","msg":"Timeout in AwaitingInitialSync, forcing state to Online and flushing buffer"}
{"level":50,"time":1772727065461,"pid":45016,"hostname":"Mohans-iMac.local","node":{"tag":"stream:error","attrs":{},"content":[{"tag":"conflict","attrs":{"type":"replaced"}}]},"msg":"stream errored out"}
[DISCONNECTED] Status: 440, intentional: false
[RECONNECT] Attempt 1/50 in 2000ms
[GROUPS] Prefetched 273 group names
[CRASH-GUARD] Unhandled rejection: Error: Connection Closed
    at sendRawMessage (file:///Users/mohankalburgi/swaryoga.com-db/swaryoga.com-db/deploy/wa-baileys/node_modules/@whiskeysockets/baileys/lib/Socket/socket.js:56:19)
    at sendNode (file:///Users/mohankalburgi/swaryoga.com-db/swaryoga.com-db/deploy/wa-baileys/node_modules/@whiskeysockets/baileys/lib/Socket/socket.js:75:16)
    at file:///Users/mohankalburgi/swaryoga.com-db/swaryoga.com-db/deploy/wa-baileys/node_modules/@whiskeysockets/baileys/lib/Socket/messages-send.js:487:19
    at process.processTicksAndRejections (node:internal/process/task_queues:103:5)
    at async Object.transaction (file:///Users/mohankalburgi/swaryoga.com-db/swaryoga.com-db/deploy/wa-baileys/node_modules/@whiskeysockets/baileys/lib/Utils/auth-utils.js:126:26)
    at async relayMessage (file:///Users/mohankalburgi/swaryoga.com-db/swaryoga.com-db/deploy/wa-baileys/node_modules/@whiskeysockets/baileys/lib/Socket/messages-send.js:288:9)
    at async sendPeerDataOperationMessage (file:///Users/mohankalburgi/swaryoga.com-db/swaryoga.com-db/deploy/wa-baileys/node_modules/@whiskeysockets/baileys/lib/Socket/messages-send.js:211:23)
    at async sendRetryRequest (file:///Users/mohankalburgi/swaryoga.com-db/swaryoga.com-db/deploy/wa-baileys/node_modules/@whiskeysockets/baileys/lib/Socket/messages-recv.js:100:27)
    at async file:///Users/mohankalburgi/swaryoga.com-db/swaryoga.com-db/deploy/wa-baileys/node_modules/@whiskeysockets/baileys/lib/Socket/messages-recv.js:661:33
    at async file:///Users/mohankalburgi/swaryoga.com-db/swaryoga.com-db/deploy/wa-baileys/node_modules/@whiskeysockets/baileys/lib/Utils/make-mutex.js:16:36 {
  data: null,
  isBoom: true,
  isServer: false,
  output: {
    statusCode: 428,
    payload: {
      statusCode: 428,
      error: 'Precondition Required',
      message: 'Connection Closed'
    },
    headers: {}
  }
}
[AUTH] Using MongoDB-backed auth state
[BAILEYS] Starting v2.3000.1033846690
{"level":50,"time":1772727068633,"pid":45016,"hostname":"Mohans-iMac.local","key":{"remoteJid":"status@broadcast","fromMe":false,"id":"3A1117D3207339F3D330","participant":"919881311404@s.whatsapp.net","participantLid":"218034081935409@lid"},"err":{"type":"MessageCounterError","message":"Key used already or never filled","stack":"MessageCounterError: Key used already or never filled\n    at SessionCipher.doDecryptWhisperMessage (/Users/mohankalburgi/swaryoga.com-db/swaryoga.com-db/deploy/wa-baileys/node_modules/libsignal/src/session_cipher.js:236:19)\n    at 919881311404.0 [as awaitable] (/Users/mohankalburgi/swaryoga.com-db/swaryoga.com-db/deploy/wa-baileys/node_modules/libsignal/src/session_cipher.js:207:42)\n    at process.processTicksAndRejections (node:internal/process/task_queues:103:5)\n    at async _asyncQueueExecutor (/Users/mohankalburgi/swaryoga.com-db/swaryoga.com-db/deploy/wa-baileys/node_modules/libsignal/src/queue_job.js:20:29)","name":"MessageCounterError"},"msg":"failed to decrypt message"}
{"level":50,"time":1772727068650,"pid":45016,"hostname":"Mohans-iMac.local","key":{"remoteJid":"status@broadcast","fromMe":false,"id":"3A1117D3207339F3D330","participant":"919881311404@s.whatsapp.net","participantLid":"218034081935409@lid"},"err":{"type":"Error","message":"Received message with old counter: 1, 0","stack":"Error: Received message with old counter: 1, 0\n    at GroupCipher.getSenderKey (file:///Users/mohankalburgi/swaryoga.com-db/swaryoga.com-db/deploy/wa-baileys/node_modules/@whiskeysockets/baileys/lib/Signal/Group/group_cipher.js:62:19)\n    at Object.awaitable (file:///Users/mohankalburgi/swaryoga.com-db/swaryoga.com-db/deploy/wa-baileys/node_modules/@whiskeysockets/baileys/lib/Signal/Group/group_cipher.js:46:36)\n    at process.processTicksAndRejections (node:internal/process/task_queues:103:5)\n    at async _asyncQueueExecutor (file:///Users/mohankalburgi/swaryoga.com-db/swaryoga.com-db/deploy/wa-baileys/node_modules/@whiskeysockets/baileys/lib/Signal/Group/queue-job.js:10:29)"},"msg":"failed to decrypt message"}
[CONNECTED] WhatsApp connected as: 919309986820:74@s.whatsapp.net Swar Yoga
{"level":40,"time":1772727069896,"pid":45016,"hostname":"Mohans-iMac.local","msg":"Timeout in AwaitingInitialSync, forcing state to Online and flushing buffer"}
{"level":50,"time":1772727071802,"pid":45016,"hostname":"Mohans-iMac.local","node":{"tag":"stream:error","attrs":{},"content":[{"tag":"conflict","attrs":{"type":"replaced"}}]},"msg":"stream errored out"}
[DISCONNECTED] Status: 440, intentional: false
[RECONNECT] Attempt 1/50 in 2000ms
[GROUPS] Prefetched 273 group names
[CRASH-GUARD] Unhandled rejection: Error: Connection Closed
    at sendRawMessage (file:///Users/mohankalburgi/swaryoga.com-db/swaryoga.com-db/deploy/wa-baileys/node_modules/@whiskeysockets/baileys/lib/Socket/socket.js:56:19)
    at sendNode (file:///Users/mohankalburgi/swaryoga.com-db/swaryoga.com-db/deploy/wa-baileys/node_modules/@whiskeysockets/baileys/lib/Socket/socket.js:75:16)
    at file:///Users/mohankalburgi/swaryoga.com-db/swaryoga.com-db/deploy/wa-baileys/node_modules/@whiskeysockets/baileys/lib/Socket/messages-send.js:487:19
    at process.processTicksAndRejections (node:internal/process/task_queues:103:5)
    at async Object.transaction (file:///Users/mohankalburgi/swaryoga.com-db/swaryoga.com-db/deploy/wa-baileys/node_modules/@whiskeysockets/baileys/lib/Utils/auth-utils.js:126:26)
    at async relayMessage (file:///Users/mohankalburgi/swaryoga.com-db/swaryoga.com-db/deploy/wa-baileys/node_modules/@whiskeysockets/baileys/lib/Socket/messages-send.js:288:9)
    at async sendPeerDataOperationMessage (file:///Users/mohankalburgi/swaryoga.com-db/swaryoga.com-db/deploy/wa-baileys/node_modules/@whiskeysockets/baileys/lib/Socket/messages-send.js:211:23)
    at async sendRetryRequest (file:///Users/mohankalburgi/swaryoga.com-db/swaryoga.com-db/deploy/wa-baileys/node_modules/@whiskeysockets/baileys/lib/Socket/messages-recv.js:100:27)
    at async file:///Users/mohankalburgi/swaryoga.com-db/swaryoga.com-db/deploy/wa-baileys/node_modules/@whiskeysockets/baileys/lib/Socket/messages-recv.js:661:33
    at async file:///Users/mohankalburgi/swaryoga.com-db/swaryoga.com-db/deploy/wa-baileys/node_modules/@whiskeysockets/baileys/lib/Utils/make-mutex.js:16:36 {
  data: null,
  isBoom: true,
  isServer: false,
  output: {
    statusCode: 428,
    payload: {
      statusCode: 428,
      error: 'Precondition Required',
      message: 'Connection Closed'
    },
    headers: {}
  }
}
[AUTH] Using MongoDB-backed auth state
[BAILEYS] Starting v2.3000.1033846690
{"level":50,"time":1772727074927,"pid":45016,"hostname":"Mohans-iMac.local","key":{"remoteJid":"status@broadcast","fromMe":false,"id":"3A1117D3207339F3D330","participant":"919881311404@s.whatsapp.net","participantLid":"218034081935409@lid"},"err":{"type":"MessageCounterError","message":"Key used already or never filled","stack":"MessageCounterError: Key used already or never filled\n    at SessionCipher.doDecryptWhisperMessage (/Users/mohankalburgi/swaryoga.com-db/swaryoga.com-db/deploy/wa-baileys/node_modules/libsignal/src/session_cipher.js:236:19)\n    at 919881311404.0 [as awaitable] (/Users/mohankalburgi/swaryoga.com-db/swaryoga.com-db/deploy/wa-baileys/node_modules/libsignal/src/session_cipher.js:207:42)\n    at process.processTicksAndRejections (node:internal/process/task_queues:103:5)\n    at async _asyncQueueExecutor (/Users/mohankalburgi/swaryoga.com-db/swaryoga.com-db/deploy/wa-baileys/node_modules/libsignal/src/queue_job.js:20:29)","name":"MessageCounterError"},"msg":"failed to decrypt message"}
{"level":50,"time":1772727074955,"pid":45016,"hostname":"Mohans-iMac.local","key":{"remoteJid":"status@broadcast","fromMe":false,"id":"3A1117D3207339F3D330","participant":"919881311404@s.whatsapp.net","participantLid":"218034081935409@lid"},"err":{"type":"Error","message":"Received message with old counter: 1, 0","stack":"Error: Received message with old counter: 1, 0\n    at GroupCipher.getSenderKey (file:///Users/mohankalburgi/swaryoga.com-db/swaryoga.com-db/deploy/wa-baileys/node_modules/@whiskeysockets/baileys/lib/Signal/Group/group_cipher.js:62:19)\n    at Object.awaitable (file:///Users/mohankalburgi/swaryoga.com-db/swaryoga.com-db/deploy/wa-baileys/node_modules/@whiskeysockets/baileys/lib/Signal/Group/group_cipher.js:46:36)\n    at process.processTicksAndRejections (node:internal/process/task_queues:103:5)\n    at async _asyncQueueExecutor (file:///Users/mohankalburgi/swaryoga.com-db/swaryoga.com-db/deploy/wa-baileys/node_modules/@whiskeysockets/baileys/lib/Signal/Group/queue-job.js:10:29)"},"msg":"failed to decrypt message"}
[CONNECTED] WhatsApp connected as: 919309986820:74@s.whatsapp.net Swar Yoga
{"level":40,"time":1772727076365,"pid":45016,"hostname":"Mohans-iMac.local","msg":"Timeout in AwaitingInitialSync, forcing state to Online and flushing buffer"}
[GROUPS] Prefetched 273 group names
{"level":50,"time":1772727077505,"pid":45016,"hostname":"Mohans-iMac.local","node":{"tag":"stream:error","attrs":{},"content":[{"tag":"conflict","attrs":{"type":"replaced"}}]},"msg":"stream errored out"}
[DISCONNECTED] Status: 440, intentional: false
[RECONNECT] Attempt 1/50 in 2000ms
[AUTH] Using MongoDB-backed auth state
[BAILEYS] Starting v2.3000.1033846690
[CRASH-GUARD] Unhandled rejection: Error: Connection Closed
    at sendRawMessage (file:///Users/mohankalburgi/swaryoga.com-db/swaryoga.com-db/deploy/wa-baileys/node_modules/@whiskeysockets/baileys/lib/Socket/socket.js:56:19)
    at sendNode (file:///Users/mohankalburgi/swaryoga.com-db/swaryoga.com-db/deploy/wa-baileys/node_modules/@whiskeysockets/baileys/lib/Socket/socket.js:75:16)
    at file:///Users/mohankalburgi/swaryoga.com-db/swaryoga.com-db/deploy/wa-baileys/node_modules/@whiskeysockets/baileys/lib/Socket/messages-send.js:487:19
    at process.processTicksAndRejections (node:internal/process/task_queues:103:5)
    at async Object.transaction (file:///Users/mohankalburgi/swaryoga.com-db/swaryoga.com-db/deploy/wa-baileys/node_modules/@whiskeysockets/baileys/lib/Utils/auth-utils.js:126:26)
    at async relayMessage (file:///Users/mohankalburgi/swaryoga.com-db/swaryoga.com-db/deploy/wa-baileys/node_modules/@whiskeysockets/baileys/lib/Socket/messages-send.js:288:9)
    at async sendPeerDataOperationMessage (file:///Users/mohankalburgi/swaryoga.com-db/swaryoga.com-db/deploy/wa-baileys/node_modules/@whiskeysockets/baileys/lib/Socket/messages-send.js:211:23)
    at async sendRetryRequest (file:///Users/mohankalburgi/swaryoga.com-db/swaryoga.com-db/deploy/wa-baileys/node_modules/@whiskeysockets/baileys/lib/Socket/messages-recv.js:100:27)
    at async file:///Users/mohankalburgi/swaryoga.com-db/swaryoga.com-db/deploy/wa-baileys/node_modules/@whiskeysockets/baileys/lib/Socket/messages-recv.js:661:33
    at async file:///Users/mohankalburgi/swaryoga.com-db/swaryoga.com-db/deploy/wa-baileys/node_modules/@whiskeysockets/baileys/lib/Utils/make-mutex.js:16:36 {
  data: null,
  isBoom: true,
  isServer: false,
  output: {
    statusCode: 428,
    payload: {
      statusCode: 428,
      error: 'Precondition Required',
      message: 'Connection Closed'
    },
    headers: {}
  }
}
{"level":50,"time":1772727080625,"pid":45016,"hostname":"Mohans-iMac.local","key":{"remoteJid":"status@broadcast","fromMe":false,"id":"3A1117D3207339F3D330","participant":"919881311404@s.whatsapp.net","participantLid":"218034081935409@lid"},"err":{"type":"MessageCounterError","message":"Key used already or never filled","stack":"MessageCounterError: Key used already or never filled\n    at SessionCipher.doDecryptWhisperMessage (/Users/mohankalburgi/swaryoga.com-db/swaryoga.com-db/deploy/wa-baileys/node_modules/libsignal/src/session_cipher.js:236:19)\n    at 919881311404.0 [as awaitable] (/Users/mohankalburgi/swaryoga.com-db/swaryoga.com-db/deploy/wa-baileys/node_modules/libsignal/src/session_cipher.js:207:42)\n    at process.processTicksAndRejections (node:internal/process/task_queues:103:5)\n    at async _asyncQueueExecutor (/Users/mohankalburgi/swaryoga.com-db/swaryoga.com-db/deploy/wa-baileys/node_modules/libsignal/src/queue_job.js:20:29)","name":"MessageCounterError"},"msg":"failed to decrypt message"}
{"level":50,"time":1772727080641,"pid":45016,"hostname":"Mohans-iMac.local","key":{"remoteJid":"status@broadcast","fromMe":false,"id":"3A1117D3207339F3D330","participant":"919881311404@s.whatsapp.net","participantLid":"218034081935409@lid"},"err":{"type":"Error","message":"Received message with old counter: 1, 0","stack":"Error: Received message with old counter: 1, 0\n    at GroupCipher.getSenderKey (file:///Users/mohankalburgi/swaryoga.com-db/swaryoga.com-db/deploy/wa-baileys/node_modules/@whiskeysockets/baileys/lib/Signal/Group/group_cipher.js:62:19)\n    at Object.awaitable (file:///Users/mohankalburgi/swaryoga.com-db/swaryoga.com-db/deploy/wa-baileys/node_modules/@whiskeysockets/baileys/lib/Signal/Group/group_cipher.js:46:36)\n    at process.processTicksAndRejections (node:internal/process/task_queues:103:5)\n    at async _asyncQueueExecutor (file:///Users/mohankalburgi/swaryoga.com-db/swaryoga.com-db/deploy/wa-baileys/node_modules/@whiskeysockets/baileys/lib/Signal/Group/queue-job.js:10:29)"},"msg":"failed to decrypt message"}
[CONNECTED] WhatsApp connected as: 919309986820:74@s.whatsapp.net Swar Yoga
{"level":40,"time":1772727082332,"pid":45016,"hostname":"Mohans-iMac.local","msg":"Timeout in AwaitingInitialSync, forcing state to Online and flushing buffer"}
[GROUPS] Prefetched 273 group names
{"level":50,"time":1772727083995,"pid":45016,"hostname":"Mohans-iMac.local","node":{"tag":"stream:error","attrs":{},"content":[{"tag":"conflict","attrs":{"type":"replaced"}}]},"msg":"stream errored out"}
[DISCONNECTED] Status: 440, intentional: false
[RECONNECT] Attempt 1/50 in 2000ms
[CRASH-GUARD] Unhandled rejection: Error: Connection Closed
    at sendRawMessage (file:///Users/mohankalburgi/swaryoga.com-db/swaryoga.com-db/deploy/wa-baileys/node_modules/@whiskeysockets/baileys/lib/Socket/socket.js:56:19)
    at sendNode (file:///Users/mohankalburgi/swaryoga.com-db/swaryoga.com-db/deploy/wa-baileys/node_modules/@whiskeysockets/baileys/lib/Socket/socket.js:75:16)
    at file:///Users/mohankalburgi/swaryoga.com-db/swaryoga.com-db/deploy/wa-baileys/node_modules/@whiskeysockets/baileys/lib/Socket/messages-send.js:487:19
    at process.processTicksAndRejections (node:internal/process/task_queues:103:5)
    at async Object.transaction (file:///Users/mohankalburgi/swaryoga.com-db/swaryoga.com-db/deploy/wa-baileys/node_modules/@whiskeysockets/baileys/lib/Utils/auth-utils.js:126:26)
    at async relayMessage (file:///Users/mohankalburgi/swaryoga.com-db/swaryoga.com-db/deploy/wa-baileys/node_modules/@whiskeysockets/baileys/lib/Socket/messages-send.js:288:9)
    at async sendPeerDataOperationMessage (file:///Users/mohankalburgi/swaryoga.com-db/swaryoga.com-db/deploy/wa-baileys/node_modules/@whiskeysockets/baileys/lib/Socket/messages-send.js:211:23)
    at async sendRetryRequest (file:///Users/mohankalburgi/swaryoga.com-db/swaryoga.com-db/deploy/wa-baileys/node_modules/@whiskeysockets/baileys/lib/Socket/messages-recv.js:100:27)
    at async file:///Users/mohankalburgi/swaryoga.com-db/swaryoga.com-db/deploy/wa-baileys/node_modules/@whiskeysockets/baileys/lib/Socket/messages-recv.js:661:33
    at async file:///Users/mohankalburgi/swaryoga.com-db/swaryoga.com-db/deploy/wa-baileys/node_modules/@whiskeysockets/baileys/lib/Utils/make-mutex.js:16:36 {
  data: null,
  isBoom: true,
  isServer: false,
  output: {
    statusCode: 428,
    payload: {
      statusCode: 428,
      error: 'Precondition Required',
      message: 'Connection Closed'
    },
    headers: {}
  }
}
[AUTH] Using MongoDB-backed auth state
[BAILEYS] Starting v2.3000.1033846690
{"level":50,"time":1772727087030,"pid":45016,"hostname":"Mohans-iMac.local","key":{"remoteJid":"status@broadcast","fromMe":false,"id":"3A1117D3207339F3D330","participant":"919881311404@s.whatsapp.net","participantLid":"218034081935409@lid"},"err":{"type":"MessageCounterError","message":"Key used already or never filled","stack":"MessageCounterError: Key used already or never filled\n    at SessionCipher.doDecryptWhisperMessage (/Users/mohankalburgi/swaryoga.com-db/swaryoga.com-db/deploy/wa-baileys/node_modules/libsignal/src/session_cipher.js:236:19)\n    at 919881311404.0 [as awaitable] (/Users/mohankalburgi/swaryoga.com-db/swaryoga.com-db/deploy/wa-baileys/node_modules/libsignal/src/session_cipher.js:207:42)\n    at process.processTicksAndRejections (node:internal/process/task_queues:103:5)\n    at async _asyncQueueExecutor (/Users/mohankalburgi/swaryoga.com-db/swaryoga.com-db/deploy/wa-baileys/node_modules/libsignal/src/queue_job.js:20:29)","name":"MessageCounterError"},"msg":"failed to decrypt message"}
{"level":50,"time":1772727087047,"pid":45016,"hostname":"Mohans-iMac.local","key":{"remoteJid":"status@broadcast","fromMe":false,"id":"3A1117D3207339F3D330","participant":"919881311404@s.whatsapp.net","participantLid":"218034081935409@lid"},"err":{"type":"Error","message":"Received message with old counter: 1, 0","stack":"Error: Received message with old counter: 1, 0\n    at GroupCipher.getSenderKey (file:///Users/mohankalburgi/swaryoga.com-db/swaryoga.com-db/deploy/wa-baileys/node_modules/@whiskeysockets/baileys/lib/Signal/Group/group_cipher.js:62:19)\n    at Object.awaitable (file:///Users/mohankalburgi/swaryoga.com-db/swaryoga.com-db/deploy/wa-baileys/node_modules/@whiskeysockets/baileys/lib/Signal/Group/group_cipher.js:46:36)\n    at process.processTicksAndRejections (node:internal/process/task_queues:103:5)\n    at async _asyncQueueExecutor (file:///Users/mohankalburgi/swaryoga.com-db/swaryoga.com-db/deploy/wa-baileys/node_modules/@whiskeysockets/baileys/lib/Signal/Group/queue-job.js:10:29)"},"msg":"failed to decrypt message"}
[CONNECTED] WhatsApp connected as: 919309986820:74@s.whatsapp.net Swar Yoga
{"level":40,"time":1772727088651,"pid":45016,"hostname":"Mohans-iMac.local","msg":"Timeout in AwaitingInitialSync, forcing state to Online and flushing buffer"}
{"level":50,"time":1772727090132,"pid":45016,"hostname":"Mohans-iMac.local","node":{"tag":"stream:error","attrs":{},"content":[{"tag":"conflict","attrs":{"type":"replaced"}}]},"msg":"stream errored out"}
[DISCONNECTED] Status: 440, intentional: false
[RECONNECT] Attempt 1/50 in 2000ms
[GROUPS] Prefetched 273 group names
[AUTH] Using MongoDB-backed auth state
[CRASH-GUARD] Unhandled rejection: Error: Connection Closed
    at sendRawMessage (file:///Users/mohankalburgi/swaryoga.com-db/swaryoga.com-db/deploy/wa-baileys/node_modules/@whiskeysockets/baileys/lib/Socket/socket.js:56:19)
    at sendNode (file:///Users/mohankalburgi/swaryoga.com-db/swaryoga.com-db/deploy/wa-baileys/node_modules/@whiskeysockets/baileys/lib/Socket/socket.js:75:16)
    at file:///Users/mohankalburgi/swaryoga.com-db/swaryoga.com-db/deploy/wa-baileys/node_modules/@whiskeysockets/baileys/lib/Socket/messages-send.js:487:19
    at process.processTicksAndRejections (node:internal/process/task_queues:103:5)
    at async Object.transaction (file:///Users/mohankalburgi/swaryoga.com-db/swaryoga.com-db/deploy/wa-baileys/node_modules/@whiskeysockets/baileys/lib/Utils/auth-utils.js:126:26)
    at async relayMessage (file:///Users/mohankalburgi/swaryoga.com-db/swaryoga.com-db/deploy/wa-baileys/node_modules/@whiskeysockets/baileys/lib/Socket/messages-send.js:288:9)
    at async sendPeerDataOperationMessage (file:///Users/mohankalburgi/swaryoga.com-db/swaryoga.com-db/deploy/wa-baileys/node_modules/@whiskeysockets/baileys/lib/Socket/messages-send.js:211:23)
    at async sendRetryRequest (file:///Users/mohankalburgi/swaryoga.com-db/swaryoga.com-db/deploy/wa-baileys/node_modules/@whiskeysockets/baileys/lib/Socket/messages-recv.js:100:27)
    at async file:///Users/mohankalburgi/swaryoga.com-db/swaryoga.com-db/deploy/wa-baileys/node_modules/@whiskeysockets/baileys/lib/Socket/messages-recv.js:661:33
    at async file:///Users/mohankalburgi/swaryoga.com-db/swaryoga.com-db/deploy/wa-baileys/node_modules/@whiskeysockets/baileys/lib/Utils/make-mutex.js:16:36 {
  data: null,
  isBoom: true,
  isServer: false,
  output: {
    statusCode: 428,
    payload: {
      statusCode: 428,
      error: 'Precondition Required',
      message: 'Connection Closed'
    },
    headers: {}
  }
}
[BAILEYS] Starting v2.3000.1033846690
[CONNECTED] WhatsApp connected as: 919309986820:74@s.whatsapp.net Swar Yoga
{"level":40,"time":1772727094919,"pid":45016,"hostname":"Mohans-iMac.local","msg":"Timeout in AwaitingInitialSync, forcing state to Online and flushing buffer"}
{"level":50,"time":1772727096415,"pid":45016,"hostname":"Mohans-iMac.local","node":{"tag":"stream:error","attrs":{},"content":[{"tag":"conflict","attrs":{"type":"replaced"}}]},"msg":"stream errored out"}
[DISCONNECTED] Status: 440, intentional: false
[RECONNECT] Attempt 1/50 in 2000ms
[GROUPS] Prefetched 273 group names
[AUTH] Using MongoDB-backed auth state
[BAILEYS] Starting v2.3000.1033846690
[CONNECTED] WhatsApp connected as: 919309986820:74@s.whatsapp.net Swar Yoga
{"level":40,"time":1772727100615,"pid":45016,"hostname":"Mohans-iMac.local","msg":"Timeout in AwaitingInitialSync, forcing state to Online and flushing buffer"}
[GROUPS] Prefetched 273 group names
{"level":50,"time":1772727102756,"pid":45016,"hostname":"Mohans-iMac.local","node":{"tag":"stream:error","attrs":{},"content":[{"tag":"conflict","attrs":{"type":"replaced"}}]},"msg":"stream errored out"}
[DISCONNECTED] Status: 440, intentional: false
[RECONNECT] Attempt 1/50 in 2000ms
[AUTH] Using MongoDB-backed auth state
[BAILEYS] Starting v2.3000.1033846690
[CONNECTED] WhatsApp connected as: 919309986820:74@s.whatsapp.net Swar Yoga
{"level":40,"time":1772727107038,"pid":45016,"hostname":"Mohans-iMac.local","msg":"Timeout in AwaitingInitialSync, forcing state to Online and flushing buffer"}
{"level":50,"time":1772727109177,"pid":45016,"hostname":"Mohans-iMac.local","node":{"tag":"stream:error","attrs":{},"content":[{"tag":"conflict","attrs":{"type":"replaced"}}]},"msg":"stream errored out"}
[DISCONNECTED] Status: 440, intentional: false
[RECONNECT] Attempt 1/50 in 2000ms
[GROUPS] Prefetched 273 group names
[AUTH] Using MongoDB-backed auth state
[BAILEYS] Starting v2.3000.1033846690
[CONNECTED] WhatsApp connected as: 919309986820:74@s.whatsapp.net Swar Yoga
{"level":40,"time":1772727113201,"pid":45016,"hostname":"Mohans-iMac.local","msg":"Timeout in AwaitingInitialSync, forcing state to Online and flushing buffer"}
{"level":50,"time":1772727116067,"pid":45016,"hostname":"Mohans-iMac.local","node":{"tag":"stream:error","attrs":{},"content":[{"tag":"conflict","attrs":{"type":"replaced"}}]},"msg":"stream errored out"}
[DISCONNECTED] Status: 440, intentional: false
[RECONNECT] Attempt 1/50 in 2000ms
[GROUPS] Prefetched 273 group names
[AUTH] Using MongoDB-backed auth state
[BAILEYS] Starting v2.3000.1033846690
[CONNECTED] WhatsApp connected as: 919309986820:74@s.whatsapp.net Swar Yoga
{"level":40,"time":1772727120092,"pid":45016,"hostname":"Mohans-iMac.local","msg":"Timeout in AwaitingInitialSync, forcing state to Online and flushing buffer"}
[GROUPS] Prefetched 273 group names
{"level":50,"time":1772727122240,"pid":45016,"hostname":"Mohans-iMac.local","node":{"tag":"stream:error","attrs":{},"content":[{"tag":"conflict","attrs":{"type":"replaced"}}]},"msg":"stream errored out"}
[DISCONNECTED] Status: 440, intentional: false
[RECONNECT] Attempt 1/50 in 2000ms
[AUTH] Using MongoDB-backed auth state
[BAILEYS] Starting v2.3000.1033846690
[CONNECTED] WhatsApp connected as: 919309986820:74@s.whatsapp.net Swar Yoga
{"level":40,"time":1772727125781,"pid":45016,"hostname":"Mohans-iMac.local","msg":"Timeout in AwaitingInitialSync, forcing state to Online and flushing buffer"}
[GROUPS] Prefetched 273 group names
{"level":50,"time":1772727128325,"pid":45016,"hostname":"Mohans-iMac.local","node":{"tag":"stream:error","attrs":{},"content":[{"tag":"conflict","attrs":{"type":"replaced"}}]},"msg":"stream errored out"}
[DISCONNECTED] Status: 440, intentional: false
[RECONNECT] Attempt 1/50 in 2000ms
[AUTH] Using MongoDB-backed auth state
[BAILEYS] Starting v2.3000.1033846690
[CONNECTED] WhatsApp connected as: 919309986820:74@s.whatsapp.net Swar Yoga
{"level":40,"time":1772727132274,"pid":45016,"hostname":"Mohans-iMac.local","msg":"Timeout in AwaitingInitialSync, forcing state to Online and flushing buffer"}
{"level":50,"time":1772727135016,"pid":45016,"hostname":"Mohans-iMac.local","node":{"tag":"stream:error","attrs":{},"content":[{"tag":"conflict","attrs":{"type":"replaced"}}]},"msg":"stream errored out"}
[DISCONNECTED] Status: 440, intentional: false
[RECONNECT] Attempt 1/50 in 2000ms
[GROUPS] Prefetched 273 group names
[AUTH] Using MongoDB-backed auth state
[BAILEYS] Starting v2.3000.1033846690
[CONNECTED] WhatsApp connected as: 919309986820:74@s.whatsapp.net Swar Yoga
{"level":40,"time":1772727139414,"pid":45016,"hostname":"Mohans-iMac.local","msg":"Timeout in AwaitingInitialSync, forcing state to Online and flushing buffer"}
[GROUPS] Prefetched 273 group names
{"level":50,"time":1772727141028,"pid":45016,"hostname":"Mohans-iMac.local","node":{"tag":"stream:error","attrs":{},"content":[{"tag":"conflict","attrs":{"type":"replaced"}}]},"msg":"stream errored out"}
[DISCONNECTED] Status: 440, intentional: false
[RECONNECT] Attempt 1/50 in 2000ms
[AUTH] Using MongoDB-backed auth state
[BAILEYS] Starting v2.3000.1033846690
[CONNECTED] WhatsApp connected as: 919309986820:74@s.whatsapp.net Swar Yoga
{"level":40,"time":1772727145557,"pid":45016,"hostname":"Mohans-iMac.local","msg":"Timeout in AwaitingInitialSync, forcing state to Online and flushing buffer"}
{"level":50,"time":1772727147460,"pid":45016,"hostname":"Mohans-iMac.local","node":{"tag":"stream:error","attrs":{},"content":[{"tag":"conflict","attrs":{"type":"replaced"}}]},"msg":"stream errored out"}
[DISCONNECTED] Status: 440, intentional: false
[RECONNECT] Attempt 1/50 in 2000ms
[GROUPS] Prefetched 273 group names
[AUTH] Using MongoDB-backed auth state
[BAILEYS] Starting v2.3000.1033846690
[CONNECTED] WhatsApp connected as: 919309986820:74@s.whatsapp.net Swar Yoga
{"level":40,"time":1772727151475,"pid":45016,"hostname":"Mohans-iMac.local","msg":"Timeout in AwaitingInitialSync, forcing state to Online and flushing buffer"}
[GROUPS] Prefetched 273 group names
{"level":50,"time":1772727153615,"pid":45016,"hostname":"Mohans-iMac.local","node":{"tag":"stream:error","attrs":{},"content":[{"tag":"conflict","attrs":{"type":"replaced"}}]},"msg":"stream errored out"}
[DISCONNECTED] Status: 440, intentional: false
[RECONNECT] Attempt 1/50 in 2000ms
[AUTH] Using MongoDB-backed auth state
[BAILEYS] Starting v2.3000.1033846690
[CONNECTED] WhatsApp connected as: 919309986820:74@s.whatsapp.net Swar Yoga
{"level":40,"time":1772727158099,"pid":45016,"hostname":"Mohans-iMac.local","msg":"Timeout in AwaitingInitialSync, forcing state to Online and flushing buffer"}
{"level":50,"time":1772727160593,"pid":45016,"hostname":"Mohans-iMac.local","node":{"tag":"stream:error","attrs":{},"content":[{"tag":"conflict","attrs":{"type":"replaced"}}]},"msg":"stream errored out"}
[DISCONNECTED] Status: 440, intentional: false
[RECONNECT] Attempt 1/50 in 2000ms
[GROUPS] Prefetched 273 group names
[AUTH] Using MongoDB-backed auth state
[BAILEYS] Starting v2.3000.1033846690
[CONNECTED] WhatsApp connected as: 919309986820:74@s.whatsapp.net Swar Yoga
{"level":40,"time":1772727164057,"pid":45016,"hostname":"Mohans-iMac.local","msg":"Timeout in AwaitingInitialSync, forcing state to Online and flushing buffer"}
{"level":50,"time":1772727166942,"pid":45016,"hostname":"Mohans-iMac.local","node":{"tag":"stream:error","attrs":{},"content":[{"tag":"conflict","attrs":{"type":"replaced"}}]},"msg":"stream errored out"}
[DISCONNECTED] Status: 440, intentional: false
[RECONNECT] Attempt 1/50 in 2000ms
[GROUPS] Prefetched 273 group names
[AUTH] Using MongoDB-backed auth state
[BAILEYS] Starting v2.3000.1033846690
[CONNECTED] WhatsApp connected as: 919309986820:74@s.whatsapp.net Swar Yoga
{"level":40,"time":1772727170486,"pid":45016,"hostname":"Mohans-iMac.local","msg":"Timeout in AwaitingInitialSync, forcing state to Online and flushing buffer"}
{"level":50,"time":1772727172979,"pid":45016,"hostname":"Mohans-iMac.local","node":{"tag":"stream:error","attrs":{},"content":[{"tag":"conflict","attrs":{"type":"replaced"}}]},"msg":"stream errored out"}
[DISCONNECTED] Status: 440, intentional: false
[RECONNECT] Attempt 1/50 in 2000ms
[GROUPS] Prefetched 273 group names
[AUTH] Using MongoDB-backed auth state
[BAILEYS] Starting v2.3000.1033846690
[CONNECTED] WhatsApp connected as: 919309986820:74@s.whatsapp.net Swar Yoga
{"level":40,"time":1772727176643,"pid":45016,"hostname":"Mohans-iMac.local","msg":"Timeout in AwaitingInitialSync, forcing state to Online and flushing buffer"}
{"level":50,"time":1772727178736,"pid":45016,"hostname":"Mohans-iMac.local","node":{"tag":"stream:error","attrs":{},"content":[{"tag":"conflict","attrs":{"type":"replaced"}}]},"msg":"stream errored out"}
[DISCONNECTED] Status: 440, intentional: false
[RECONNECT] Attempt 1/50 in 2000ms
[GROUPS] Prefetched 273 group names
[AUTH] Using MongoDB-backed auth state
[BAILEYS] Starting v2.3000.1033846690
[CONNECTED] WhatsApp connected as: 919309986820:74@s.whatsapp.net Swar Yoga
{"level":40,"time":1772727183707,"pid":45016,"hostname":"Mohans-iMac.local","msg":"Timeout in AwaitingInitialSync, forcing state to Online and flushing buffer"}
{"level":50,"time":1772727184770,"pid":45016,"hostname":"Mohans-iMac.local","node":{"tag":"stream:error","attrs":{},"content":[{"tag":"conflict","attrs":{"type":"replaced"}}]},"msg":"stream errored out"}
[DISCONNECTED] Status: 440, intentional: false
[RECONNECT] Attempt 1/50 in 2000ms
[GROUPS] Prefetched 273 group names
[AUTH] Using MongoDB-backed auth state
[BAILEYS] Starting v2.3000.1033846690
[CONNECTED] WhatsApp connected as: 919309986820:74@s.whatsapp.net Swar Yoga
{"level":40,"time":1772727189915,"pid":45016,"hostname":"Mohans-iMac.local","msg":"Timeout in AwaitingInitialSync, forcing state to Online and flushing buffer"}
{"level":50,"time":1772727190916,"pid":45016,"hostname":"Mohans-iMac.local","node":{"tag":"stream:error","attrs":{},"content":[{"tag":"conflict","attrs":{"type":"replaced"}}]},"msg":"stream errored out"}
[DISCONNECTED] Status: 440, intentional: false
[RECONNECT] Attempt 1/50 in 2000ms
[GROUPS] Prefetched 273 group names
[AUTH] Using MongoDB-backed auth state
[BAILEYS] Starting v2.3000.1033846690
[CONNECTED] WhatsApp connected as: 919309986820:74@s.whatsapp.net Swar Yoga
{"level":40,"time":1772727196085,"pid":45016,"hostname":"Mohans-iMac.local","msg":"Timeout in AwaitingInitialSync, forcing state to Online and flushing buffer"}
{"level":50,"time":1772727197111,"pid":45016,"hostname":"Mohans-iMac.local","node":{"tag":"stream:error","attrs":{},"content":[{"tag":"conflict","attrs":{"type":"replaced"}}]},"msg":"stream errored out"}
[DISCONNECTED] Status: 440, intentional: false
[RECONNECT] Attempt 1/50 in 2000ms
[GROUPS] Prefetched 273 group names
[AUTH] Using MongoDB-backed auth state
[BAILEYS] Starting v2.3000.1033846690
[CONNECTED] WhatsApp connected as: 919309986820:74@s.whatsapp.net Swar Yoga
{"level":40,"time":1772727201810,"pid":45016,"hostname":"Mohans-iMac.local","msg":"Timeout in AwaitingInitialSync, forcing state to Online and flushing buffer"}
[GROUPS] Prefetched 273 group names
{"level":50,"time":1772727202952,"pid":45016,"hostname":"Mohans-iMac.local","node":{"tag":"stream:error","attrs":{},"content":[{"tag":"conflict","attrs":{"type":"replaced"}}]},"msg":"stream errored out"}
[DISCONNECTED] Status: 440, intentional: false
[RECONNECT] Attempt 1/50 in 2000ms
[AUTH] Using MongoDB-backed auth state
[BAILEYS] Starting v2.3000.1033846690
[CONNECTED] WhatsApp connected as: 919309986820:74@s.whatsapp.net Swar Yoga
{"level":40,"time":1772727207849,"pid":45016,"hostname":"Mohans-iMac.local","msg":"Timeout in AwaitingInitialSync, forcing state to Online and flushing buffer"}
[GROUPS] Prefetched 273 group names
{"level":50,"time":1772727208787,"pid":45016,"hostname":"Mohans-iMac.local","node":{"tag":"stream:error","attrs":{},"content":[{"tag":"conflict","attrs":{"type":"replaced"}}]},"msg":"stream errored out"}
[DISCONNECTED] Status: 440, intentional: false
[RECONNECT] Attempt 1/50 in 2000ms
[AUTH] Using MongoDB-backed auth state
[BAILEYS] Starting v2.3000.1033846690
[CONNECTED] WhatsApp connected as: 919309986820:74@s.whatsapp.net Swar Yoga
{"level":40,"time":1772727214044,"pid":45016,"hostname":"Mohans-iMac.local","msg":"Timeout in AwaitingInitialSync, forcing state to Online and flushing buffer"}
{"level":50,"time":1772727214992,"pid":45016,"hostname":"Mohans-iMac.local","node":{"tag":"stream:error","attrs":{},"content":[{"tag":"conflict","attrs":{"type":"replaced"}}]},"msg":"stream errored out"}
[DISCONNECTED] Status: 440, intentional: false
[RECONNECT] Attempt 1/50 in 2000ms
[GROUPS] Prefetched 273 group names
[AUTH] Using MongoDB-backed auth state
[BAILEYS] Starting v2.3000.1033846690
[CONNECTED] WhatsApp connected as: 919309986820:74@s.whatsapp.net Swar Yoga
{"level":40,"time":1772727220158,"pid":45016,"hostname":"Mohans-iMac.local","msg":"Timeout in AwaitingInitialSync, forcing state to Online and flushing buffer"}
[GROUPS] Prefetched 273 group names
{"level":50,"time":1772727221125,"pid":45016,"hostname":"Mohans-iMac.local","node":{"tag":"stream:error","attrs":{},"content":[{"tag":"conflict","attrs":{"type":"replaced"}}]},"msg":"stream errored out"}
[DISCONNECTED] Status: 440, intentional: false
[RECONNECT] Attempt 1/50 in 2000ms
[AUTH] Using MongoDB-backed auth state
[BAILEYS] Starting v2.3000.1033846690
[CONNECTED] WhatsApp connected as: 919309986820:74@s.whatsapp.net Swar Yoga
{"level":40,"time":1772727225928,"pid":45016,"hostname":"Mohans-iMac.local","msg":"Timeout in AwaitingInitialSync, forcing state to Online and flushing buffer"}
[GROUPS] Prefetched 273 group names
{"level":50,"time":1772727227266,"pid":45016,"hostname":"Mohans-iMac.local","node":{"tag":"stream:error","attrs":{},"content":[{"tag":"conflict","attrs":{"type":"replaced"}}]},"msg":"stream errored out"}
[DISCONNECTED] Status: 440, intentional: false
[RECONNECT] Attempt 1/50 in 2000ms
[AUTH] Using MongoDB-backed auth state
[BAILEYS] Starting v2.3000.1033846690
[CONNECTED] WhatsApp connected as: 919309986820:74@s.whatsapp.net Swar Yoga
{"level":40,"time":1772727231833,"pid":45016,"hostname":"Mohans-iMac.local","msg":"Timeout in AwaitingInitialSync, forcing state to Online and flushing buffer"}
[GROUPS] Prefetched 273 group names
{"level":50,"time":1772727232925,"pid":45016,"hostname":"Mohans-iMac.local","node":{"tag":"stream:error","attrs":{},"content":[{"tag":"conflict","attrs":{"type":"replaced"}}]},"msg":"stream errored out"}
[DISCONNECTED] Status: 440, intentional: false
[RECONNECT] Attempt 1/50 in 2000ms
[AUTH] Using MongoDB-backed auth state
[BAILEYS] Starting v2.3000.1033846690
[CONNECTED] WhatsApp connected as: 919309986820:74@s.whatsapp.net Swar Yoga
{"level":40,"time":1772727238085,"pid":45016,"hostname":"Mohans-iMac.local","msg":"Timeout in AwaitingInitialSync, forcing state to Online and flushing buffer"}
[GROUPS] Prefetched 273 group names
{"level":50,"time":1772727238846,"pid":45016,"hostname":"Mohans-iMac.local","node":{"tag":"stream:error","attrs":{},"content":[{"tag":"conflict","attrs":{"type":"replaced"}}]},"msg":"stream errored out"}
[DISCONNECTED] Status: 440, intentional: false
[RECONNECT] Attempt 1/50 in 2000ms
[AUTH] Using MongoDB-backed auth state
[BAILEYS] Starting v2.3000.1033846690
[CONNECTED] WhatsApp connected as: 919309986820:74@s.whatsapp.net Swar Yoga
{"level":40,"time":1772727244270,"pid":45016,"hostname":"Mohans-iMac.local","msg":"Timeout in AwaitingInitialSync, forcing state to Online and flushing buffer"}
[GROUPS] Prefetched 273 group names
{"level":50,"time":1772727245064,"pid":45016,"hostname":"Mohans-iMac.local","node":{"tag":"stream:error","attrs":{},"content":[{"tag":"conflict","attrs":{"type":"replaced"}}]},"msg":"stream errored out"}
[DISCONNECTED] Status: 440, intentional: false
[RECONNECT] Attempt 1/50 in 2000ms
[AUTH] Using MongoDB-backed auth state
[BAILEYS] Starting v2.3000.1033846690
[CONNECTED] WhatsApp connected as: 919309986820:74@s.whatsapp.net Swar Yoga
{"level":40,"time":1772727250367,"pid":45016,"hostname":"Mohans-iMac.local","msg":"Timeout in AwaitingInitialSync, forcing state to Online and flushing buffer"}
{"level":50,"time":1772727251608,"pid":45016,"hostname":"Mohans-iMac.local","node":{"tag":"stream:error","attrs":{},"content":[{"tag":"conflict","attrs":{"type":"replaced"}}]},"msg":"stream errored out"}
[DISCONNECTED] Status: 440, intentional: false
[RECONNECT] Attempt 1/50 in 2000ms
[GROUPS] Prefetched 273 group names
[AUTH] Using MongoDB-backed auth state
[BAILEYS] Starting v2.3000.1033846690
[CONNECTED] WhatsApp connected as: 919309986820:74@s.whatsapp.net Swar Yoga
{"level":40,"time":1772727256035,"pid":45016,"hostname":"Mohans-iMac.local","msg":"Timeout in AwaitingInitialSync, forcing state to Online and flushing buffer"}
[GROUPS] Prefetched 273 group names
{"level":50,"time":1772727257565,"pid":45016,"hostname":"Mohans-iMac.local","node":{"tag":"stream:error","attrs":{},"content":[{"tag":"conflict","attrs":{"type":"replaced"}}]},"msg":"stream errored out"}
[DISCONNECTED] Status: 440, intentional: false
[RECONNECT] Attempt 1/50 in 2000ms
[AUTH] Using MongoDB-backed auth state
[BAILEYS] Starting v2.3000.1033846690
[CONNECTED] WhatsApp connected as: 919309986820:74@s.whatsapp.net Swar Yoga
{"level":40,"time":1772727261964,"pid":45016,"hostname":"Mohans-iMac.local","msg":"Timeout in AwaitingInitialSync, forcing state to Online and flushing buffer"}
{"level":50,"time":1772727263886,"pid":45016,"hostname":"Mohans-iMac.local","node":{"tag":"stream:error","attrs":{},"content":[{"tag":"conflict","attrs":{"type":"replaced"}}]},"msg":"stream errored out"}
[DISCONNECTED] Status: 440, intentional: false
[RECONNECT] Attempt 1/50 in 2000ms
[GROUPS] Prefetched 273 group names
[AUTH] Using MongoDB-backed auth state
[BAILEYS] Starting v2.3000.1033846690
[CONNECTED] WhatsApp connected as: 919309986820:74@s.whatsapp.net Swar Yoga
{"level":40,"time":1772727268092,"pid":45016,"hostname":"Mohans-iMac.local","msg":"Timeout in AwaitingInitialSync, forcing state to Online and flushing buffer"}
{"level":50,"time":1772727270422,"pid":45016,"hostname":"Mohans-iMac.local","node":{"tag":"stream:error","attrs":{},"content":[{"tag":"conflict","attrs":{"type":"replaced"}}]},"msg":"stream errored out"}
[DISCONNECTED] Status: 440, intentional: false
[RECONNECT] Attempt 1/50 in 2000ms
[GROUPS] Prefetched 273 group names
[AUTH] Using MongoDB-backed auth state
[BAILEYS] Starting v2.3000.1033846690
[CONNECTED] WhatsApp connected as: 919309986820:74@s.whatsapp.net Swar Yoga
{"level":40,"time":1772727274678,"pid":45016,"hostname":"Mohans-iMac.local","msg":"Timeout in AwaitingInitialSync, forcing state to Online and flushing buffer"}
{"level":50,"time":1772727276957,"pid":45016,"hostname":"Mohans-iMac.local","node":{"tag":"stream:error","attrs":{},"content":[{"tag":"conflict","attrs":{"type":"replaced"}}]},"msg":"stream errored out"}
[DISCONNECTED] Status: 440, intentional: false
[RECONNECT] Attempt 1/50 in 2000ms
[GROUPS] Prefetched 273 group names
[AUTH] Using MongoDB-backed auth state
[BAILEYS] Starting v2.3000.1033846690
[CONNECTED] WhatsApp connected as: 919309986820:74@s.whatsapp.net Swar Yoga
{"level":40,"time":1772727280712,"pid":45016,"hostname":"Mohans-iMac.local","msg":"Timeout in AwaitingInitialSync, forcing state to Online and flushing buffer"}
[GROUPS] Prefetched 273 group names
{"level":50,"time":1772727283074,"pid":45016,"hostname":"Mohans-iMac.local","node":{"tag":"stream:error","attrs":{},"content":[{"tag":"conflict","attrs":{"type":"replaced"}}]},"msg":"stream errored out"}
[DISCONNECTED] Status: 440, intentional: false
[RECONNECT] Attempt 1/50 in 2000ms
[AUTH] Using MongoDB-backed auth state
[BAILEYS] Starting v2.3000.1033846690
[CONNECTED] WhatsApp connected as: 919309986820:74@s.whatsapp.net Swar Yoga
{"level":40,"time":1772727286909,"pid":45016,"hostname":"Mohans-iMac.local","msg":"Timeout in AwaitingInitialSync, forcing state to Online and flushing buffer"}
[GROUPS] Prefetched 273 group names
{"level":50,"time":1772727289329,"pid":45016,"hostname":"Mohans-iMac.local","node":{"tag":"stream:error","attrs":{},"content":[{"tag":"conflict","attrs":{"type":"replaced"}}]},"msg":"stream errored out"}
[DISCONNECTED] Status: 440, intentional: false
[RECONNECT] Attempt 1/50 in 2000ms
[AUTH] Using MongoDB-backed auth state
[BAILEYS] Starting v2.3000.1033846690
[CONNECTED] WhatsApp connected as: 919309986820:74@s.whatsapp.net Swar Yoga
{"level":40,"time":1772727294076,"pid":45016,"hostname":"Mohans-iMac.local","msg":"Timeout in AwaitingInitialSync, forcing state to Online and flushing buffer"}
[GROUPS] Prefetched 273 group names
{"level":50,"time":1772727295312,"pid":45016,"hostname":"Mohans-iMac.local","node":{"tag":"stream:error","attrs":{},"content":[{"tag":"conflict","attrs":{"type":"replaced"}}]},"msg":"stream errored out"}
[DISCONNECTED] Status: 440, intentional: false
[RECONNECT] Attempt 1/50 in 2000ms
[AUTH] Using MongoDB-backed auth state
[BAILEYS] Starting v2.3000.1033846690
[CONNECTED] WhatsApp connected as: 919309986820:74@s.whatsapp.net Swar Yoga
{"level":40,"time":1772727300367,"pid":45016,"hostname":"Mohans-iMac.local","msg":"Timeout in AwaitingInitialSync, forcing state to Online and flushing buffer"}
[GROUPS] Prefetched 273 group names
{"level":50,"time":1772727301338,"pid":45016,"hostname":"Mohans-iMac.local","node":{"tag":"stream:error","attrs":{},"content":[{"tag":"conflict","attrs":{"type":"replaced"}}]},"msg":"stream errored out"}
[DISCONNECTED] Status: 440, intentional: false
[RECONNECT] Attempt 1/50 in 2000ms
[AUTH] Using MongoDB-backed auth state
[BAILEYS] Starting v2.3000.1033846690
[CONNECTED] WhatsApp connected as: 919309986820:74@s.whatsapp.net Swar Yoga
{"level":40,"time":1772727306183,"pid":45016,"hostname":"Mohans-iMac.local","msg":"Timeout in AwaitingInitialSync, forcing state to Online and flushing buffer"}
[GROUPS] Prefetched 273 group names
{"level":50,"time":1772727307853,"pid":45016,"hostname":"Mohans-iMac.local","node":{"tag":"stream:error","attrs":{},"content":[{"tag":"conflict","attrs":{"type":"replaced"}}]},"msg":"stream errored out"}
[DISCONNECTED] Status: 440, intentional: false
[RECONNECT] Attempt 1/50 in 2000ms
[AUTH] Using MongoDB-backed auth state
[BAILEYS] Starting v2.3000.1033846690
[CONNECTED] WhatsApp connected as: 919309986820:74@s.whatsapp.net Swar Yoga
{"level":40,"time":1772727312541,"pid":45016,"hostname":"Mohans-iMac.local","msg":"Timeout in AwaitingInitialSync, forcing state to Online and flushing buffer"}
[GROUPS] Prefetched 273 group names
{"level":50,"time":1772727313763,"pid":45016,"hostname":"Mohans-iMac.local","node":{"tag":"stream:error","attrs":{},"content":[{"tag":"conflict","attrs":{"type":"replaced"}}]},"msg":"stream errored out"}
[DISCONNECTED] Status: 440, intentional: false
[RECONNECT] Attempt 1/50 in 2000ms
[AUTH] Using MongoDB-backed auth state
[BAILEYS] Starting v2.3000.1033846690
[CONNECTED] WhatsApp connected as: 919309986820:74@s.whatsapp.net Swar Yoga
{"level":40,"time":1772727318333,"pid":45016,"hostname":"Mohans-iMac.local","msg":"Timeout in AwaitingInitialSync, forcing state to Online and flushing buffer"}
[GROUPS] Prefetched 273 group names
{"level":50,"time":1772727319713,"pid":45016,"hostname":"Mohans-iMac.local","node":{"tag":"stream:error","attrs":{},"content":[{"tag":"conflict","attrs":{"type":"replaced"}}]},"msg":"stream errored out"}
[DISCONNECTED] Status: 440, intentional: false
[RECONNECT] Attempt 1/50 in 2000ms
[AUTH] Using MongoDB-backed auth state
[BAILEYS] Starting v2.3000.1033846690
[CONNECTED] WhatsApp connected as: 919309986820:74@s.whatsapp.net Swar Yoga
{"level":40,"time":1772727324791,"pid":45016,"hostname":"Mohans-iMac.local","msg":"Timeout in AwaitingInitialSync, forcing state to Online and flushing buffer"}
{"level":50,"time":1772727326401,"pid":45016,"hostname":"Mohans-iMac.local","node":{"tag":"stream:error","attrs":{},"content":[{"tag":"conflict","attrs":{"type":"replaced"}}]},"msg":"stream errored out"}
[DISCONNECTED] Status: 440, intentional: false
[RECONNECT] Attempt 1/50 in 2000ms
[GROUPS] Prefetched 273 group names
[AUTH] Using MongoDB-backed auth state
[BAILEYS] Starting v2.3000.1033846690
[CONNECTED] WhatsApp connected as: 919309986820:74@s.whatsapp.net Swar Yoga
{"level":40,"time":1772727330842,"pid":45016,"hostname":"Mohans-iMac.local","msg":"Timeout in AwaitingInitialSync, forcing state to Online and flushing buffer"}
[GROUPS] Prefetched 273 group names
{"level":50,"time":1772727332075,"pid":45016,"hostname":"Mohans-iMac.local","node":{"tag":"stream:error","attrs":{},"content":[{"tag":"conflict","attrs":{"type":"replaced"}}]},"msg":"stream errored out"}
[DISCONNECTED] Status: 440, intentional: false
[RECONNECT] Attempt 1/50 in 2000ms
[AUTH] Using MongoDB-backed auth state
[BAILEYS] Starting v2.3000.1033846690
[CONNECTED] WhatsApp connected as: 919309986820:74@s.whatsapp.net Swar Yoga
{"level":40,"time":1772727336868,"pid":45016,"hostname":"Mohans-iMac.local","msg":"Timeout in AwaitingInitialSync, forcing state to Online and flushing buffer"}
[GROUPS] Prefetched 273 group names
{"level":50,"time":1772727338042,"pid":45016,"hostname":"Mohans-iMac.local","node":{"tag":"stream:error","attrs":{},"content":[{"tag":"conflict","attrs":{"type":"replaced"}}]},"msg":"stream errored out"}
[DISCONNECTED] Status: 440, intentional: false
[RECONNECT] Attempt 1/50 in 2000ms
[AUTH] Using MongoDB-backed auth state
[BAILEYS] Starting v2.3000.1033846690
[CONNECTED] WhatsApp connected as: 919309986820:74@s.whatsapp.net Swar Yoga
{"level":40,"time":1772727342894,"pid":45016,"hostname":"Mohans-iMac.local","msg":"Timeout in AwaitingInitialSync, forcing state to Online and flushing buffer"}
[GROUPS] Prefetched 273 group names
{"level":50,"time":1772727345053,"pid":45016,"hostname":"Mohans-iMac.local","node":{"tag":"stream:error","attrs":{},"content":[{"tag":"conflict","attrs":{"type":"replaced"}}]},"msg":"stream errored out"}
[DISCONNECTED] Status: 440, intentional: false
[RECONNECT] Attempt 1/50 in 2000ms
[AUTH] Using MongoDB-backed auth state
[BAILEYS] Starting v2.3000.1033846690
[CONNECTED] WhatsApp connected as: 919309986820:74@s.whatsapp.net Swar Yoga
{"level":40,"time":1772727349491,"pid":45016,"hostname":"Mohans-iMac.local","msg":"Timeout in AwaitingInitialSync, forcing state to Online and flushing buffer"}
[GROUPS] Prefetched 273 group names
{"level":50,"time":1772727350912,"pid":45016,"hostname":"Mohans-iMac.local","node":{"tag":"stream:error","attrs":{},"content":[{"tag":"conflict","attrs":{"type":"replaced"}}]},"msg":"stream errored out"}
[DISCONNECTED] Status: 440, intentional: false
[RECONNECT] Attempt 1/50 in 2000ms
[AUTH] Using MongoDB-backed auth state
[BAILEYS] Starting v2.3000.1033846690
[CONNECTED] WhatsApp connected as: 919309986820:74@s.whatsapp.net Swar Yoga
{"level":40,"time":1772727355085,"pid":45016,"hostname":"Mohans-iMac.local","msg":"Timeout in AwaitingInitialSync, forcing state to Online and flushing buffer"}
[GROUPS] Prefetched 273 group names
{"level":50,"time":1772727356769,"pid":45016,"hostname":"Mohans-iMac.local","node":{"tag":"stream:error","attrs":{},"content":[{"tag":"conflict","attrs":{"type":"replaced"}}]},"msg":"stream errored out"}
[DISCONNECTED] Status: 440, intentional: false
[RECONNECT] Attempt 1/50 in 2000ms
[AUTH] Using MongoDB-backed auth state
[BAILEYS] Starting v2.3000.1033846690
[CONNECTED] WhatsApp connected as: 919309986820:74@s.whatsapp.net Swar Yoga
{"level":40,"time":1772727361191,"pid":45016,"hostname":"Mohans-iMac.local","msg":"Timeout in AwaitingInitialSync, forcing state to Online and flushing buffer"}
[GROUPS] Prefetched 273 group names
{"level":50,"time":1772727362941,"pid":45016,"hostname":"Mohans-iMac.local","node":{"tag":"stream:error","attrs":{},"content":[{"tag":"conflict","attrs":{"type":"replaced"}}]},"msg":"stream errored out"}
[DISCONNECTED] Status: 440, intentional: false
[RECONNECT] Attempt 1/50 in 2000ms
[AUTH] Using MongoDB-backed auth state
[BAILEYS] Starting v2.3000.1033846690
[CONNECTED] WhatsApp connected as: 919309986820:74@s.whatsapp.net Swar Yoga
{"level":40,"time":1772727368189,"pid":45016,"hostname":"Mohans-iMac.local","msg":"Timeout in AwaitingInitialSync, forcing state to Online and flushing buffer"}
{"level":50,"time":1772727369123,"pid":45016,"hostname":"Mohans-iMac.local","node":{"tag":"stream:error","attrs":{},"content":[{"tag":"conflict","attrs":{"type":"replaced"}}]},"msg":"stream errored out"}
[DISCONNECTED] Status: 440, intentional: false
[RECONNECT] Attempt 1/50 in 2000ms
[GROUPS] Prefetched 273 group names
[AUTH] Using MongoDB-backed auth state
[BAILEYS] Starting v2.3000.1033846690
[CONNECTED] WhatsApp connected as: 919309986820:74@s.whatsapp.net Swar Yoga
{"level":40,"time":1772727373974,"pid":45016,"hostname":"Mohans-iMac.local","msg":"Timeout in AwaitingInitialSync, forcing state to Online and flushing buffer"}
[GROUPS] Prefetched 273 group names
{"level":50,"time":1772727375338,"pid":45016,"hostname":"Mohans-iMac.local","node":{"tag":"stream:error","attrs":{},"content":[{"tag":"conflict","attrs":{"type":"replaced"}}]},"msg":"stream errored out"}
[DISCONNECTED] Status: 440, intentional: false
[RECONNECT] Attempt 1/50 in 2000ms
[AUTH] Using MongoDB-backed auth state
[BAILEYS] Starting v2.3000.1033846690
[CONNECTED] WhatsApp connected as: 919309986820:74@s.whatsapp.net Swar Yoga
{"level":40,"time":1772727379727,"pid":45016,"hostname":"Mohans-iMac.local","msg":"Timeout in AwaitingInitialSync, forcing state to Online and flushing buffer"}
{"level":50,"time":1772727381880,"pid":45016,"hostname":"Mohans-iMac.local","node":{"tag":"stream:error","attrs":{},"content":[{"tag":"conflict","attrs":{"type":"replaced"}}]},"msg":"stream errored out"}
[DISCONNECTED] Status: 440, intentional: false
[RECONNECT] Attempt 1/50 in 2000ms
[GROUPS] Prefetched 273 group names
[AUTH] Using MongoDB-backed auth state
[BAILEYS] Starting v2.3000.1033846690
[CONNECTED] WhatsApp connected as: 919309986820:74@s.whatsapp.net Swar Yoga
{"level":40,"time":1772727386034,"pid":45016,"hostname":"Mohans-iMac.local","msg":"Timeout in AwaitingInitialSync, forcing state to Online and flushing buffer"}
{"level":50,"time":1772727388494,"pid":45016,"hostname":"Mohans-iMac.local","node":{"tag":"stream:error","attrs":{},"content":[{"tag":"conflict","attrs":{"type":"replaced"}}]},"msg":"stream errored out"}
[DISCONNECTED] Status: 440, intentional: false
[RECONNECT] Attempt 1/50 in 2000ms
[GROUPS] Prefetched 273 group names
[AUTH] Using MongoDB-backed auth state
[BAILEYS] Starting v2.3000.1033846690
[CONNECTED] WhatsApp connected as: 919309986820:74@s.whatsapp.net Swar Yoga
{"level":40,"time":1772727392158,"pid":45016,"hostname":"Mohans-iMac.local","msg":"Timeout in AwaitingInitialSync, forcing state to Online and flushing buffer"}
[GROUPS] Prefetched 273 group names
{"level":50,"time":1772727394260,"pid":45016,"hostname":"Mohans-iMac.local","node":{"tag":"stream:error","attrs":{},"content":[{"tag":"conflict","attrs":{"type":"replaced"}}]},"msg":"stream errored out"}
[DISCONNECTED] Status: 440, intentional: false
[RECONNECT] Attempt 1/50 in 2000ms
[AUTH] Using MongoDB-backed auth state
[BAILEYS] Starting v2.3000.1033846690
[CONNECTED] WhatsApp connected as: 919309986820:74@s.whatsapp.net Swar Yoga
{"level":40,"time":1772727398415,"pid":45016,"hostname":"Mohans-iMac.local","msg":"Timeout in AwaitingInitialSync, forcing state to Online and flushing buffer"}
[GROUPS] Prefetched 273 group names
{"level":50,"time":1772727399927,"pid":45016,"hostname":"Mohans-iMac.local","node":{"tag":"stream:error","attrs":{},"content":[{"tag":"conflict","attrs":{"type":"replaced"}}]},"msg":"stream errored out"}
[DISCONNECTED] Status: 440, intentional: false
[RECONNECT] Attempt 1/50 in 2000ms
[AUTH] Using MongoDB-backed auth state
[BAILEYS] Starting v2.3000.1033846690
[CONNECTED] WhatsApp connected as: 919309986820:74@s.whatsapp.net Swar Yoga
{"level":40,"time":1772727404858,"pid":45016,"hostname":"Mohans-iMac.local","msg":"Timeout in AwaitingInitialSync, forcing state to Online and flushing buffer"}
[GROUPS] Prefetched 273 group names
{"level":50,"time":1772727405791,"pid":45016,"hostname":"Mohans-iMac.local","node":{"tag":"stream:error","attrs":{},"content":[{"tag":"conflict","attrs":{"type":"replaced"}}]},"msg":"stream errored out"}
[DISCONNECTED] Status: 440, intentional: false
[RECONNECT] Attempt 1/50 in 2000ms
[AUTH] Using MongoDB-backed auth state
[BAILEYS] Starting v2.3000.1033846690
[CONNECTED] WhatsApp connected as: 919309986820:74@s.whatsapp.net Swar Yoga
{"level":40,"time":1772727411614,"pid":45016,"hostname":"Mohans-iMac.local","msg":"Timeout in AwaitingInitialSync, forcing state to Online and flushing buffer"}
{"level":50,"time":1772727412837,"pid":45016,"hostname":"Mohans-iMac.local","node":{"tag":"stream:error","attrs":{},"content":[{"tag":"conflict","attrs":{"type":"replaced"}}]},"msg":"stream errored out"}
[DISCONNECTED] Status: 440, intentional: false
[RECONNECT] Attempt 1/50 in 2000ms
[GROUPS] Prefetched 273 group names
[AUTH] Using MongoDB-backed auth state
[BAILEYS] Starting v2.3000.1033846690
[CONNECTED] WhatsApp connected as: 919309986820:74@s.whatsapp.net Swar Yoga
{"level":40,"time":1772727417349,"pid":45016,"hostname":"Mohans-iMac.local","msg":"Timeout in AwaitingInitialSync, forcing state to Online and flushing buffer"}
[GROUPS] Prefetched 273 group names
{"level":50,"time":1772727419052,"pid":45016,"hostname":"Mohans-iMac.local","node":{"tag":"stream:error","attrs":{},"content":[{"tag":"conflict","attrs":{"type":"replaced"}}]},"msg":"stream errored out"}
[DISCONNECTED] Status: 440, intentional: false
[RECONNECT] Attempt 1/50 in 2000ms
[AUTH] Using MongoDB-backed auth state
[BAILEYS] Starting v2.3000.1033846690
[CONNECTED] WhatsApp connected as: 919309986820:74@s.whatsapp.net Swar Yoga
[GROUPS] Failed to prefetch group names: rate-overlimit
{"level":40,"time":1772727423241,"pid":45016,"hostname":"Mohans-iMac.local","msg":"Timeout in AwaitingInitialSync, forcing state to Online and flushing buffer"}
{"level":50,"time":1772727425070,"pid":45016,"hostname":"Mohans-iMac.local","node":{"tag":"stream:error","attrs":{},"content":[{"tag":"conflict","attrs":{"type":"replaced"}}]},"msg":"stream errored out"}
[DISCONNECTED] Status: 440, intentional: false
[RECONNECT] Attempt 1/50 in 2000ms
[AUTH] Using MongoDB-backed auth state
[BAILEYS] Starting v2.3000.1033846690
[CONNECTED] WhatsApp connected as: 919309986820:74@s.whatsapp.net Swar Yoga
[GROUPS] Failed to prefetch group names: rate-overlimit
{"level":40,"time":1772727428901,"pid":45016,"hostname":"Mohans-iMac.local","msg":"Timeout in AwaitingInitialSync, forcing state to Online and flushing buffer"}
{"level":50,"time":1772727430858,"pid":45016,"hostname":"Mohans-iMac.local","node":{"tag":"stream:error","attrs":{},"content":[{"tag":"conflict","attrs":{"type":"replaced"}}]},"msg":"stream errored out"}
[DISCONNECTED] Status: 440, intentional: false
[RECONNECT] Attempt 1/50 in 2000ms
[AUTH] Using MongoDB-backed auth state
[BAILEYS] Starting v2.3000.1033846690
[CONNECTED] WhatsApp connected as: 919309986820:74@s.whatsapp.net Swar Yoga
{"level":40,"time":1772727436273,"pid":45016,"hostname":"Mohans-iMac.local","msg":"Timeout in AwaitingInitialSync, forcing state to Online and flushing buffer"}
{"level":50,"time":1772727437268,"pid":45016,"hostname":"Mohans-iMac.local","node":{"tag":"stream:error","attrs":{},"content":[{"tag":"conflict","attrs":{"type":"replaced"}}]},"msg":"stream errored out"}
[DISCONNECTED] Status: 440, intentional: false
[RECONNECT] Attempt 1/50 in 2000ms
[GROUPS] Prefetched 273 group names
[AUTH] Using MongoDB-backed auth state
[BAILEYS] Starting v2.3000.1033846690
[CONNECTED] WhatsApp connected as: 919309986820:74@s.whatsapp.net Swar Yoga
{"level":40,"time":1772727442202,"pid":45016,"hostname":"Mohans-iMac.local","msg":"Timeout in AwaitingInitialSync, forcing state to Online and flushing buffer"}
{"level":50,"time":1772727443327,"pid":45016,"hostname":"Mohans-iMac.local","node":{"tag":"stream:error","attrs":{},"content":[{"tag":"conflict","attrs":{"type":"replaced"}}]},"msg":"stream errored out"}
[DISCONNECTED] Status: 440, intentional: false
[RECONNECT] Attempt 1/50 in 2000ms
[GROUPS] Prefetched 273 group names
[AUTH] Using MongoDB-backed auth state
[BAILEYS] Starting v2.3000.1033846690
[CONNECTED] WhatsApp connected as: 919309986820:74@s.whatsapp.net Swar Yoga
[GROUPS] Failed to prefetch group names: rate-overlimit
{"level":40,"time":1772727448248,"pid":45016,"hostname":"Mohans-iMac.local","msg":"Timeout in AwaitingInitialSync, forcing state to Online and flushing buffer"}
{"level":50,"time":1772727449332,"pid":45016,"hostname":"Mohans-iMac.local","node":{"tag":"stream:error","attrs":{},"content":[{"tag":"conflict","attrs":{"type":"replaced"}}]},"msg":"stream errored out"}
[DISCONNECTED] Status: 440, intentional: false
[RECONNECT] Attempt 1/50 in 2000ms
[AUTH] Using MongoDB-backed auth state
[BAILEYS] Starting v2.3000.1033846690
[CONNECTED] WhatsApp connected as: 919309986820:74@s.whatsapp.net Swar Yoga
{"level":40,"time":1772727453987,"pid":45016,"hostname":"Mohans-iMac.local","msg":"Timeout in AwaitingInitialSync, forcing state to Online and flushing buffer"}
[GROUPS] Prefetched 273 group names
{"level":50,"time":1772727456291,"pid":45016,"hostname":"Mohans-iMac.local","node":{"tag":"stream:error","attrs":{},"content":[{"tag":"conflict","attrs":{"type":"replaced"}}]},"msg":"stream errored out"}
[DISCONNECTED] Status: 440, intentional: false
[RECONNECT] Attempt 1/50 in 2000ms
[AUTH] Using MongoDB-backed auth state
[BAILEYS] Starting v2.3000.1033846690
[CONNECTED] WhatsApp connected as: 919309986820:74@s.whatsapp.net Swar Yoga
{"level":40,"time":1772727460278,"pid":45016,"hostname":"Mohans-iMac.local","msg":"Timeout in AwaitingInitialSync, forcing state to Online and flushing buffer"}
{"level":50,"time":1772727462488,"pid":45016,"hostname":"Mohans-iMac.local","node":{"tag":"stream:error","attrs":{},"content":[{"tag":"conflict","attrs":{"type":"replaced"}}]},"msg":"stream errored out"}
[DISCONNECTED] Status: 440, intentional: false
[RECONNECT] Attempt 1/50 in 2000ms
[GROUPS] Prefetched 273 group names
[AUTH] Using MongoDB-backed auth state
[BAILEYS] Starting v2.3000.1033846690
[CONNECTED] WhatsApp connected as: 919309986820:74@s.whatsapp.net Swar Yoga
{"level":40,"time":1772727466436,"pid":45016,"hostname":"Mohans-iMac.local","msg":"Timeout in AwaitingInitialSync, forcing state to Online and flushing buffer"}
[GROUPS] Prefetched 273 group names
{"level":50,"time":1772727468285,"pid":45016,"hostname":"Mohans-iMac.local","node":{"tag":"stream:error","attrs":{},"content":[{"tag":"conflict","attrs":{"type":"replaced"}}]},"msg":"stream errored out"}
[DISCONNECTED] Status: 440, intentional: false
[RECONNECT] Attempt 1/50 in 2000ms
[AUTH] Using MongoDB-backed auth state
[BAILEYS] Starting v2.3000.1033846690
[CONNECTED] WhatsApp connected as: 919309986820:74@s.whatsapp.net Swar Yoga
{"level":40,"time":1772727472862,"pid":45016,"hostname":"Mohans-iMac.local","msg":"Timeout in AwaitingInitialSync, forcing state to Online and flushing buffer"}
[GROUPS] Prefetched 273 group names
{"level":50,"time":1772727474184,"pid":45016,"hostname":"Mohans-iMac.local","node":{"tag":"stream:error","attrs":{},"content":[{"tag":"conflict","attrs":{"type":"replaced"}}]},"msg":"stream errored out"}
[DISCONNECTED] Status: 440, intentional: false
[RECONNECT] Attempt 1/50 in 2000ms
[AUTH] Using MongoDB-backed auth state
[BAILEYS] Starting v2.3000.1033846690
[CONNECTED] WhatsApp connected as: 919309986820:74@s.whatsapp.net Swar Yoga
[GROUPS] Failed to prefetch group names: rate-overlimit
{"level":40,"time":1772727479327,"pid":45016,"hostname":"Mohans-iMac.local","msg":"Timeout in AwaitingInitialSync, forcing state to Online and flushing buffer"}
{"level":50,"time":1772727480121,"pid":45016,"hostname":"Mohans-iMac.local","node":{"tag":"stream:error","attrs":{},"content":[{"tag":"conflict","attrs":{"type":"replaced"}}]},"msg":"stream errored out"}
[DISCONNECTED] Status: 440, intentional: false
[RECONNECT] Attempt 1/50 in 2000ms
[AUTH] Using MongoDB-backed auth state
[BAILEYS] Starting v2.3000.1033846690
[CONNECTED] WhatsApp connected as: 919309986820:74@s.whatsapp.net Swar Yoga
{"level":40,"time":1772727485448,"pid":45016,"hostname":"Mohans-iMac.local","msg":"Timeout in AwaitingInitialSync, forcing state to Online and flushing buffer"}
{"level":50,"time":1772727486835,"pid":45016,"hostname":"Mohans-iMac.local","node":{"tag":"stream:error","attrs":{},"content":[{"tag":"conflict","attrs":{"type":"replaced"}}]},"msg":"stream errored out"}
[DISCONNECTED] Status: 440, intentional: false
[RECONNECT] Attempt 1/50 in 2000ms
[GROUPS] Prefetched 273 group names
[AUTH] Using MongoDB-backed auth state
[BAILEYS] Starting v2.3000.1033846690
[CONNECTED] WhatsApp connected as: 919309986820:74@s.whatsapp.net Swar Yoga
[GROUPS] Failed to prefetch group names: rate-overlimit
{"level":40,"time":1772727491272,"pid":45016,"hostname":"Mohans-iMac.local","msg":"Timeout in AwaitingInitialSync, forcing state to Online and flushing buffer"}
{"level":50,"time":1772727492607,"pid":45016,"hostname":"Mohans-iMac.local","node":{"tag":"stream:error","attrs":{},"content":[{"tag":"conflict","attrs":{"type":"replaced"}}]},"msg":"stream errored out"}
[DISCONNECTED] Status: 440, intentional: false
[RECONNECT] Attempt 1/50 in 2000ms
[AUTH] Using MongoDB-backed auth state
[BAILEYS] Starting v2.3000.1033846690
[CONNECTED] WhatsApp connected as: 919309986820:74@s.whatsapp.net Swar Yoga
[GROUPS] Failed to prefetch group names: rate-overlimit
{"level":40,"time":1772727497340,"pid":45016,"hostname":"Mohans-iMac.local","msg":"Timeout in AwaitingInitialSync, forcing state to Online and flushing buffer"}
{"level":50,"time":1772727498594,"pid":45016,"hostname":"Mohans-iMac.local","node":{"tag":"stream:error","attrs":{},"content":[{"tag":"conflict","attrs":{"type":"replaced"}}]},"msg":"stream errored out"}
[DISCONNECTED] Status: 440, intentional: false
[RECONNECT] Attempt 1/50 in 2000ms
[AUTH] Using MongoDB-backed auth state
[BAILEYS] Starting v2.3000.1033846690
[CONNECTED] WhatsApp connected as: 919309986820:74@s.whatsapp.net Swar Yoga
[GROUPS] Failed to prefetch group names: rate-overlimit
{"level":40,"time":1772727503274,"pid":45016,"hostname":"Mohans-iMac.local","msg":"Timeout in AwaitingInitialSync, forcing state to Online and flushing buffer"}
{"level":50,"time":1772727504238,"pid":45016,"hostname":"Mohans-iMac.local","node":{"tag":"stream:error","attrs":{},"content":[{"tag":"conflict","attrs":{"type":"replaced"}}]},"msg":"stream errored out"}
[DISCONNECTED] Status: 440, intentional: false
[RECONNECT] Attempt 1/50 in 2000ms
[AUTH] Using MongoDB-backed auth state
[BAILEYS] Starting v2.3000.1033846690
[CONNECTED] WhatsApp connected as: 919309986820:74@s.whatsapp.net Swar Yoga
[GROUPS] Failed to prefetch group names: rate-overlimit
{"level":50,"time":1772727509912,"pid":45016,"hostname":"Mohans-iMac.local","node":{"tag":"stream:error","attrs":{},"content":[{"tag":"conflict","attrs":{"type":"replaced"}}]},"msg":"stream errored out"}
[DISCONNECTED] Status: 440, intentional: false
[RECONNECT] Attempt 1/50 in 2000ms
{"level":40,"time":1772727509954,"pid":45016,"hostname":"Mohans-iMac.local","msg":"Timeout in AwaitingInitialSync, forcing state to Online and flushing buffer"}
[AUTH] Using MongoDB-backed auth state
[BAILEYS] Starting v2.3000.1033846690
[CONNECTED] WhatsApp connected as: 919309986820:74@s.whatsapp.net Swar Yoga
[GROUPS] Failed to prefetch group names: rate-overlimit
{"level":50,"time":1772727515686,"pid":45016,"hostname":"Mohans-iMac.local","node":{"tag":"stream:error","attrs":{},"content":[{"tag":"conflict","attrs":{"type":"replaced"}}]},"msg":"stream errored out"}
[DISCONNECTED] Status: 440, intentional: false
[RECONNECT] Attempt 1/50 in 2000ms
{"level":40,"time":1772727515851,"pid":45016,"hostname":"Mohans-iMac.local","msg":"Timeout in AwaitingInitialSync, forcing state to Online and flushing buffer"}
[AUTH] Using MongoDB-backed auth state
[BAILEYS] Starting v2.3000.1033846690
[CONNECTED] WhatsApp connected as: 919309986820:74@s.whatsapp.net Swar Yoga
{"level":50,"time":1772727521615,"pid":45016,"hostname":"Mohans-iMac.local","node":{"tag":"stream:error","attrs":{},"content":[{"tag":"conflict","attrs":{"type":"replaced"}}]},"msg":"stream errored out"}
[DISCONNECTED] Status: 440, intentional: false
[RECONNECT] Attempt 1/50 in 2000ms
{"level":40,"time":1772727521661,"pid":45016,"hostname":"Mohans-iMac.local","msg":"Timeout in AwaitingInitialSync, forcing state to Online and flushing buffer"}
[AUTH] Using MongoDB-backed auth state
[BAILEYS] Starting v2.3000.1033846690
[CONNECTED] WhatsApp connected as: 919309986820:74@s.whatsapp.net Swar Yoga
{"level":40,"time":1772727527388,"pid":45016,"hostname":"Mohans-iMac.local","msg":"Timeout in AwaitingInitialSync, forcing state to Online and flushing buffer"}
{"level":50,"time":1772727528469,"pid":45016,"hostname":"Mohans-iMac.local","node":{"tag":"stream:error","attrs":{},"content":[{"tag":"conflict","attrs":{"type":"replaced"}}]},"msg":"stream errored out"}
[DISCONNECTED] Status: 440, intentional: false
[RECONNECT] Attempt 1/50 in 2000ms
[GROUPS] Prefetched 273 group names
[AUTH] Using MongoDB-backed auth state
[BAILEYS] Starting v2.3000.1033846690
[CONNECTED] WhatsApp connected as: 919309986820:74@s.whatsapp.net Swar Yoga
{"level":40,"time":1772727533154,"pid":45016,"hostname":"Mohans-iMac.local","msg":"Timeout in AwaitingInitialSync, forcing state to Online and flushing buffer"}
{"level":50,"time":1772727535150,"pid":45016,"hostname":"Mohans-iMac.local","node":{"tag":"stream:error","attrs":{},"content":[{"tag":"conflict","attrs":{"type":"replaced"}}]},"msg":"stream errored out"}
[DISCONNECTED] Status: 440, intentional: false
[RECONNECT] Attempt 1/50 in 2000ms
[GROUPS] Prefetched 273 group names
[AUTH] Using MongoDB-backed auth state
[BAILEYS] Starting v2.3000.1033846690
{"level":40,"time":1772727538713,"pid":45016,"hostname":"Mohans-iMac.local","msg":"Timeout in AwaitingInitialSync, forcing state to Online and flushing buffer"}
[CONNECTED] WhatsApp connected as: 919309986820:74@s.whatsapp.net Swar Yoga
[GROUPS] Prefetched 273 group names
{"level":50,"time":1772727541640,"pid":45016,"hostname":"Mohans-iMac.local","node":{"tag":"stream:error","attrs":{},"content":[{"tag":"conflict","attrs":{"type":"replaced"}}]},"msg":"stream errored out"}
[DISCONNECTED] Status: 440, intentional: false
[RECONNECT] Attempt 1/50 in 2000ms
[AUTH] Using MongoDB-backed auth state
[BAILEYS] Starting v2.3000.1033846690
{"level":40,"time":1772727544712,"pid":45016,"hostname":"Mohans-iMac.local","msg":"Timeout in AwaitingInitialSync, forcing state to Online and flushing buffer"}
[CONNECTED] WhatsApp connected as: 919309986820:74@s.whatsapp.net Swar Yoga
[GROUPS] Failed to prefetch group names: rate-overlimit
{"level":50,"time":1772727547501,"pid":45016,"hostname":"Mohans-iMac.local","node":{"tag":"stream:error","attrs":{},"content":[{"tag":"conflict","attrs":{"type":"replaced"}}]},"msg":"stream errored out"}
[DISCONNECTED] Status: 440, intentional: false
[RECONNECT] Attempt 1/50 in 2000ms
[AUTH] Using MongoDB-backed auth state
[BAILEYS] Starting v2.3000.1033846690
[CONNECTED] WhatsApp connected as: 919309986820:74@s.whatsapp.net Swar Yoga
{"level":40,"time":1772727551875,"pid":45016,"hostname":"Mohans-iMac.local","msg":"Timeout in AwaitingInitialSync, forcing state to Online and flushing buffer"}
{"level":50,"time":1772727553956,"pid":45016,"hostname":"Mohans-iMac.local","node":{"tag":"stream:error","attrs":{},"content":[{"tag":"conflict","attrs":{"type":"replaced"}}]},"msg":"stream errored out"}
[DISCONNECTED] Status: 440, intentional: false
[RECONNECT] Attempt 1/50 in 2000ms
[GROUPS] Prefetched 273 group names
[AUTH] Using MongoDB-backed auth state
[BAILEYS] Starting v2.3000.1033846690
[CONNECTED] WhatsApp connected as: 919309986820:74@s.whatsapp.net Swar Yoga
[GROUPS] Failed to prefetch group names: rate-overlimit
{"level":50,"time":1772727558492,"pid":45016,"hostname":"Mohans-iMac.local","node":{"tag":"stream:error","attrs":{},"content":[{"tag":"conflict","attrs":{"type":"replaced"}}]},"msg":"stream errored out"}
[DISCONNECTED] Status: 440, intentional: false
[RECONNECT] Attempt 1/50 in 2000ms
{"level":40,"time":1772727558636,"pid":45016,"hostname":"Mohans-iMac.local","msg":"Timeout in AwaitingInitialSync, forcing state to Online and flushing buffer"}
[AUTH] Using MongoDB-backed auth state
[BAILEYS] Starting v2.3000.1033846690
[CONNECTED] WhatsApp connected as: 919309986820:74@s.whatsapp.net Swar Yoga
[GROUPS] Failed to prefetch group names: rate-overlimit
[LID-RESOLVE-DB] Found 12 unresolved LID contacts, querying DB...
[LID-RESOLVE-DB] Found 114 unique phone numbers in DB
[LID-MAP] 45101569028331 → 917875877083
[LID-MAP] 73628775387137 → 917766841117
[LID-MAP] 145994545103008 → 917738093173
[LID-MAP] 275449221521484 → 917588040535
[LID-MAP] 167297650040911 → 917428375992
[LID-MAP] 276626076086489 → 917217674566
[LID-MAP] 247587768688773 → 917000789090
[LID-MAP] 266494382481478 → 23058287667
[LID-MAP] 89575905038462 → 918968545566
[LID-MAP] 170312700284988 → 918962400660
[LID-MAP] 187389624459383 → 918920112808
[LID-MAP] 133719612465382 → 918888889078
[LID-MAP] 165244655648775 → 918767574117
[LID-MAP] 111867070537746 → 918765432100
[LID-MAP] 17811330060419 → 918668771411
[LID-MAP] 19761161347137 → 918511669921
[LID-MAP] 67744686952493 → 918427616270
[LID-MAP] 254129087742107 → 918308886918
[LID-MAP] 158355611992084 → 918275281029
[LID-MAP] 230098594713709 → 918223899969
[LID-MAP] 190202660306996 → 918180898066
[LID-MAP] 190185832714267 → 918149549354
[LID-MAP] 186689410596935 → 918149238319
[LID-MAP] 155151516098776 → 918130910321
[LID-MAP] 187746559766560 → 917999774008
[LID-MAP] 162336895688852 → 917891119495
[LID-MAP] 104032781742301 → 919423784888
[LID-MAP] 211385556439229 → 919422880177
[LID-MAP] 232112967930011 → 919414888892
[LID-MAP] 128729380597926 → 919410838239
[LID-MAP] 232641383129333 → 919376770333
[LID-MAP] 262280868589677 → 919368675024
[LID-MAP] 70102540095695 → 919362802237
[LID-MAP] 57599990968399 → 919322331757
[LID-MAP] 1606351380725 → 919309986820
[LID-MAP] 38379962023988 → 919172552833
[LID-MAP] 173611587477549 → 919136052699
[LID-MAP] 249297601839190 → 919130692255
[LID-MAP] 79864933654620 → 919099874959
[LID-MAP] 75265074004185 → 919090030345
[LID-MAP] 258038028099636 → 919075358557
[LID-MAP] 29935938859035 → 919049855593
[LID-MAP] 190241314971715 → 919024212652
[LID-MAP] 38779477823516 → 919019239946
[LID-MAP] 117519029371104 → 918968562430
{"level":50,"time":1772727564556,"pid":45016,"hostname":"Mohans-iMac.local","node":{"tag":"stream:error","attrs":{},"content":[{"tag":"conflict","attrs":{"type":"replaced"}}]},"msg":"stream errored out"}
[DISCONNECTED] Status: 440, intentional: false
[RECONNECT] Attempt 1/50 in 2000ms
{"level":40,"time":1772727564705,"pid":45016,"hostname":"Mohans-iMac.local","msg":"Timeout in AwaitingInitialSync, forcing state to Online and flushing buffer"}
[LID-RESOLVE-DB] Batch query error: Connection Closed
[LID-RESOLVE-DB] Batch query error: Connection Closed
[LID-RESOLVE-DB] Batch query error: Connection Closed
[LID-RESOLVE-DB] ✅ Resolved 45 phone→LID mappings (total map: 204)
[LID-RESOLVE-DB] ✅ Updated 8 chat entries with phone numbers
[AUTH] Using MongoDB-backed auth state
[BAILEYS] Starting v2.3000.1033846690
[CONNECTED] WhatsApp connected as: 919309986820:74@s.whatsapp.net Swar Yoga
{"level":40,"time":1772727570576,"pid":45016,"hostname":"Mohans-iMac.local","msg":"Timeout in AwaitingInitialSync, forcing state to Online and flushing buffer"}
{"level":50,"time":1772727570895,"pid":45016,"hostname":"Mohans-iMac.local","node":{"tag":"stream:error","attrs":{},"content":[{"tag":"conflict","attrs":{"type":"replaced"}}]},"msg":"stream errored out"}
[DISCONNECTED] Status: 440, intentional: false
[RECONNECT] Attempt 1/50 in 2000ms
[GROUPS] Prefetched 273 group names
{"level":50,"time":1772727570905,"pid":45016,"hostname":"Mohans-iMac.local","err":{"type":"Error","message":"Connection Closed","stack":"Error: Connection Closed\n    at sendRawMessage (file:///Users/mohankalburgi/swaryoga.com-db/swaryoga.com-db/deploy/wa-baileys/node_modules/@whiskeysockets/baileys/lib/Socket/socket.js:56:19)\n    at sendNode (file:///Users/mohankalburgi/swaryoga.com-db/swaryoga.com-db/deploy/wa-baileys/node_modules/@whiskeysockets/baileys/lib/Socket/socket.js:75:16)\n    at sendMessageAck (file:///Users/mohankalburgi/swaryoga.com-db/swaryoga.com-db/deploy/wa-baileys/node_modules/@whiskeysockets/baileys/lib/Socket/messages-recv.js:61:15)\n    at handleNotification (file:///Users/mohankalburgi/swaryoga.com-db/swaryoga.com-db/deploy/wa-baileys/node_modules/@whiskeysockets/baileys/lib/Socket/messages-recv.js:607:19)\n    at process.processTicksAndRejections (node:internal/process/task_queues:103:5)\n    at async processNodeWithBuffer (file:///Users/mohankalburgi/swaryoga.com-db/swaryoga.com-db/deploy/wa-baileys/node_modules/@whiskeysockets/baileys/lib/Socket/messages-recv.js:841:9)","data":null,"isBoom":true,"isServer":false,"output":{"statusCode":428,"payload":{"statusCode":428,"error":"Precondition Required","message":"Connection Closed"},"headers":{}}},"msg":"unexpected error in 'handling notification'"}
[AUTH] Using MongoDB-backed auth state
[BAILEYS] Starting v2.3000.1033846690
[CONNECTED] WhatsApp connected as: 919309986820:74@s.whatsapp.net Swar Yoga
{"level":40,"time":1772727577094,"pid":45016,"hostname":"Mohans-iMac.local","msg":"Timeout in AwaitingInitialSync, forcing state to Online and flushing buffer"}
{"level":50,"time":1772727578082,"pid":45016,"hostname":"Mohans-iMac.local","node":{"tag":"stream:error","attrs":{},"content":[{"tag":"conflict","attrs":{"type":"replaced"}}]},"msg":"stream errored out"}
[DISCONNECTED] Status: 440, intentional: false
[RECONNECT] Attempt 1/50 in 2000ms
[GROUPS] Prefetched 273 group names
[GROUPS] Failed to prefetch group names: Timed Out
[AUTH] Using MongoDB-backed auth state
[BAILEYS] Starting v2.3000.1033846690
[CONNECTED] WhatsApp connected as: 919309986820:74@s.whatsapp.net Swar Yoga
{"level":40,"time":1772727581803,"pid":45016,"hostname":"Mohans-iMac.local","msg":"Timeout in AwaitingInitialSync, forcing state to Online and flushing buffer"}
[GROUPS] Failed to prefetch group names: rate-overlimit
{"level":50,"time":1772727584145,"pid":45016,"hostname":"Mohans-iMac.local","node":{"tag":"stream:error","attrs":{},"content":[{"tag":"conflict","attrs":{"type":"replaced"}}]},"msg":"stream errored out"}
[DISCONNECTED] Status: 440, intentional: false
[RECONNECT] Attempt 1/50 in 2000ms
[AUTH] Using MongoDB-backed auth state
[BAILEYS] Starting v2.3000.1033846690
[CONNECTED] WhatsApp connected as: 919309986820:74@s.whatsapp.net Swar Yoga
{"level":40,"time":1772727587679,"pid":45016,"hostname":"Mohans-iMac.local","msg":"Timeout in AwaitingInitialSync, forcing state to Online and flushing buffer"}
[GROUPS] Failed to prefetch group names: rate-overlimit
{"level":50,"time":1772727588655,"pid":45016,"hostname":"Mohans-iMac.local","node":{"tag":"stream:error","attrs":{"code":"401"},"content":[{"tag":"conflict","attrs":{"type":"device_removed"}}]},"msg":"stream errored out"}
[DISCONNECTED] Status: 401, intentional: false
[LOGGED OUT] Session expired — clearing auth
[AUTH] Cleared MongoDB auth state
{"level":50,"time":1772727589201,"pid":45016,"hostname":"Mohans-iMac.local","err":{"type":"Error","message":"Connection Closed","stack":"Error: Connection Closed\n    at sendRawMessage (file:///Users/mohankalburgi/swaryoga.com-db/swaryoga.com-db/deploy/wa-baileys/node_modules/@whiskeysockets/baileys/lib/Socket/socket.js:56:19)\n    at sendNode (file:///Users/mohankalburgi/swaryoga.com-db/swaryoga.com-db/deploy/wa-baileys/node_modules/@whiskeysockets/baileys/lib/Socket/socket.js:75:16)\n    at sendMessageAck (file:///Users/mohankalburgi/swaryoga.com-db/swaryoga.com-db/deploy/wa-baileys/node_modules/@whiskeysockets/baileys/lib/Socket/messages-recv.js:61:15)\n    at handleNotification (file:///Users/mohankalburgi/swaryoga.com-db/swaryoga.com-db/deploy/wa-baileys/node_modules/@whiskeysockets/baileys/lib/Socket/messages-recv.js:607:19)\n    at process.processTicksAndRejections (node:internal/process/task_queues:103:5)\n    at async processNodeWithBuffer (file:///Users/mohankalburgi/swaryoga.com-db/swaryoga.com-db/deploy/wa-baileys/node_modules/@whiskeysockets/baileys/lib/Socket/messages-recv.js:841:9)","data":null,"isBoom":true,"isServer":false,"output":{"statusCode":428,"payload":{"statusCode":428,"error":"Precondition Required","message":"Connection Closed"},"headers":{}}},"msg":"unexpected error in 'handling notification'"}
[AUTH] Using MongoDB-backed auth state
[BAILEYS] Starting v2.3000.1033846690
[QR] New QR code generated — scan in WhatsApp app
{"level":40,"time":1772727593973,"pid":45016,"hostname":"Mohans-iMac.local","msg":"Timeout in AwaitingInitialSync, forcing state to Online and flushing buffer"}
{"level":40,"time":1772727601317,"pid":45016,"hostname":"Mohans-iMac.local","msg":"Timeout in AwaitingInitialSync, forcing state to Online and flushing buffer"}
{"level":40,"time":1772727607299,"pid":45016,"hostname":"Mohans-iMac.local","msg":"Timeout in AwaitingInitialSync, forcing state to Online and flushing buffer"}
[QR] New QR code generated — scan in WhatsApp app
[QR] New QR code generated — scan in WhatsApp app
[QR] New QR code generated — scan in WhatsApp app
[QR] New QR code generated — scan in WhatsApp app
[QR] New QR code generated — scan in WhatsApp app
[DISCONNECTED] Status: 408, intentional: false
[RECONNECT] QR refresh in 1000ms
[AUTH] Using MongoDB-backed auth state
[BAILEYS] Starting v2.3000.1033846690
[CONNECTED] WhatsApp connected as: 919309986820:75@s.whatsapp.net Swar Yoga
{"level":50,"time":1772727758206,"pid":45016,"hostname":"Mohans-iMac.local","node":{"tag":"stream:error","attrs":{},"content":[{"tag":"conflict","attrs":{"type":"replaced"}}]},"msg":"stream errored out"}
[DISCONNECTED] Status: 440, intentional: false
[RECONNECT] QR refresh in 1000ms
[GROUPS] Prefetched 273 group names
[AUTH] Using MongoDB-backed auth state
[BAILEYS] Starting v2.3000.1033846690
[CONNECTED] WhatsApp connected as: 919309986820:75@s.whatsapp.net Swar Yoga
[LID-RESOLVE-DB] Found 12 unresolved LID contacts, querying DB...
[LID-RESOLVE-DB] Found 114 unique phone numbers in DB
[LID-MAP] 45101569028331 → 917875877083
[LID-MAP] 73628775387137 → 917766841117
[LID-MAP] 145994545103008 → 917738093173
[LID-MAP] 275449221521484 → 917588040535
[LID-MAP] 167297650040911 → 917428375992
[LID-MAP] 276626076086489 → 917217674566
[LID-MAP] 247587768688773 → 917000789090
[LID-MAP] 266494382481478 → 23058287667
[LID-MAP] 89575905038462 → 918968545566
[LID-MAP] 170312700284988 → 918962400660
[LID-MAP] 187389624459383 → 918920112808
[LID-MAP] 133719612465382 → 918888889078
[LID-MAP] 165244655648775 → 918767574117
[LID-MAP] 111867070537746 → 918765432100
[LID-MAP] 17811330060419 → 918668771411
[LID-MAP] 19761161347137 → 918511669921
[LID-MAP] 67744686952493 → 918427616270
[LID-MAP] 254129087742107 → 918308886918
[LID-MAP] 158355611992084 → 918275281029
[LID-MAP] 230098594713709 → 918223899969
[LID-MAP] 190202660306996 → 918180898066
[LID-MAP] 190185832714267 → 918149549354
[LID-MAP] 186689410596935 → 918149238319
[LID-MAP] 155151516098776 → 918130910321
[LID-MAP] 187746559766560 → 917999774008
[LID-MAP] 162336895688852 → 917891119495
[GROUPS] Prefetched 273 group names
[LID-MAP] 104032781742301 → 919423784888
[LID-MAP] 211385556439229 → 919422880177
[LID-MAP] 232112967930011 → 919414888892
[LID-MAP] 128729380597926 → 919410838239
[LID-MAP] 232641383129333 → 919376770333
[LID-MAP] 262280868589677 → 919368675024
[LID-MAP] 70102540095695 → 919362802237
[LID-MAP] 57599990968399 → 919322331757
[LID-MAP] 1606351380725 → 919309986820
[LID-MAP] 38379962023988 → 919172552833
[LID-MAP] 173611587477549 → 919136052699
[LID-MAP] 249297601839190 → 919130692255
[LID-MAP] 79864933654620 → 919099874959
[LID-MAP] 75265074004185 → 919090030345
[LID-MAP] 258038028099636 → 919075358557
[LID-MAP] 29935938859035 → 919049855593
[LID-MAP] 190241314971715 → 919024212652
[LID-MAP] 38779477823516 → 919019239946
[LID-MAP] 117519029371104 → 918968562430
{"level":50,"time":1772727763611,"pid":45016,"hostname":"Mohans-iMac.local","node":{"tag":"stream:error","attrs":{},"content":[{"tag":"conflict","attrs":{"type":"replaced"}}]},"msg":"stream errored out"}
[DISCONNECTED] Status: 440, intentional: false
[RECONNECT] QR refresh in 1000ms
[AUTH] Using MongoDB-backed auth state
[BAILEYS] Starting v2.3000.1033846690
[LID-RESOLVE-DB] Found 12 unresolved LID contacts, querying DB...
[LID-RESOLVE-DB] Found 114 unique phone numbers in DB
[CONNECTED] WhatsApp connected as: 919309986820:75@s.whatsapp.net Swar Yoga
[LID-MAP] 45101569028331 → 917875877083
[LID-MAP] 73628775387137 → 917766841117
[LID-MAP] 145994545103008 → 917738093173
[LID-MAP] 275449221521484 → 917588040535
[LID-MAP] 167297650040911 → 917428375992
[LID-MAP] 276626076086489 → 917217674566
[LID-MAP] 247587768688773 → 917000789090
[LID-MAP] 266494382481478 → 23058287667
[LID-MAP] 89575905038462 → 918968545566
[LID-MAP] 170312700284988 → 918962400660
[LID-MAP] 187389624459383 → 918920112808
[LID-MAP] 133719612465382 → 918888889078
[LID-MAP] 165244655648775 → 918767574117
[LID-MAP] 111867070537746 → 918765432100
[LID-MAP] 17811330060419 → 918668771411
[LID-MAP] 19761161347137 → 918511669921
[LID-MAP] 67744686952493 → 918427616270
[LID-MAP] 254129087742107 → 918308886918
[LID-MAP] 158355611992084 → 918275281029
[LID-MAP] 230098594713709 → 918223899969
[LID-MAP] 190202660306996 → 918180898066
[LID-MAP] 190185832714267 → 918149549354
[LID-MAP] 186689410596935 → 918149238319
[LID-MAP] 155151516098776 → 918130910321
[LID-MAP] 187746559766560 → 917999774008
[LID-MAP] 162336895688852 → 917891119495
{"level":50,"time":1772727768854,"pid":45016,"hostname":"Mohans-iMac.local","node":{"tag":"stream:error","attrs":{},"content":[{"tag":"conflict","attrs":{"type":"replaced"}}]},"msg":"stream errored out"}
[DISCONNECTED] Status: 440, intentional: false
[RECONNECT] QR refresh in 1000ms
[GROUPS] Prefetched 273 group names
[LID-MAP] 104032781742301 → 919423784888
[LID-MAP] 211385556439229 → 919422880177
[LID-MAP] 232112967930011 → 919414888892
[LID-MAP] 128729380597926 → 919410838239
[LID-MAP] 232641383129333 → 919376770333
[LID-MAP] 262280868589677 → 919368675024
[LID-MAP] 70102540095695 → 919362802237
[LID-MAP] 57599990968399 → 919322331757
[LID-MAP] 1606351380725 → 919309986820
[LID-MAP] 38379962023988 → 919172552833
[LID-MAP] 173611587477549 → 919136052699
[LID-MAP] 249297601839190 → 919130692255
[LID-MAP] 79864933654620 → 919099874959
[LID-MAP] 75265074004185 → 919090030345
[LID-MAP] 258038028099636 → 919075358557
[LID-MAP] 29935938859035 → 919049855593
[LID-MAP] 190241314971715 → 919024212652
[LID-MAP] 38779477823516 → 919019239946
[LID-MAP] 117519029371104 → 918968562430
[LID-RESOLVE-DB] Batch query error: Connection Closed
[AUTH] Using MongoDB-backed auth state
[LID-RESOLVE-DB] Batch query error: Cannot read properties of null (reading 'onWhatsApp')
[BAILEYS] Starting v2.3000.1033846690
[LID-RESOLVE-DB] Found 12 unresolved LID contacts, querying DB...
[LID-RESOLVE-DB] Found 114 unique phone numbers in DB
[LID-MAP] 158381297897656 → 9779857048500
[LID-MAP] 95318326702230 → 9779803036014
[LID-MAP] 277369122201725 → 919999533629
[LID-MAP] 135746786750514 → 919990626618
[LID-MAP] 281208839737594 → 919982533322
[LID-MAP] 222475178786987 → 919982043017
[LID-MAP] 190323070345240 → 919957575069
[LID-MAP] 202902996029640 → 919930923365
[LID-MAP] 108198933573711 → 919927459437
[LID-MAP] 24142111867101 → 919927096178
[LID-MAP] 120821842452555 → 919924410217
[LID-MAP] 53064505503999 → 919923536357
[LID-MAP] 44684873306254 → 919913073355
[LID-MAP] 108886145130496 → 919909017587
[LID-RESOLVE-DB] ✅ Resolved 59 phone→LID mappings (total map: 204)
[LID-RESOLVE-DB] ✅ Updated 8 chat entries with phone numbers
[CONNECTED] WhatsApp connected as: 919309986820:75@s.whatsapp.net Swar Yoga
[LID-MAP] 45101569028331 → 917875877083
[LID-MAP] 73628775387137 → 917766841117
[LID-MAP] 145994545103008 → 917738093173
[LID-MAP] 275449221521484 → 917588040535
[LID-MAP] 167297650040911 → 917428375992
[LID-MAP] 276626076086489 → 917217674566
[LID-MAP] 247587768688773 → 917000789090
[LID-MAP] 266494382481478 → 23058287667
[LID-MAP] 89575905038462 → 918968545566
[LID-MAP] 170312700284988 → 918962400660
[LID-MAP] 187389624459383 → 918920112808
[LID-MAP] 133719612465382 → 918888889078
[LID-MAP] 165244655648775 → 918767574117
[LID-MAP] 111867070537746 → 918765432100
[LID-MAP] 17811330060419 → 918668771411
[LID-MAP] 19761161347137 → 918511669921
[LID-MAP] 67744686952493 → 918427616270
[LID-MAP] 254129087742107 → 918308886918
[LID-MAP] 158355611992084 → 918275281029
[LID-MAP] 230098594713709 → 918223899969
[LID-MAP] 190202660306996 → 918180898066
[LID-MAP] 190185832714267 → 918149549354
[LID-MAP] 186689410596935 → 918149238319
[LID-MAP] 155151516098776 → 918130910321
[LID-MAP] 187746559766560 → 917999774008
[LID-MAP] 162336895688852 → 917891119495
[LID-MAP] 104032781742301 → 919423784888
[LID-MAP] 211385556439229 → 919422880177
[LID-MAP] 232112967930011 → 919414888892
[LID-MAP] 128729380597926 → 919410838239
[LID-MAP] 232641383129333 → 919376770333
[LID-MAP] 262280868589677 → 919368675024
[LID-MAP] 70102540095695 → 919362802237
[LID-MAP] 57599990968399 → 919322331757
[LID-MAP] 1606351380725 → 919309986820
[LID-MAP] 38379962023988 → 919172552833
[LID-MAP] 173611587477549 → 919136052699
[LID-MAP] 249297601839190 → 919130692255
[LID-MAP] 79864933654620 → 919099874959
[LID-MAP] 75265074004185 → 919090030345
[LID-MAP] 258038028099636 → 919075358557
[LID-MAP] 29935938859035 → 919049855593
[LID-MAP] 190241314971715 → 919024212652
[LID-MAP] 38779477823516 → 919019239946
[LID-MAP] 117519029371104 → 918968562430
[GROUPS] Prefetched 273 group names
{"level":50,"time":1772727773811,"pid":45016,"hostname":"Mohans-iMac.local","node":{"tag":"stream:error","attrs":{},"content":[{"tag":"conflict","attrs":{"type":"replaced"}}]},"msg":"stream errored out"}
[DISCONNECTED] Status: 440, intentional: false
[RECONNECT] QR refresh in 1000ms
[LID-MAP] 222393977061438 → 919779006820
[LID-MAP] 88605242482907 → 919754197540
[LID-MAP] 171253499465846 → 919726995317
[LID-MAP] 17179936342079 → 919720702527
[LID-MAP] 148442777170135 → 919717423622
[LID-MAP] 105561857196224 → 919654425155
[LID-MAP] 281140153860183 → 919599010835
[LID-MAP] 220009833975886 → 919594599018
[LID-MAP] 181638612947005 → 919582228584
[LID-MAP] 5682912882894 → 919575550996
[LID-MAP] 126388355002411 → 919566020382
[LID-MAP] 20272312770769 → 919561694725
[LID-MAP] 156684785848334 → 919466060709
[LID-MAP] 152351331627083 → 919464900040
[LID-MAP] 166923987902630 → 919462241858
[LID-MAP] 281002698088464 → 919452808052
[LID-MAP] 128604977516598 → 919433995391
[LID-MAP] 17570778366097 → 919425094923
[LID-MAP] 107232498827380 → 919424077785
[LID-RESOLVE-DB] Batch query error: Connection Closed
[LID-RESOLVE] Attempting to resolve 12 LID contacts...
[LID-RESOLVE] Batch query error: Connection Closed
[LID-RESOLVE] Batch query error: Connection Closed
[LID-RESOLVE] Map now has 204 entries
[AUTH] Using MongoDB-backed auth state
[LID-RESOLVE-DB] Batch query error: Cannot read properties of null (reading 'onWhatsApp')
[LID-RESOLVE-DB] ✅ Resolved 64 phone→LID mappings (total map: 204)
[LID-RESOLVE-DB] ✅ Updated 8 chat entries with phone numbers
[BAILEYS] Starting v2.3000.1033846690
{"level":40,"time":1772727775374,"pid":45016,"hostname":"Mohans-iMac.local","msg":"Timeout in AwaitingInitialSync, forcing state to Online and flushing buffer"}
[CONNECTED] WhatsApp connected as: 919309986820:75@s.whatsapp.net Swar Yoga
[LID-RESOLVE-DB] Found 12 unresolved LID contacts, querying DB...
[LID-RESOLVE-DB] Found 114 unique phone numbers in DB
[LID-MAP] 45101569028331 → 917875877083
[LID-MAP] 73628775387137 → 917766841117
[LID-MAP] 145994545103008 → 917738093173
[LID-MAP] 275449221521484 → 917588040535
[LID-MAP] 167297650040911 → 917428375992
[LID-MAP] 276626076086489 → 917217674566
[LID-MAP] 247587768688773 → 917000789090
[LID-MAP] 266494382481478 → 23058287667
[LID-MAP] 89575905038462 → 918968545566
[LID-MAP] 170312700284988 → 918962400660
[LID-MAP] 187389624459383 → 918920112808
[LID-MAP] 133719612465382 → 918888889078
[LID-MAP] 165244655648775 → 918767574117
[LID-MAP] 111867070537746 → 918765432100
[LID-MAP] 17811330060419 → 918668771411
[LID-MAP] 19761161347137 → 918511669921
[LID-MAP] 67744686952493 → 918427616270
[LID-MAP] 254129087742107 → 918308886918
[LID-MAP] 158355611992084 → 918275281029
[LID-MAP] 230098594713709 → 918223899969
[LID-MAP] 190202660306996 → 918180898066
[LID-MAP] 190185832714267 → 918149549354
[LID-MAP] 186689410596935 → 918149238319
[LID-MAP] 155151516098776 → 918130910321
[LID-MAP] 187746559766560 → 917999774008
[LID-MAP] 162336895688852 → 917891119495
[GROUPS] Prefetched 273 group names
[LID-MAP] 104032781742301 → 919423784888
[LID-MAP] 211385556439229 → 919422880177
[LID-MAP] 232112967930011 → 919414888892
[LID-MAP] 128729380597926 → 919410838239
[LID-MAP] 232641383129333 → 919376770333
[LID-MAP] 262280868589677 → 919368675024
[LID-MAP] 70102540095695 → 919362802237
[LID-MAP] 57599990968399 → 919322331757
[LID-MAP] 1606351380725 → 919309986820
[LID-MAP] 38379962023988 → 919172552833
[LID-MAP] 173611587477549 → 919136052699
[LID-MAP] 249297601839190 → 919130692255
[LID-MAP] 79864933654620 → 919099874959
[LID-MAP] 75265074004185 → 919090030345
[LID-MAP] 258038028099636 → 919075358557
[LID-MAP] 29935938859035 → 919049855593
[LID-MAP] 190241314971715 → 919024212652
[LID-MAP] 38779477823516 → 919019239946
[LID-MAP] 117519029371104 → 918968562430
{"level":50,"time":1772727779521,"pid":45016,"hostname":"Mohans-iMac.local","node":{"tag":"stream:error","attrs":{},"content":[{"tag":"conflict","attrs":{"type":"replaced"}}]},"msg":"stream errored out"}
[DISCONNECTED] Status: 440, intentional: false
[RECONNECT] QR refresh in 1000ms
[LID-RESOLVE-DB] Batch query error: Connection Closed
[LID-RESOLVE-DB] Batch query error: Connection Closed
{"level":40,"time":1772727780370,"pid":45016,"hostname":"Mohans-iMac.local","msg":"Timeout in AwaitingInitialSync, forcing state to Online and flushing buffer"}
[AUTH] Using MongoDB-backed auth state
[LID-RESOLVE-DB] Batch query error: Cannot read properties of null (reading 'onWhatsApp')
[LID-RESOLVE-DB] ✅ Resolved 45 phone→LID mappings (total map: 204)
[LID-RESOLVE-DB] ✅ Updated 8 chat entries with phone numbers
[BAILEYS] Starting v2.3000.1033846690
[LID-RESOLVE-DB] Found 12 unresolved LID contacts, querying DB...
[LID-RESOLVE-DB] Found 114 unique phone numbers in DB
[LID-MAP] 45101569028331 → 917875877083
[LID-MAP] 73628775387137 → 917766841117
[LID-MAP] 145994545103008 → 917738093173
[LID-MAP] 275449221521484 → 917588040535
[LID-MAP] 167297650040911 → 917428375992
[LID-MAP] 276626076086489 → 917217674566
[LID-MAP] 247587768688773 → 917000789090
[LID-MAP] 266494382481478 → 23058287667
[CONNECTED] WhatsApp connected as: 919309986820:75@s.whatsapp.net Swar Yoga
[LID-MAP] 89575905038462 → 918968545566
[LID-MAP] 170312700284988 → 918962400660
[LID-MAP] 187389624459383 → 918920112808
[LID-MAP] 133719612465382 → 918888889078
[LID-MAP] 165244655648775 → 918767574117
[LID-MAP] 111867070537746 → 918765432100
[LID-MAP] 17811330060419 → 918668771411
[LID-MAP] 19761161347137 → 918511669921
[LID-MAP] 67744686952493 → 918427616270
[LID-MAP] 254129087742107 → 918308886918
[LID-MAP] 158355611992084 → 918275281029
[LID-MAP] 230098594713709 → 918223899969
[LID-MAP] 190202660306996 → 918180898066
[LID-MAP] 190185832714267 → 918149549354
[LID-MAP] 186689410596935 → 918149238319
[LID-MAP] 155151516098776 → 918130910321
[LID-MAP] 187746559766560 → 917999774008
[LID-MAP] 162336895688852 → 917891119495
[LID-MAP] 104032781742301 → 919423784888
[LID-MAP] 211385556439229 → 919422880177
[LID-MAP] 232112967930011 → 919414888892
[LID-MAP] 128729380597926 → 919410838239
[LID-MAP] 232641383129333 → 919376770333
[LID-MAP] 262280868589677 → 919368675024
[LID-MAP] 70102540095695 → 919362802237
[LID-MAP] 57599990968399 → 919322331757
[LID-MAP] 1606351380725 → 919309986820
[LID-MAP] 38379962023988 → 919172552833
[LID-MAP] 173611587477549 → 919136052699
[LID-MAP] 249297601839190 → 919130692255
[LID-MAP] 79864933654620 → 919099874959
[LID-MAP] 75265074004185 → 919090030345
[LID-MAP] 258038028099636 → 919075358557
[LID-MAP] 29935938859035 → 919049855593
[LID-MAP] 190241314971715 → 919024212652
[LID-MAP] 38779477823516 → 919019239946
[LID-MAP] 117519029371104 → 918968562430
[GROUPS] Prefetched 273 group names
{"level":50,"time":1772727784803,"pid":45016,"hostname":"Mohans-iMac.local","node":{"tag":"stream:error","attrs":{},"content":[{"tag":"conflict","attrs":{"type":"replaced"}}]},"msg":"stream errored out"}
[DISCONNECTED] Status: 440, intentional: false
[RECONNECT] QR refresh in 1000ms
[LID-MAP] 222393977061438 → 919779006820
[LID-MAP] 88605242482907 → 919754197540
[LID-MAP] 171253499465846 → 919726995317
[LID-MAP] 17179936342079 → 919720702527
[LID-MAP] 148442777170135 → 919717423622
[LID-MAP] 105561857196224 → 919654425155
[LID-MAP] 281140153860183 → 919599010835
[LID-MAP] 220009833975886 → 919594599018
[LID-MAP] 181638612947005 → 919582228584
[LID-MAP] 5682912882894 → 919575550996
[LID-MAP] 126388355002411 → 919566020382
[LID-MAP] 20272312770769 → 919561694725
[LID-MAP] 156684785848334 → 919466060709
[LID-MAP] 152351331627083 → 919464900040
[LID-MAP] 166923987902630 → 919462241858
[LID-MAP] 281002698088464 → 919452808052
[LID-MAP] 128604977516598 → 919433995391
[LID-MAP] 17570778366097 → 919425094923
[LID-MAP] 107232498827380 → 919424077785
[LID-RESOLVE-DB] Batch query error: Connection Closed
{"level":40,"time":1772727785626,"pid":45016,"hostname":"Mohans-iMac.local","msg":"Timeout in AwaitingInitialSync, forcing state to Online and flushing buffer"}
[AUTH] Using MongoDB-backed auth state
[LID-RESOLVE-DB] Batch query error: Cannot read properties of null (reading 'onWhatsApp')
[LID-RESOLVE-DB] ✅ Resolved 64 phone→LID mappings (total map: 204)
[LID-RESOLVE-DB] ✅ Updated 8 chat entries with phone numbers
[BAILEYS] Starting v2.3000.1033846690
[LID-RESOLVE-DB] Found 12 unresolved LID contacts, querying DB...
[LID-RESOLVE-DB] Found 114 unique phone numbers in DB
[CONNECTED] WhatsApp connected as: 919309986820:75@s.whatsapp.net Swar Yoga
[LID-MAP] 45101569028331 → 917875877083
[LID-MAP] 73628775387137 → 917766841117
[LID-MAP] 145994545103008 → 917738093173
[LID-MAP] 275449221521484 → 917588040535
[LID-MAP] 167297650040911 → 917428375992
[LID-MAP] 276626076086489 → 917217674566
[LID-MAP] 247587768688773 → 917000789090
[LID-MAP] 266494382481478 → 23058287667
[LID-MAP] 89575905038462 → 918968545566
[LID-MAP] 170312700284988 → 918962400660
[LID-MAP] 187389624459383 → 918920112808
[LID-MAP] 133719612465382 → 918888889078
[LID-MAP] 165244655648775 → 918767574117
[LID-MAP] 111867070537746 → 918765432100
[LID-MAP] 17811330060419 → 918668771411
[LID-MAP] 19761161347137 → 918511669921
[LID-MAP] 67744686952493 → 918427616270
[LID-MAP] 254129087742107 → 918308886918
[LID-MAP] 158355611992084 → 918275281029
[LID-MAP] 230098594713709 → 918223899969
[LID-MAP] 190202660306996 → 918180898066
[LID-MAP] 190185832714267 → 918149549354
[LID-MAP] 186689410596935 → 918149238319
[LID-MAP] 155151516098776 → 918130910321
[LID-MAP] 187746559766560 → 917999774008
[LID-MAP] 162336895688852 → 917891119495
[GROUPS] Prefetched 273 group names
[LID-MAP] 104032781742301 → 919423784888
[LID-MAP] 211385556439229 → 919422880177
[LID-MAP] 232112967930011 → 919414888892
[LID-MAP] 128729380597926 → 919410838239
[LID-MAP] 232641383129333 → 919376770333
[LID-MAP] 262280868589677 → 919368675024
[LID-MAP] 70102540095695 → 919362802237
[LID-MAP] 57599990968399 → 919322331757
[LID-MAP] 1606351380725 → 919309986820
[LID-MAP] 38379962023988 → 919172552833
[LID-MAP] 173611587477549 → 919136052699
[LID-MAP] 249297601839190 → 919130692255
[LID-MAP] 79864933654620 → 919099874959
[LID-MAP] 75265074004185 → 919090030345
[LID-MAP] 258038028099636 → 919075358557
[LID-MAP] 29935938859035 → 919049855593
[LID-MAP] 190241314971715 → 919024212652
[LID-MAP] 38779477823516 → 919019239946
[LID-MAP] 117519029371104 → 918968562430
{"level":50,"time":1772727790333,"pid":45016,"hostname":"Mohans-iMac.local","node":{"tag":"stream:error","attrs":{},"content":[{"tag":"conflict","attrs":{"type":"replaced"}}]},"msg":"stream errored out"}
[DISCONNECTED] Status: 440, intentional: false
[RECONNECT] QR refresh in 1000ms
[LID-RESOLVE-DB] Batch query error: Connection Closed
{"level":40,"time":1772727790859,"pid":45016,"hostname":"Mohans-iMac.local","msg":"Timeout in AwaitingInitialSync, forcing state to Online and flushing buffer"}
[LID-RESOLVE-DB] Batch query error: Connection Closed
[AUTH] Using MongoDB-backed auth state
[BAILEYS] Starting v2.3000.1033846690
[LID-RESOLVE-DB] Batch query error: Connection Closed
[LID-RESOLVE-DB] ✅ Resolved 45 phone→LID mappings (total map: 204)
[LID-RESOLVE-DB] ✅ Updated 8 chat entries with phone numbers
[LID-RESOLVE-DB] Found 12 unresolved LID contacts, querying DB...
[LID-RESOLVE-DB] Found 114 unique phone numbers in DB
[LID-MAP] 45101569028331 → 917875877083
[LID-MAP] 73628775387137 → 917766841117
[LID-MAP] 145994545103008 → 917738093173
[LID-MAP] 275449221521484 → 917588040535
[LID-MAP] 167297650040911 → 917428375992
[LID-MAP] 276626076086489 → 917217674566
[LID-MAP] 247587768688773 → 917000789090
[LID-MAP] 266494382481478 → 23058287667
[CONNECTED] WhatsApp connected as: 919309986820:75@s.whatsapp.net Swar Yoga
[LID-MAP] 89575905038462 → 918968545566
[LID-MAP] 170312700284988 → 918962400660
[LID-MAP] 187389624459383 → 918920112808
[LID-MAP] 133719612465382 → 918888889078
[LID-MAP] 165244655648775 → 918767574117
[LID-MAP] 111867070537746 → 918765432100
[LID-MAP] 17811330060419 → 918668771411
[LID-MAP] 19761161347137 → 918511669921
[LID-MAP] 67744686952493 → 918427616270
[LID-MAP] 254129087742107 → 918308886918
[LID-MAP] 158355611992084 → 918275281029
[LID-MAP] 230098594713709 → 918223899969
[LID-MAP] 190202660306996 → 918180898066
[LID-MAP] 190185832714267 → 918149549354
[LID-MAP] 186689410596935 → 918149238319
[LID-MAP] 155151516098776 → 918130910321
[LID-MAP] 187746559766560 → 917999774008
[LID-MAP] 162336895688852 → 917891119495
[GROUPS] Prefetched 273 group names
[LID-MAP] 104032781742301 → 919423784888
[LID-MAP] 211385556439229 → 919422880177
[LID-MAP] 232112967930011 → 919414888892
[LID-MAP] 128729380597926 → 919410838239
[LID-MAP] 232641383129333 → 919376770333
[LID-MAP] 262280868589677 → 919368675024
[LID-MAP] 70102540095695 → 919362802237
[LID-MAP] 57599990968399 → 919322331757
[LID-MAP] 1606351380725 → 919309986820
[LID-MAP] 38379962023988 → 919172552833
[LID-MAP] 173611587477549 → 919136052699
[LID-MAP] 249297601839190 → 919130692255
[LID-MAP] 79864933654620 → 919099874959
[LID-MAP] 75265074004185 → 919090030345
[LID-MAP] 258038028099636 → 919075358557
[LID-MAP] 29935938859035 → 919049855593
[LID-MAP] 190241314971715 → 919024212652
[LID-MAP] 38779477823516 → 919019239946
[LID-MAP] 117519029371104 → 918968562430
{"level":50,"time":1772727795549,"pid":45016,"hostname":"Mohans-iMac.local","node":{"tag":"stream:error","attrs":{},"content":[{"tag":"conflict","attrs":{"type":"replaced"}}]},"msg":"stream errored out"}
[DISCONNECTED] Status: 440, intentional: false
[RECONNECT] QR refresh in 1000ms
[LID-RESOLVE-DB] Batch query error: Connection Closed
{"level":40,"time":1772727795886,"pid":45016,"hostname":"Mohans-iMac.local","msg":"Timeout in AwaitingInitialSync, forcing state to Online and flushing buffer"}
[LID-RESOLVE-DB] Batch query error: Connection Closed
[AUTH] Using MongoDB-backed auth state
[BAILEYS] Starting v2.3000.1033846690
[LID-RESOLVE-DB] Batch query error: Connection Closed
[LID-RESOLVE-DB] ✅ Resolved 45 phone→LID mappings (total map: 204)
[LID-RESOLVE-DB] ✅ Updated 8 chat entries with phone numbers
[LID-RESOLVE-DB] Found 12 unresolved LID contacts, querying DB...
[LID-RESOLVE-DB] Found 114 unique phone numbers in DB
[CONNECTED] WhatsApp connected as: 919309986820:75@s.whatsapp.net Swar Yoga
[LID-MAP] 45101569028331 → 917875877083
[LID-MAP] 73628775387137 → 917766841117
[LID-MAP] 145994545103008 → 917738093173
[LID-MAP] 275449221521484 → 917588040535
[LID-MAP] 167297650040911 → 917428375992
[LID-MAP] 276626076086489 → 917217674566
[LID-MAP] 247587768688773 → 917000789090
[LID-MAP] 266494382481478 → 23058287667
[LID-MAP] 89575905038462 → 918968545566
[LID-MAP] 170312700284988 → 918962400660
[LID-MAP] 187389624459383 → 918920112808
[LID-MAP] 133719612465382 → 918888889078
[LID-MAP] 165244655648775 → 918767574117
[LID-MAP] 111867070537746 → 918765432100
[LID-MAP] 17811330060419 → 918668771411
[LID-MAP] 19761161347137 → 918511669921
[LID-MAP] 67744686952493 → 918427616270
[LID-MAP] 254129087742107 → 918308886918
[LID-MAP] 158355611992084 → 918275281029
[LID-MAP] 230098594713709 → 918223899969
[LID-MAP] 190202660306996 → 918180898066
[LID-MAP] 190185832714267 → 918149549354
[LID-MAP] 186689410596935 → 918149238319
[LID-MAP] 155151516098776 → 918130910321
[LID-MAP] 187746559766560 → 917999774008
[LID-MAP] 162336895688852 → 917891119495
[GROUPS] Prefetched 273 group names
[LID-MAP] 104032781742301 → 919423784888
[LID-MAP] 211385556439229 → 919422880177
[LID-MAP] 232112967930011 → 919414888892
[LID-MAP] 128729380597926 → 919410838239
[LID-MAP] 232641383129333 → 919376770333
[LID-MAP] 262280868589677 → 919368675024
[LID-MAP] 70102540095695 → 919362802237
[LID-MAP] 57599990968399 → 919322331757
[LID-MAP] 1606351380725 → 919309986820
[LID-MAP] 38379962023988 → 919172552833
[LID-MAP] 173611587477549 → 919136052699
[LID-MAP] 249297601839190 → 919130692255
[LID-MAP] 79864933654620 → 919099874959
[LID-MAP] 75265074004185 → 919090030345
[LID-MAP] 258038028099636 → 919075358557
[LID-MAP] 29935938859035 → 919049855593
[LID-MAP] 190241314971715 → 919024212652
[LID-MAP] 38779477823516 → 919019239946
[LID-MAP] 117519029371104 → 918968562430
{"level":50,"time":1772727801017,"pid":45016,"hostname":"Mohans-iMac.local","node":{"tag":"stream:error","attrs":{},"content":[{"tag":"conflict","attrs":{"type":"replaced"}}]},"msg":"stream errored out"}
[DISCONNECTED] Status: 440, intentional: false
[RECONNECT] QR refresh in 1000ms
[LID-RESOLVE-DB] Batch query error: Connection Closed
{"level":40,"time":1772727801591,"pid":45016,"hostname":"Mohans-iMac.local","msg":"Timeout in AwaitingInitialSync, forcing state to Online and flushing buffer"}
[LID-RESOLVE-DB] Batch query error: Connection Closed
[AUTH] Using MongoDB-backed auth state
[BAILEYS] Starting v2.3000.1033846690
[LID-RESOLVE-DB] Batch query error: Connection Closed
[LID-RESOLVE-DB] ✅ Resolved 45 phone→LID mappings (total map: 204)
[LID-RESOLVE-DB] ✅ Updated 8 chat entries with phone numbers
[LID-RESOLVE-DB] Found 12 unresolved LID contacts, querying DB...
[LID-RESOLVE-DB] Found 114 unique phone numbers in DB
[LID-MAP] 45101569028331 → 917875877083
[LID-MAP] 73628775387137 → 917766841117
[LID-MAP] 145994545103008 → 917738093173
[LID-MAP] 275449221521484 → 917588040535
[LID-MAP] 167297650040911 → 917428375992
[LID-MAP] 276626076086489 → 917217674566
[LID-MAP] 247587768688773 → 917000789090
[LID-MAP] 266494382481478 → 23058287667
[CONNECTED] WhatsApp connected as: 919309986820:75@s.whatsapp.net Swar Yoga
[LID-MAP] 89575905038462 → 918968545566
[LID-MAP] 170312700284988 → 918962400660
[LID-MAP] 187389624459383 → 918920112808
[LID-MAP] 133719612465382 → 918888889078
[LID-MAP] 165244655648775 → 918767574117
[LID-MAP] 111867070537746 → 918765432100
[LID-MAP] 17811330060419 → 918668771411
[LID-MAP] 19761161347137 → 918511669921
[LID-MAP] 67744686952493 → 918427616270
[LID-MAP] 254129087742107 → 918308886918
[LID-MAP] 158355611992084 → 918275281029
[LID-MAP] 230098594713709 → 918223899969
[LID-MAP] 190202660306996 → 918180898066
[LID-MAP] 190185832714267 → 918149549354
[LID-MAP] 186689410596935 → 918149238319
[LID-MAP] 155151516098776 → 918130910321
[LID-MAP] 187746559766560 → 917999774008
[LID-MAP] 162336895688852 → 917891119495
[LID-RESOLVE] Attempting to resolve 12 LID contacts...
[LID-MAP] 104032781742301 → 919423784888
[LID-MAP] 211385556439229 → 919422880177
[LID-MAP] 232112967930011 → 919414888892
[LID-MAP] 128729380597926 → 919410838239
[LID-MAP] 232641383129333 → 919376770333
[LID-MAP] 262280868589677 → 919368675024
[LID-MAP] 70102540095695 → 919362802237
[LID-MAP] 57599990968399 → 919322331757
[LID-MAP] 1606351380725 → 919309986820
[LID-MAP] 38379962023988 → 919172552833
[LID-MAP] 173611587477549 → 919136052699
[LID-MAP] 249297601839190 → 919130692255
[LID-MAP] 79864933654620 → 919099874959
[LID-MAP] 75265074004185 → 919090030345
[LID-MAP] 258038028099636 → 919075358557
[LID-MAP] 29935938859035 → 919049855593
[LID-MAP] 190241314971715 → 919024212652
[LID-MAP] 38779477823516 → 919019239946
[LID-MAP] 117519029371104 → 918968562430
[GROUPS] Prefetched 273 group names
[LID-RESOLVE] Map now has 204 entries
[LID-MAP] 222393977061438 → 919779006820
[LID-MAP] 88605242482907 → 919754197540
[LID-MAP] 171253499465846 → 919726995317
[LID-MAP] 17179936342079 → 919720702527
[LID-MAP] 148442777170135 → 919717423622
[LID-MAP] 105561857196224 → 919654425155
[LID-MAP] 281140153860183 → 919599010835
[LID-MAP] 220009833975886 → 919594599018
[LID-MAP] 181638612947005 → 919582228584
[LID-MAP] 5682912882894 → 919575550996
[LID-MAP] 126388355002411 → 919566020382
[LID-MAP] 20272312770769 → 919561694725
[LID-MAP] 156684785848334 → 919466060709
[LID-MAP] 152351331627083 → 919464900040
[LID-MAP] 166923987902630 → 919462241858
[LID-MAP] 281002698088464 → 919452808052
[LID-MAP] 128604977516598 → 919433995391
[LID-MAP] 17570778366097 → 919425094923
[LID-MAP] 107232498827380 → 919424077785
[LID-MAP] 263552245993638 → 919899087023
[LID-MAP] 164429165518911 → 919898120131
[LID-MAP] 1481914765346 → 919896291141
[LID-MAP] 248455452688503 → 919893626018
[LID-MAP] 162083509379155 → 919890285430
[LID-MAP] 68947663650947 → 919889228332
[LID-MAP] 186896156205308 → 919876543210
[LID-MAP] 161344825385105 → 919870249397
[LID-MAP] 53206440747052 → 919837017711
[LID-MAP] 214207249264746 → 919829159000
[LID-MAP] 211737726951459 → 919826423918
[LID-MAP] 81583004467411 → 919825677256
[LID-MAP] 148116342857770 → 919822726464
[LID-MAP] 62444680569007 → 919822482682
[LID-MAP] 169475248771289 → 919820579665
[LID-MAP] 205823523451032 → 919816028936
[LID-MAP] 105995950882884 → 919814080708
[LID-MAP] 174410132680803 → 919811259585
[LID-MAP] 141519189205105 → 919810540547
{"level":40,"time":1772727806899,"pid":45016,"hostname":"Mohans-iMac.local","msg":"Timeout in AwaitingInitialSync, forcing state to Online and flushing buffer"}
{"level":50,"time":1772727806918,"pid":45016,"hostname":"Mohans-iMac.local","node":{"tag":"stream:error","attrs":{},"content":[{"tag":"conflict","attrs":{"type":"replaced"}}]},"msg":"stream errored out"}
[DISCONNECTED] Status: 440, intentional: false
[RECONNECT] QR refresh in 1000ms
[LID-RESOLVE-DB] Batch query error: Connection Closed
[LID-RESOLVE-DB] ✅ Resolved 83 phone→LID mappings (total map: 204)
[LID-RESOLVE-DB] ✅ Updated 8 chat entries with phone numbers
[AUTH] Using MongoDB-backed auth state
[BAILEYS] Starting v2.3000.1033846690
[LID-RESOLVE-DB] Found 12 unresolved LID contacts, querying DB...
[LID-RESOLVE-DB] Found 114 unique phone numbers in DB
[DISCONNECTED] Status: 428, intentional: false
[RECONNECT] QR refresh in 1000ms
[LID-RESOLVE-DB] Batch query error: undefined
[LID-RESOLVE-DB] Batch query error: Connection Closed
[AUTH] Using MongoDB-backed auth state
[LID-RESOLVE-DB] Batch query error: Cannot read properties of null (reading 'onWhatsApp')
[BAILEYS] Starting v2.3000.1033846690
[DISCONNECTED] Status: 428, intentional: false
[RECONNECT] QR refresh in 1000ms
[LID-RESOLVE-DB] Batch query error: undefined
[LID-RESOLVE-DB] Batch query error: Connection Closed
[AUTH] Using MongoDB-backed auth state
[LID-RESOLVE-DB] Batch query error: Cannot read properties of null (reading 'onWhatsApp')
[LID-RESOLVE-DB] ✅ Resolved 0 phone→LID mappings (total map: 204)
[LID-RESOLVE-DB] ✅ Updated 8 chat entries with phone numbers
[BAILEYS] Starting v2.3000.1033846690
[CONNECTED] WhatsApp connected as: 919309986820:75@s.whatsapp.net Swar Yoga
{"level":40,"time":1772727812730,"pid":45016,"hostname":"Mohans-iMac.local","msg":"Timeout in AwaitingInitialSync, forcing state to Online and flushing buffer"}
[GROUPS] Prefetched 273 group names
{"level":50,"time":1772727815032,"pid":45016,"hostname":"Mohans-iMac.local","node":{"tag":"stream:error","attrs":{},"content":[{"tag":"conflict","attrs":{"type":"replaced"}}]},"msg":"stream errored out"}
[DISCONNECTED] Status: 440, intentional: false
[RECONNECT] QR refresh in 1000ms
[AUTH] Using MongoDB-backed auth state
[BAILEYS] Starting v2.3000.1033846690
[CONNECTED] WhatsApp connected as: 919309986820:75@s.whatsapp.net Swar Yoga
[LID-RESOLVE-DB] Found 12 unresolved LID contacts, querying DB...
[LID-RESOLVE-DB] Found 114 unique phone numbers in DB
{"level":40,"time":1772727817619,"pid":45016,"hostname":"Mohans-iMac.local","msg":"Timeout in AwaitingInitialSync, forcing state to Online and flushing buffer"}
[LID-MAP] 45101569028331 → 917875877083
[LID-MAP] 73628775387137 → 917766841117
[LID-MAP] 145994545103008 → 917738093173
[LID-MAP] 275449221521484 → 917588040535
[LID-MAP] 167297650040911 → 917428375992
[LID-MAP] 276626076086489 → 917217674566
[LID-MAP] 247587768688773 → 917000789090
[LID-MAP] 266494382481478 → 23058287667
[LID-MAP] 89575905038462 → 918968545566
[LID-MAP] 170312700284988 → 918962400660
[LID-MAP] 187389624459383 → 918920112808
[LID-MAP] 133719612465382 → 918888889078
[LID-MAP] 165244655648775 → 918767574117
[LID-MAP] 111867070537746 → 918765432100
[LID-MAP] 17811330060419 → 918668771411
[LID-MAP] 19761161347137 → 918511669921
[LID-MAP] 67744686952493 → 918427616270
[LID-MAP] 254129087742107 → 918308886918
[LID-MAP] 158355611992084 → 918275281029
[LID-MAP] 230098594713709 → 918223899969
[LID-MAP] 190202660306996 → 918180898066
[LID-MAP] 190185832714267 → 918149549354
[LID-MAP] 186689410596935 → 918149238319
[LID-MAP] 155151516098776 → 918130910321
[LID-MAP] 187746559766560 → 917999774008
[LID-MAP] 162336895688852 → 917891119495
{"level":50,"time":1772727820602,"pid":45016,"hostname":"Mohans-iMac.local","node":{"tag":"stream:error","attrs":{},"content":[{"tag":"conflict","attrs":{"type":"replaced"}}]},"msg":"stream errored out"}
[DISCONNECTED] Status: 440, intentional: false
[RECONNECT] QR refresh in 1000ms
[GROUPS] Prefetched 273 group names
[LID-MAP] 104032781742301 → 919423784888
[LID-MAP] 211385556439229 → 919422880177
[LID-MAP] 232112967930011 → 919414888892
[LID-MAP] 128729380597926 → 919410838239
[LID-MAP] 232641383129333 → 919376770333
[LID-MAP] 262280868589677 → 919368675024
[LID-MAP] 70102540095695 → 919362802237
[LID-MAP] 57599990968399 → 919322331757
[LID-MAP] 1606351380725 → 919309986820
[LID-MAP] 38379962023988 → 919172552833
[LID-MAP] 173611587477549 → 919136052699
[LID-MAP] 249297601839190 → 919130692255
[LID-MAP] 79864933654620 → 919099874959
[LID-MAP] 75265074004185 → 919090030345
[LID-MAP] 258038028099636 → 919075358557
[LID-MAP] 29935938859035 → 919049855593
[LID-MAP] 190241314971715 → 919024212652
[LID-MAP] 38779477823516 → 919019239946
[LID-MAP] 117519029371104 → 918968562430
[LID-RESOLVE-DB] Batch query error: Connection Closed
[AUTH] Using MongoDB-backed auth state
[LID-RESOLVE-DB] Batch query error: Cannot read properties of null (reading 'onWhatsApp')
[BAILEYS] Starting v2.3000.1033846690
[LID-RESOLVE-DB] Batch query error: Connection Closed
[LID-RESOLVE-DB] ✅ Resolved 45 phone→LID mappings (total map: 204)
[LID-RESOLVE-DB] ✅ Updated 8 chat entries with phone numbers
[LID-RESOLVE-DB] Found 12 unresolved LID contacts, querying DB...
[LID-RESOLVE-DB] Found 114 unique phone numbers in DB
[LID-RESOLVE-DB] Batch query error: Connection Closed
{"level":40,"time":1772727823086,"pid":45016,"hostname":"Mohans-iMac.local","msg":"Timeout in AwaitingInitialSync, forcing state to Online and flushing buffer"}
[LID-MAP] 89575905038462 → 918968545566
[LID-MAP] 170312700284988 → 918962400660
[LID-MAP] 187389624459383 → 918920112808
[LID-MAP] 133719612465382 → 918888889078
[LID-MAP] 165244655648775 → 918767574117
[LID-MAP] 111867070537746 → 918765432100
[LID-MAP] 17811330060419 → 918668771411
[LID-MAP] 19761161347137 → 918511669921
[LID-MAP] 67744686952493 → 918427616270
[LID-MAP] 254129087742107 → 918308886918
[LID-MAP] 158355611992084 → 918275281029
[LID-MAP] 230098594713709 → 918223899969
[LID-MAP] 190202660306996 → 918180898066
[LID-MAP] 190185832714267 → 918149549354
[LID-MAP] 186689410596935 → 918149238319
[LID-MAP] 155151516098776 → 918130910321
[LID-MAP] 187746559766560 → 917999774008
[LID-MAP] 162336895688852 → 917891119495
[CONNECTED] WhatsApp connected as: 919309986820:75@s.whatsapp.net Swar Yoga
[LID-RESOLVE-DB] Batch query error: Timed Out
[LID-MAP] 104032781742301 → 919423784888
[LID-MAP] 211385556439229 → 919422880177
[LID-MAP] 232112967930011 → 919414888892
[LID-MAP] 128729380597926 → 919410838239
[LID-MAP] 232641383129333 → 919376770333
[LID-MAP] 262280868589677 → 919368675024
[LID-MAP] 70102540095695 → 919362802237
[LID-MAP] 57599990968399 → 919322331757
[LID-MAP] 1606351380725 → 919309986820
[LID-MAP] 38379962023988 → 919172552833
[LID-MAP] 173611587477549 → 919136052699
[LID-MAP] 249297601839190 → 919130692255
[LID-MAP] 79864933654620 → 919099874959
[LID-MAP] 75265074004185 → 919090030345
[LID-MAP] 258038028099636 → 919075358557
[LID-MAP] 29935938859035 → 919049855593
[LID-MAP] 190241314971715 → 919024212652
[LID-MAP] 38779477823516 → 919019239946
[LID-MAP] 117519029371104 → 918968562430
[LID-MAP] 263552245993638 → 919899087023
[LID-MAP] 164429165518911 → 919898120131
[LID-MAP] 1481914765346 → 919896291141
[LID-MAP] 248455452688503 → 919893626018
[LID-MAP] 162083509379155 → 919890285430
[LID-MAP] 68947663650947 → 919889228332
[LID-MAP] 186896156205308 → 919876543210
[LID-MAP] 161344825385105 → 919870249397
[LID-MAP] 53206440747052 → 919837017711
[LID-MAP] 214207249264746 → 919829159000
[LID-MAP] 211737726951459 → 919826423918
[LID-MAP] 81583004467411 → 919825677256
[LID-MAP] 148116342857770 → 919822726464
[LID-MAP] 62444680569007 → 919822482682
[LID-MAP] 169475248771289 → 919820579665
[LID-MAP] 205823523451032 → 919816028936
[LID-MAP] 105995950882884 → 919814080708
[LID-MAP] 174410132680803 → 919811259585
[LID-MAP] 141519189205105 → 919810540547
[LID-MAP] 222393977061438 → 919779006820
[LID-MAP] 88605242482907 → 919754197540
[LID-MAP] 171253499465846 → 919726995317
[LID-MAP] 17179936342079 → 919720702527
[LID-MAP] 148442777170135 → 919717423622
[LID-MAP] 105561857196224 → 919654425155
[LID-MAP] 281140153860183 → 919599010835
[LID-MAP] 220009833975886 → 919594599018
[LID-MAP] 181638612947005 → 919582228584
[LID-MAP] 5682912882894 → 919575550996
[LID-MAP] 126388355002411 → 919566020382
[LID-MAP] 20272312770769 → 919561694725
[LID-MAP] 156684785848334 → 919466060709
[LID-MAP] 152351331627083 → 919464900040
[LID-MAP] 166923987902630 → 919462241858
[LID-MAP] 281002698088464 → 919452808052
[LID-MAP] 128604977516598 → 919433995391
[LID-MAP] 17570778366097 → 919425094923
[LID-MAP] 107232498827380 → 919424077785
[LID-MAP] 158381297897656 → 9779857048500
[LID-MAP] 95318326702230 → 9779803036014
[LID-MAP] 277369122201725 → 919999533629
[LID-MAP] 135746786750514 → 919990626618
[LID-MAP] 281208839737594 → 919982533322
[LID-MAP] 222475178786987 → 919982043017
[LID-MAP] 190323070345240 → 919957575069
[LID-MAP] 202902996029640 → 919930923365
[LID-MAP] 108198933573711 → 919927459437
[LID-MAP] 24142111867101 → 919927096178
[LID-MAP] 120821842452555 → 919924410217
[LID-MAP] 53064505503999 → 919923536357
[LID-MAP] 44684873306254 → 919913073355
[LID-MAP] 108886145130496 → 919909017587
[LID-RESOLVE-DB] ✅ Resolved 78 phone→LID mappings (total map: 204)
[LID-RESOLVE-DB] ✅ Updated 8 chat entries with phone numbers
{"level":50,"time":1772727826890,"pid":45016,"hostname":"Mohans-iMac.local","node":{"tag":"stream:error","attrs":{},"content":[{"tag":"conflict","attrs":{"type":"replaced"}}]},"msg":"stream errored out"}
[DISCONNECTED] Status: 440, intentional: false
[RECONNECT] QR refresh in 1000ms
[GROUPS] Prefetched 273 group names
[LID-MAP] 263552245993638 → 919899087023
[LID-MAP] 164429165518911 → 919898120131
[LID-MAP] 1481914765346 → 919896291141
[LID-MAP] 248455452688503 → 919893626018
[LID-MAP] 162083509379155 → 919890285430
[LID-MAP] 68947663650947 → 919889228332
[LID-MAP] 186896156205308 → 919876543210
[LID-MAP] 161344825385105 → 919870249397
[LID-MAP] 53206440747052 → 919837017711
[LID-MAP] 214207249264746 → 919829159000
[LID-MAP] 211737726951459 → 919826423918
[LID-MAP] 81583004467411 → 919825677256
[LID-MAP] 148116342857770 → 919822726464
[LID-MAP] 62444680569007 → 919822482682
[LID-MAP] 169475248771289 → 919820579665
[LID-MAP] 205823523451032 → 919816028936
[LID-MAP] 105995950882884 → 919814080708
[LID-MAP] 174410132680803 → 919811259585
[LID-MAP] 141519189205105 → 919810540547
[LID-RESOLVE-DB] Batch query error: Connection Closed
[LID-RESOLVE-DB] ✅ Resolved 75 phone→LID mappings (total map: 204)
[LID-RESOLVE-DB] ✅ Updated 8 chat entries with phone numbers
[AUTH] Using MongoDB-backed auth state
[BAILEYS] Starting v2.3000.1033846690
[LID-RESOLVE-DB] Found 12 unresolved LID contacts, querying DB...
[LID-RESOLVE-DB] Found 114 unique phone numbers in DB
[LID-MAP] 45101569028331 → 917875877083
[LID-MAP] 73628775387137 → 917766841117
[LID-MAP] 145994545103008 → 917738093173
[LID-MAP] 275449221521484 → 917588040535
[LID-MAP] 167297650040911 → 917428375992
[LID-MAP] 276626076086489 → 917217674566
[LID-MAP] 247587768688773 → 917000789090
[LID-MAP] 266494382481478 → 23058287667
[CONNECTED] WhatsApp connected as: 919309986820:75@s.whatsapp.net Swar Yoga
[LID-MAP] 89575905038462 → 918968545566
[LID-MAP] 170312700284988 → 918962400660
[LID-MAP] 187389624459383 → 918920112808
[LID-MAP] 133719612465382 → 918888889078
[LID-MAP] 165244655648775 → 918767574117
[LID-MAP] 111867070537746 → 918765432100
[LID-MAP] 17811330060419 → 918668771411
[LID-MAP] 19761161347137 → 918511669921
[LID-MAP] 67744686952493 → 918427616270
[LID-MAP] 254129087742107 → 918308886918
[LID-MAP] 158355611992084 → 918275281029
[LID-MAP] 230098594713709 → 918223899969
[LID-MAP] 190202660306996 → 918180898066
[LID-MAP] 190185832714267 → 918149549354
[LID-MAP] 186689410596935 → 918149238319
[LID-MAP] 155151516098776 → 918130910321
[LID-MAP] 187746559766560 → 917999774008
[LID-MAP] 162336895688852 → 917891119495
[LID-MAP] 104032781742301 → 919423784888
[LID-MAP] 211385556439229 → 919422880177
[LID-MAP] 232112967930011 → 919414888892
[LID-MAP] 128729380597926 → 919410838239
[LID-MAP] 232641383129333 → 919376770333
[LID-MAP] 262280868589677 → 919368675024
[LID-MAP] 70102540095695 → 919362802237
[LID-MAP] 57599990968399 → 919322331757
[LID-MAP] 1606351380725 → 919309986820
[LID-MAP] 38379962023988 → 919172552833
[LID-MAP] 173611587477549 → 919136052699
[LID-MAP] 249297601839190 → 919130692255
[LID-MAP] 79864933654620 → 919099874959
[LID-MAP] 75265074004185 → 919090030345
[LID-MAP] 258038028099636 → 919075358557
[LID-MAP] 29935938859035 → 919049855593
[LID-MAP] 190241314971715 → 919024212652
[LID-MAP] 38779477823516 → 919019239946
[LID-MAP] 117519029371104 → 918968562430
{"level":50,"time":1772727831972,"pid":45016,"hostname":"Mohans-iMac.local","node":{"tag":"stream:error","attrs":{},"content":[{"tag":"conflict","attrs":{"type":"replaced"}}]},"msg":"stream errored out"}
[DISCONNECTED] Status: 440, intentional: false
[RECONNECT] QR refresh in 1000ms
[GROUPS] Prefetched 273 group names
[LID-MAP] 222393977061438 → 919779006820
[LID-MAP] 88605242482907 → 919754197540
[LID-MAP] 171253499465846 → 919726995317
[LID-MAP] 17179936342079 → 919720702527
[LID-MAP] 148442777170135 → 919717423622
[LID-MAP] 105561857196224 → 919654425155
[LID-MAP] 281140153860183 → 919599010835
[LID-MAP] 220009833975886 → 919594599018
[LID-MAP] 181638612947005 → 919582228584
[LID-MAP] 5682912882894 → 919575550996
[LID-MAP] 126388355002411 → 919566020382
[LID-MAP] 20272312770769 → 919561694725
[LID-MAP] 156684785848334 → 919466060709
[LID-MAP] 152351331627083 → 919464900040
[LID-MAP] 166923987902630 → 919462241858
[LID-MAP] 281002698088464 → 919452808052
[LID-MAP] 128604977516598 → 919433995391
[LID-MAP] 17570778366097 → 919425094923
[LID-MAP] 107232498827380 → 919424077785
{"level":40,"time":1772727832195,"pid":45016,"hostname":"Mohans-iMac.local","msg":"Timeout in AwaitingInitialSync, forcing state to Online and flushing buffer"}
[LID-RESOLVE-DB] Batch query error: Connection Closed
[AUTH] Using MongoDB-backed auth state
[LID-RESOLVE-DB] Batch query error: Cannot read properties of null (reading 'onWhatsApp')
[LID-RESOLVE-DB] ✅ Resolved 64 phone→LID mappings (total map: 204)
[LID-RESOLVE-DB] ✅ Updated 8 chat entries with phone numbers
[BAILEYS] Starting v2.3000.1033846690
[CONNECTED] WhatsApp connected as: 919309986820:75@s.whatsapp.net Swar Yoga
[LID-RESOLVE-DB] Found 12 unresolved LID contacts, querying DB...
[LID-RESOLVE-DB] Found 114 unique phone numbers in DB
[LID-RESOLVE] Attempting to resolve 12 LID contacts...
[LID-MAP] 45101569028331 → 917875877083
[LID-MAP] 73628775387137 → 917766841117
[LID-MAP] 145994545103008 → 917738093173
[LID-MAP] 275449221521484 → 917588040535
[LID-MAP] 167297650040911 → 917428375992
[LID-MAP] 276626076086489 → 917217674566
[LID-MAP] 247587768688773 → 917000789090
[LID-MAP] 266494382481478 → 23058287667
[LID-RESOLVE] Map now has 204 entries
[LID-MAP] 89575905038462 → 918968545566
[LID-MAP] 170312700284988 → 918962400660
[LID-MAP] 187389624459383 → 918920112808
[LID-MAP] 133719612465382 → 918888889078
[LID-MAP] 165244655648775 → 918767574117
[LID-MAP] 111867070537746 → 918765432100
[LID-MAP] 17811330060419 → 918668771411
[LID-MAP] 19761161347137 → 918511669921
[LID-MAP] 67744686952493 → 918427616270
[LID-MAP] 254129087742107 → 918308886918
[LID-MAP] 158355611992084 → 918275281029
[LID-MAP] 230098594713709 → 918223899969
[LID-MAP] 190202660306996 → 918180898066
[LID-MAP] 190185832714267 → 918149549354
[LID-MAP] 186689410596935 → 918149238319
[LID-MAP] 155151516098776 → 918130910321
[LID-MAP] 187746559766560 → 917999774008
[LID-MAP] 162336895688852 → 917891119495
{"level":50,"time":1772727836866,"pid":45016,"hostname":"Mohans-iMac.local","node":{"tag":"stream:error","attrs":{},"content":[{"tag":"conflict","attrs":{"type":"replaced"}}]},"msg":"stream errored out"}
[DISCONNECTED] Status: 440, intentional: false
[RECONNECT] QR refresh in 1000ms
[GROUPS] Prefetched 273 group names
{"level":40,"time":1772727837098,"pid":45016,"hostname":"Mohans-iMac.local","msg":"Timeout in AwaitingInitialSync, forcing state to Online and flushing buffer"}
[AUTH] Using MongoDB-backed auth state
[BAILEYS] Starting v2.3000.1033846690
[CONNECTED] WhatsApp connected as: 919309986820:75@s.whatsapp.net Swar Yoga
[LID-RESOLVE-DB] Found 12 unresolved LID contacts, querying DB...
[LID-RESOLVE-DB] Found 114 unique phone numbers in DB
[LID-MAP] 45101569028331 → 917875877083
[LID-MAP] 73628775387137 → 917766841117
[LID-MAP] 145994545103008 → 917738093173
[LID-MAP] 275449221521484 → 917588040535
[LID-MAP] 167297650040911 → 917428375992
[LID-MAP] 276626076086489 → 917217674566
[LID-MAP] 247587768688773 → 917000789090
[LID-MAP] 266494382481478 → 23058287667
[LID-MAP] 89575905038462 → 918968545566
[LID-MAP] 170312700284988 → 918962400660
[LID-MAP] 187389624459383 → 918920112808
[LID-MAP] 133719612465382 → 918888889078
[LID-MAP] 165244655648775 → 918767574117
[LID-MAP] 111867070537746 → 918765432100
[LID-MAP] 17811330060419 → 918668771411
[LID-MAP] 19761161347137 → 918511669921
[LID-MAP] 67744686952493 → 918427616270
[LID-MAP] 254129087742107 → 918308886918
[LID-MAP] 158355611992084 → 918275281029
[LID-MAP] 230098594713709 → 918223899969
[LID-MAP] 190202660306996 → 918180898066
[LID-MAP] 190185832714267 → 918149549354
[LID-MAP] 186689410596935 → 918149238319
[LID-MAP] 155151516098776 → 918130910321
[LID-MAP] 187746559766560 → 917999774008
[LID-MAP] 162336895688852 → 917891119495
[GROUPS] Prefetched 273 group names
{"level":50,"time":1772727842192,"pid":45016,"hostname":"Mohans-iMac.local","node":{"tag":"stream:error","attrs":{},"content":[{"tag":"conflict","attrs":{"type":"replaced"}}]},"msg":"stream errored out"}
[DISCONNECTED] Status: 440, intentional: false
[RECONNECT] QR refresh in 1000ms
[LID-MAP] 104032781742301 → 919423784888
[LID-MAP] 211385556439229 → 919422880177
[LID-MAP] 232112967930011 → 919414888892
[LID-MAP] 128729380597926 → 919410838239
[LID-MAP] 232641383129333 → 919376770333
[LID-MAP] 262280868589677 → 919368675024
[LID-MAP] 70102540095695 → 919362802237
[LID-MAP] 57599990968399 → 919322331757
[LID-MAP] 1606351380725 → 919309986820
[LID-MAP] 38379962023988 → 919172552833
[LID-MAP] 173611587477549 → 919136052699
[LID-MAP] 249297601839190 → 919130692255
[LID-MAP] 79864933654620 → 919099874959
[LID-MAP] 75265074004185 → 919090030345
[LID-MAP] 258038028099636 → 919075358557
[LID-MAP] 29935938859035 → 919049855593
[LID-MAP] 190241314971715 → 919024212652
[LID-MAP] 38779477823516 → 919019239946
[LID-MAP] 117519029371104 → 918968562430
[LID-RESOLVE-DB] Batch query error: Connection Closed
{"level":40,"time":1772727843178,"pid":45016,"hostname":"Mohans-iMac.local","msg":"Timeout in AwaitingInitialSync, forcing state to Online and flushing buffer"}
[AUTH] Using MongoDB-backed auth state
[LID-RESOLVE-DB] Batch query error: Cannot read properties of null (reading 'onWhatsApp')
[BAILEYS] Starting v2.3000.1033846690
[DISCONNECTED] Status: 428, intentional: false
[RECONNECT] QR refresh in 1000ms
[LID-RESOLVE-DB] Batch query error: undefined
[LID-RESOLVE-DB] ✅ Resolved 45 phone→LID mappings (total map: 204)
[LID-RESOLVE-DB] ✅ Updated 8 chat entries with phone numbers
[LID-RESOLVE-DB] Found 12 unresolved LID contacts, querying DB...
[LID-RESOLVE-DB] Found 114 unique phone numbers in DB
[LID-RESOLVE-DB] Batch query error: Connection Closed
[LID-RESOLVE-DB] Batch query error: Connection Closed
[AUTH] Using MongoDB-backed auth state
[BAILEYS] Starting v2.3000.1033846690
[LID-RESOLVE-DB] Batch query error: Connection Closed
[LID-MAP] 222393977061438 → 919779006820
[LID-MAP] 88605242482907 → 919754197540
[LID-MAP] 171253499465846 → 919726995317
[LID-MAP] 17179936342079 → 919720702527
[LID-MAP] 148442777170135 → 919717423622
[LID-MAP] 105561857196224 → 919654425155
[LID-MAP] 281140153860183 → 919599010835
[LID-MAP] 220009833975886 → 919594599018
[LID-MAP] 181638612947005 → 919582228584
[LID-MAP] 5682912882894 → 919575550996
[LID-MAP] 126388355002411 → 919566020382
[LID-MAP] 20272312770769 → 919561694725
[LID-MAP] 156684785848334 → 919466060709
[LID-MAP] 152351331627083 → 919464900040
[LID-MAP] 166923987902630 → 919462241858
[LID-MAP] 281002698088464 → 919452808052
[LID-MAP] 128604977516598 → 919433995391
[LID-MAP] 17570778366097 → 919425094923
[LID-MAP] 107232498827380 → 919424077785
[CONNECTED] WhatsApp connected as: 919309986820:75@s.whatsapp.net Swar Yoga
[LID-MAP] 263552245993638 → 919899087023
[LID-MAP] 164429165518911 → 919898120131
[LID-MAP] 1481914765346 → 919896291141
[LID-MAP] 248455452688503 → 919893626018
[LID-MAP] 162083509379155 → 919890285430
[LID-MAP] 68947663650947 → 919889228332
[LID-MAP] 186896156205308 → 919876543210
[LID-MAP] 161344825385105 → 919870249397
[LID-MAP] 53206440747052 → 919837017711
[LID-MAP] 214207249264746 → 919829159000
[LID-MAP] 211737726951459 → 919826423918
[LID-MAP] 81583004467411 → 919825677256
[LID-MAP] 148116342857770 → 919822726464
[LID-MAP] 62444680569007 → 919822482682
[LID-MAP] 169475248771289 → 919820579665
[LID-MAP] 205823523451032 → 919816028936
[LID-MAP] 105995950882884 → 919814080708
[LID-MAP] 174410132680803 → 919811259585
[LID-MAP] 141519189205105 → 919810540547
{"level":40,"time":1772727849086,"pid":45016,"hostname":"Mohans-iMac.local","msg":"Timeout in AwaitingInitialSync, forcing state to Online and flushing buffer"}
{"level":50,"time":1772727849146,"pid":45016,"hostname":"Mohans-iMac.local","node":{"tag":"stream:error","attrs":{},"content":[{"tag":"conflict","attrs":{"type":"replaced"}}]},"msg":"stream errored out"}
[DISCONNECTED] Status: 440, intentional: false
[RECONNECT] QR refresh in 1000ms
[GROUPS] Prefetched 273 group names
[LID-MAP] 158381297897656 → 9779857048500
[LID-MAP] 95318326702230 → 9779803036014
[LID-MAP] 277369122201725 → 919999533629
[LID-MAP] 135746786750514 → 919990626618
[LID-MAP] 281208839737594 → 919982533322
[LID-MAP] 222475178786987 → 919982043017
[LID-MAP] 190323070345240 → 919957575069
[LID-MAP] 202902996029640 → 919930923365
[LID-MAP] 108198933573711 → 919927459437
[LID-MAP] 24142111867101 → 919927096178
[LID-MAP] 120821842452555 → 919924410217
[LID-MAP] 53064505503999 → 919923536357
[LID-MAP] 44684873306254 → 919913073355
[LID-MAP] 108886145130496 → 919909017587
[LID-RESOLVE-DB] ✅ Resolved 52 phone→LID mappings (total map: 204)
[LID-RESOLVE-DB] ✅ Updated 8 chat entries with phone numbers
[AUTH] Using MongoDB-backed auth state
[BAILEYS] Starting v2.3000.1033846690
[LID-RESOLVE-DB] Found 12 unresolved LID contacts, querying DB...
[LID-RESOLVE-DB] Found 114 unique phone numbers in DB
[CONNECTED] WhatsApp connected as: 919309986820:75@s.whatsapp.net Swar Yoga
[LID-MAP] 45101569028331 → 917875877083
[LID-MAP] 73628775387137 → 917766841117
[LID-MAP] 145994545103008 → 917738093173
[LID-MAP] 275449221521484 → 917588040535
[LID-MAP] 167297650040911 → 917428375992
[LID-MAP] 276626076086489 → 917217674566
[LID-MAP] 247587768688773 → 917000789090
[LID-MAP] 266494382481478 → 23058287667
[LID-MAP] 89575905038462 → 918968545566
[LID-MAP] 170312700284988 → 918962400660
[LID-MAP] 187389624459383 → 918920112808
[LID-MAP] 133719612465382 → 918888889078
[LID-MAP] 165244655648775 → 918767574117
[LID-MAP] 111867070537746 → 918765432100
[LID-MAP] 17811330060419 → 918668771411
[LID-MAP] 19761161347137 → 918511669921
[LID-MAP] 67744686952493 → 918427616270
[LID-MAP] 254129087742107 → 918308886918
[LID-MAP] 158355611992084 → 918275281029
[LID-MAP] 230098594713709 → 918223899969
[LID-MAP] 190202660306996 → 918180898066
[LID-MAP] 190185832714267 → 918149549354
[LID-MAP] 186689410596935 → 918149238319
[LID-MAP] 155151516098776 → 918130910321
[LID-MAP] 187746559766560 → 917999774008
[LID-MAP] 162336895688852 → 917891119495
[GROUPS] Prefetched 273 group names
[LID-MAP] 104032781742301 → 919423784888
[LID-MAP] 211385556439229 → 919422880177
[LID-MAP] 232112967930011 → 919414888892
[LID-MAP] 128729380597926 → 919410838239
[LID-MAP] 232641383129333 → 919376770333
[LID-MAP] 262280868589677 → 919368675024
[LID-MAP] 70102540095695 → 919362802237
[LID-MAP] 57599990968399 → 919322331757
[LID-MAP] 1606351380725 → 919309986820
[LID-MAP] 38379962023988 → 919172552833
[LID-MAP] 173611587477549 → 919136052699
[LID-MAP] 249297601839190 → 919130692255
[LID-MAP] 79864933654620 → 919099874959
[LID-MAP] 75265074004185 → 919090030345
[LID-MAP] 258038028099636 → 919075358557
[LID-MAP] 29935938859035 → 919049855593
[LID-MAP] 190241314971715 → 919024212652
[LID-MAP] 38779477823516 → 919019239946
[LID-MAP] 117519029371104 → 918968562430
{"level":40,"time":1772727854167,"pid":45016,"hostname":"Mohans-iMac.local","msg":"Timeout in AwaitingInitialSync, forcing state to Online and flushing buffer"}
{"level":50,"time":1772727854183,"pid":45016,"hostname":"Mohans-iMac.local","node":{"tag":"stream:error","attrs":{},"content":[{"tag":"conflict","attrs":{"type":"replaced"}}]},"msg":"stream errored out"}
[DISCONNECTED] Status: 440, intentional: false
[RECONNECT] Attempt 1/50 in 2000ms
[LID-RESOLVE-DB] Batch query error: Connection Closed
[LID-RESOLVE-DB] Batch query error: Connection Closed
[LID-RESOLVE-DB] Batch query error: Connection Closed
[LID-RESOLVE-DB] ✅ Resolved 45 phone→LID mappings (total map: 204)
[LID-RESOLVE-DB] ✅ Updated 8 chat entries with phone numbers
[AUTH] Using MongoDB-backed auth state
[BAILEYS] Starting v2.3000.1033846690
[CONNECTED] WhatsApp connected as: 919309986820:75@s.whatsapp.net Swar Yoga
{"level":40,"time":1772727858992,"pid":45016,"hostname":"Mohans-iMac.local","msg":"Timeout in AwaitingInitialSync, forcing state to Online and flushing buffer"}
[GROUPS] Prefetched 273 group names
{"level":50,"time":1772727860300,"pid":45016,"hostname":"Mohans-iMac.local","node":{"tag":"stream:error","attrs":{},"content":[{"tag":"conflict","attrs":{"type":"replaced"}}]},"msg":"stream errored out"}
[DISCONNECTED] Status: 440, intentional: false
[RECONNECT] Attempt 1/50 in 2000ms
[AUTH] Using MongoDB-backed auth state
[BAILEYS] Starting v2.3000.1033846690
[CONNECTED] WhatsApp connected as: 919309986820:75@s.whatsapp.net Swar Yoga
{"level":40,"time":1772727866113,"pid":45016,"hostname":"Mohans-iMac.local","msg":"Timeout in AwaitingInitialSync, forcing state to Online and flushing buffer"}
{"level":50,"time":1772727866592,"pid":45016,"hostname":"Mohans-iMac.local","node":{"tag":"stream:error","attrs":{},"content":[{"tag":"conflict","attrs":{"type":"replaced"}}]},"msg":"stream errored out"}
[DISCONNECTED] Status: 440, intentional: false
[RECONNECT] Attempt 1/50 in 2000ms
[GROUPS] Prefetched 273 group names
[AUTH] Using MongoDB-backed auth state
[BAILEYS] Starting v2.3000.1033846690
[CONNECTED] WhatsApp connected as: 919309986820:75@s.whatsapp.net Swar Yoga
{"level":40,"time":1772727871321,"pid":45016,"hostname":"Mohans-iMac.local","msg":"Timeout in AwaitingInitialSync, forcing state to Online and flushing buffer"}
[GROUPS] Prefetched 273 group names
{"level":50,"time":1772727872462,"pid":45016,"hostname":"Mohans-iMac.local","node":{"tag":"stream:error","attrs":{},"content":[{"tag":"conflict","attrs":{"type":"replaced"}}]},"msg":"stream errored out"}
[DISCONNECTED] Status: 440, intentional: false
[RECONNECT] Attempt 1/50 in 2000ms
[AUTH] Using MongoDB-backed auth state
[BAILEYS] Starting v2.3000.1033846690
[CONNECTED] WhatsApp connected as: 919309986820:75@s.whatsapp.net Swar Yoga
{"level":40,"time":1772727877216,"pid":45016,"hostname":"Mohans-iMac.local","msg":"Timeout in AwaitingInitialSync, forcing state to Online and flushing buffer"}
[LID-RESOLVE] Attempting to resolve 12 LID contacts...
{"level":50,"time":1772727879022,"pid":45016,"hostname":"Mohans-iMac.local","node":{"tag":"stream:error","attrs":{},"content":[{"tag":"conflict","attrs":{"type":"replaced"}}]},"msg":"stream errored out"}
[DISCONNECTED] Status: 440, intentional: false
[RECONNECT] Attempt 1/50 in 2000ms
[GROUPS] Prefetched 273 group names
[AUTH] Using MongoDB-backed auth state
[BAILEYS] Starting v2.3000.1033846690
[CONNECTED] WhatsApp connected as: 919309986820:75@s.whatsapp.net Swar Yoga
{"level":40,"time":1772727883732,"pid":45016,"hostname":"Mohans-iMac.local","msg":"Timeout in AwaitingInitialSync, forcing state to Online and flushing buffer"}
{"level":50,"time":1772727885240,"pid":45016,"hostname":"Mohans-iMac.local","node":{"tag":"stream:error","attrs":{},"content":[{"tag":"conflict","attrs":{"type":"replaced"}}]},"msg":"stream errored out"}
[DISCONNECTED] Status: 440, intentional: false
[RECONNECT] Attempt 1/50 in 2000ms
[GROUPS] Prefetched 273 group names
[AUTH] Using MongoDB-backed auth state
[BAILEYS] Starting v2.3000.1033846690
[CONNECTED] WhatsApp connected as: 919309986820:75@s.whatsapp.net Swar Yoga
{"level":40,"time":1772727889577,"pid":45016,"hostname":"Mohans-iMac.local","msg":"Timeout in AwaitingInitialSync, forcing state to Online and flushing buffer"}
{"level":50,"time":1772727891806,"pid":45016,"hostname":"Mohans-iMac.local","node":{"tag":"stream:error","attrs":{},"content":[{"tag":"conflict","attrs":{"type":"replaced"}}]},"msg":"stream errored out"}
[DISCONNECTED] Status: 440, intentional: false
[RECONNECT] Attempt 1/50 in 2000ms
[GROUPS] Prefetched 273 group names
[AUTH] Using MongoDB-backed auth state
[BAILEYS] Starting v2.3000.1033846690
[CONNECTED] WhatsApp connected as: 919309986820:75@s.whatsapp.net Swar Yoga
{"level":40,"time":1772727895709,"pid":45016,"hostname":"Mohans-iMac.local","msg":"Timeout in AwaitingInitialSync, forcing state to Online and flushing buffer"}
[LID-RESOLVE-DB] Batch query error: Timed Out
[LID-MAP] 222393977061438 → 919779006820
[LID-MAP] 88605242482907 → 919754197540
[LID-MAP] 171253499465846 → 919726995317
[LID-MAP] 17179936342079 → 919720702527
[LID-MAP] 148442777170135 → 919717423622
[LID-MAP] 105561857196224 → 919654425155
[LID-MAP] 281140153860183 → 919599010835
[LID-MAP] 220009833975886 → 919594599018
[LID-MAP] 181638612947005 → 919582228584
[LID-MAP] 5682912882894 → 919575550996
[LID-MAP] 126388355002411 → 919566020382
[LID-MAP] 20272312770769 → 919561694725
[LID-MAP] 156684785848334 → 919466060709
[LID-MAP] 152351331627083 → 919464900040
[LID-MAP] 166923987902630 → 919462241858
[LID-MAP] 281002698088464 → 919452808052
[LID-MAP] 128604977516598 → 919433995391
[LID-MAP] 17570778366097 → 919425094923
[LID-MAP] 107232498827380 → 919424077785
{"level":50,"time":1772727897880,"pid":45016,"hostname":"Mohans-iMac.local","node":{"tag":"stream:error","attrs":{},"content":[{"tag":"conflict","attrs":{"type":"replaced"}}]},"msg":"stream errored out"}
[DISCONNECTED] Status: 440, intentional: false
[RECONNECT] Attempt 1/50 in 2000ms
[GROUPS] Prefetched 273 group names
[AUTH] Using MongoDB-backed auth state
[BAILEYS] Starting v2.3000.1033846690
[CONNECTED] WhatsApp connected as: 919309986820:75@s.whatsapp.net Swar Yoga
{"level":40,"time":1772727902253,"pid":45016,"hostname":"Mohans-iMac.local","msg":"Timeout in AwaitingInitialSync, forcing state to Online and flushing buffer"}
{"level":50,"time":1772727904120,"pid":45016,"hostname":"Mohans-iMac.local","node":{"tag":"stream:error","attrs":{},"content":[{"tag":"conflict","attrs":{"type":"replaced"}}]},"msg":"stream errored out"}
[DISCONNECTED] Status: 440, intentional: false
[RECONNECT] Attempt 1/50 in 2000ms
[GROUPS] Prefetched 273 group names
[AUTH] Using MongoDB-backed auth state
[BAILEYS] Starting v2.3000.1033846690
[CONNECTED] WhatsApp connected as: 919309986820:75@s.whatsapp.net Swar Yoga
{"level":40,"time":1772727908544,"pid":45016,"hostname":"Mohans-iMac.local","msg":"Timeout in AwaitingInitialSync, forcing state to Online and flushing buffer"}
[GROUPS] Prefetched 273 group names
{"level":50,"time":1772727910428,"pid":45016,"hostname":"Mohans-iMac.local","node":{"tag":"stream:error","attrs":{},"content":[{"tag":"conflict","attrs":{"type":"replaced"}}]},"msg":"stream errored out"}
[DISCONNECTED] Status: 440, intentional: false
[RECONNECT] Attempt 1/50 in 2000ms
[AUTH] Using MongoDB-backed auth state
[BAILEYS] Starting v2.3000.1033846690
[CONNECTED] WhatsApp connected as: 919309986820:75@s.whatsapp.net Swar Yoga
{"level":40,"time":1772727914839,"pid":45016,"hostname":"Mohans-iMac.local","msg":"Timeout in AwaitingInitialSync, forcing state to Online and flushing buffer"}
[GROUPS] Prefetched 273 group names
{"level":50,"time":1772727916395,"pid":45016,"hostname":"Mohans-iMac.local","node":{"tag":"stream:error","attrs":{},"content":[{"tag":"conflict","attrs":{"type":"replaced"}}]},"msg":"stream errored out"}
[DISCONNECTED] Status: 440, intentional: false
[RECONNECT] Attempt 1/50 in 2000ms
[AUTH] Using MongoDB-backed auth state
[BAILEYS] Starting v2.3000.1033846690
[CONNECTED] WhatsApp connected as: 919309986820:75@s.whatsapp.net Swar Yoga
{"level":40,"time":1772727920982,"pid":45016,"hostname":"Mohans-iMac.local","msg":"Timeout in AwaitingInitialSync, forcing state to Online and flushing buffer"}
[GROUPS] Prefetched 273 group names
{"level":50,"time":1772727922363,"pid":45016,"hostname":"Mohans-iMac.local","node":{"tag":"stream:error","attrs":{},"content":[{"tag":"conflict","attrs":{"type":"replaced"}}]},"msg":"stream errored out"}
[DISCONNECTED] Status: 440, intentional: false
[RECONNECT] Attempt 1/50 in 2000ms
[AUTH] Using MongoDB-backed auth state
[BAILEYS] Starting v2.3000.1033846690
[CONNECTED] WhatsApp connected as: 919309986820:75@s.whatsapp.net Swar Yoga
{"level":40,"time":1772727927161,"pid":45016,"hostname":"Mohans-iMac.local","msg":"Timeout in AwaitingInitialSync, forcing state to Online and flushing buffer"}
{"level":50,"time":1772727929018,"pid":45016,"hostname":"Mohans-iMac.local","node":{"tag":"stream:error","attrs":{},"content":[{"tag":"conflict","attrs":{"type":"replaced"}}]},"msg":"stream errored out"}
[DISCONNECTED] Status: 440, intentional: false
[RECONNECT] Attempt 1/50 in 2000ms
[GROUPS] Prefetched 273 group names
[AUTH] Using MongoDB-backed auth state
[BAILEYS] Starting v2.3000.1033846690
[CONNECTED] WhatsApp connected as: 919309986820:75@s.whatsapp.net Swar Yoga
{"level":40,"time":1772727933378,"pid":45016,"hostname":"Mohans-iMac.local","msg":"Timeout in AwaitingInitialSync, forcing state to Online and flushing buffer"}
{"level":50,"time":1772727935090,"pid":45016,"hostname":"Mohans-iMac.local","node":{"tag":"stream:error","attrs":{},"content":[{"tag":"conflict","attrs":{"type":"replaced"}}]},"msg":"stream errored out"}
[DISCONNECTED] Status: 440, intentional: false
[RECONNECT] Attempt 1/50 in 2000ms
[GROUPS] Prefetched 273 group names
[AUTH] Using MongoDB-backed auth state
[BAILEYS] Starting v2.3000.1033846690
[CONNECTED] WhatsApp connected as: 919309986820:75@s.whatsapp.net Swar Yoga
[LID-RESOLVE] Batch query error: Timed Out
[LID-RESOLVE] Attempting to resolve 12 LID contacts...
[LID-RESOLVE] Map now has 204 entries
{"level":40,"time":1772727939479,"pid":45016,"hostname":"Mohans-iMac.local","msg":"Timeout in AwaitingInitialSync, forcing state to Online and flushing buffer"}
[LID-RESOLVE] Map now has 204 entries
[GROUPS] Prefetched 273 group names
{"level":50,"time":1772727940973,"pid":45016,"hostname":"Mohans-iMac.local","node":{"tag":"stream:error","attrs":{},"content":[{"tag":"conflict","attrs":{"type":"replaced"}}]},"msg":"stream errored out"}
[DISCONNECTED] Status: 440, intentional: false
[RECONNECT] Attempt 1/50 in 2000ms
[AUTH] Using MongoDB-backed auth state
[BAILEYS] Starting v2.3000.1033846690
[CONNECTED] WhatsApp connected as: 919309986820:75@s.whatsapp.net Swar Yoga
{"level":40,"time":1772727945388,"pid":45016,"hostname":"Mohans-iMac.local","msg":"Timeout in AwaitingInitialSync, forcing state to Online and flushing buffer"}
{"level":50,"time":1772727947600,"pid":45016,"hostname":"Mohans-iMac.local","node":{"tag":"stream:error","attrs":{},"content":[{"tag":"conflict","attrs":{"type":"replaced"}}]},"msg":"stream errored out"}
[DISCONNECTED] Status: 440, intentional: false
[RECONNECT] Attempt 1/50 in 2000ms
[GROUPS] Prefetched 273 group names
[AUTH] Using MongoDB-backed auth state
[BAILEYS] Starting v2.3000.1033846690
[CONNECTED] WhatsApp connected as: 919309986820:75@s.whatsapp.net Swar Yoga
{"level":40,"time":1772727952154,"pid":45016,"hostname":"Mohans-iMac.local","msg":"Timeout in AwaitingInitialSync, forcing state to Online and flushing buffer"}
[DISCONNECTED] Status: 440, intentional: false
{"level":50,"time":1772727954303,"pid":45016,"hostname":"Mohans-iMac.local","node":{"tag":"stream:error","attrs":{},"content":[{"tag":"conflict","attrs":{"type":"replaced"}}]},"msg":"stream errored out"}
[RECONNECT] Attempt 1/50 in 2000ms
[GROUPS] Prefetched 273 group names
[AUTH] Using MongoDB-backed auth state
[BAILEYS] Starting v2.3000.1033846690
[LID-RESOLVE-DB] Batch query error: Timed Out
[CONNECTED] WhatsApp connected as: 919309986820:75@s.whatsapp.net Swar Yoga
{"level":40,"time":1772727958177,"pid":45016,"hostname":"Mohans-iMac.local","msg":"Timeout in AwaitingInitialSync, forcing state to Online and flushing buffer"}
[LID-MAP] 158381297897656 → 9779857048500
[LID-MAP] 95318326702230 → 9779803036014
[LID-MAP] 277369122201725 → 919999533629
[LID-MAP] 135746786750514 → 919990626618
[LID-MAP] 281208839737594 → 919982533322
[LID-MAP] 222475178786987 → 919982043017
[LID-MAP] 190323070345240 → 919957575069
[LID-MAP] 202902996029640 → 919930923365
[LID-MAP] 108198933573711 → 919927459437
[LID-MAP] 24142111867101 → 919927096178
[LID-MAP] 120821842452555 → 919924410217
[LID-MAP] 53064505503999 → 919923536357
[LID-MAP] 44684873306254 → 919913073355
[LID-MAP] 108886145130496 → 919909017587
[LID-RESOLVE-DB] ✅ Resolved 59 phone→LID mappings (total map: 204)
[LID-RESOLVE-DB] ✅ Updated 8 chat entries with phone numbers
[GROUPS] Prefetched 273 group names
{"level":50,"time":1772727960125,"pid":45016,"hostname":"Mohans-iMac.local","node":{"tag":"stream:error","attrs":{},"content":[{"tag":"conflict","attrs":{"type":"replaced"}}]},"msg":"stream errored out"}
[DISCONNECTED] Status: 440, intentional: false
[RECONNECT] Attempt 1/50 in 2000ms
[AUTH] Using MongoDB-backed auth state
[BAILEYS] Starting v2.3000.1033846690
[CONNECTED] WhatsApp connected as: 919309986820:75@s.whatsapp.net Swar Yoga
{"level":40,"time":1772727964123,"pid":45016,"hostname":"Mohans-iMac.local","msg":"Timeout in AwaitingInitialSync, forcing state to Online and flushing buffer"}
{"level":50,"time":1772727966347,"pid":45016,"hostname":"Mohans-iMac.local","node":{"tag":"stream:error","attrs":{},"content":[{"tag":"conflict","attrs":{"type":"replaced"}}]},"msg":"stream errored out"}
[DISCONNECTED] Status: 440, intentional: false
[RECONNECT] Attempt 1/50 in 2000ms
[GROUPS] Prefetched 273 group names
[AUTH] Using MongoDB-backed auth state
[BAILEYS] Starting v2.3000.1033846690
[CONNECTED] WhatsApp connected as: 919309986820:75@s.whatsapp.net Swar Yoga
{"level":40,"time":1772727971186,"pid":45016,"hostname":"Mohans-iMac.local","msg":"Timeout in AwaitingInitialSync, forcing state to Online and flushing buffer"}
{"level":50,"time":1772727972841,"pid":45016,"hostname":"Mohans-iMac.local","node":{"tag":"stream:error","attrs":{},"content":[{"tag":"conflict","attrs":{"type":"replaced"}}]},"msg":"stream errored out"}
[DISCONNECTED] Status: 440, intentional: false
[RECONNECT] Attempt 1/50 in 2000ms
[GROUPS] Prefetched 273 group names
[AUTH] Using MongoDB-backed auth state
[BAILEYS] Starting v2.3000.1033846690
[CONNECTED] WhatsApp connected as: 919309986820:75@s.whatsapp.net Swar Yoga
{"level":40,"time":1772727977656,"pid":45016,"hostname":"Mohans-iMac.local","msg":"Timeout in AwaitingInitialSync, forcing state to Online and flushing buffer"}
[GROUPS] Prefetched 273 group names
{"level":50,"time":1772727978656,"pid":45016,"hostname":"Mohans-iMac.local","node":{"tag":"stream:error","attrs":{},"content":[{"tag":"conflict","attrs":{"type":"replaced"}}]},"msg":"stream errored out"}
[DISCONNECTED] Status: 440, intentional: false
[RECONNECT] Attempt 1/50 in 2000ms
[AUTH] Using MongoDB-backed auth state
[BAILEYS] Starting v2.3000.1033846690
[CONNECTED] WhatsApp connected as: 919309986820:75@s.whatsapp.net Swar Yoga
{"level":40,"time":1772727983214,"pid":45016,"hostname":"Mohans-iMac.local","msg":"Timeout in AwaitingInitialSync, forcing state to Online and flushing buffer"}
[GROUPS] Prefetched 273 group names
{"level":50,"time":1772727984666,"pid":45016,"hostname":"Mohans-iMac.local","node":{"tag":"stream:error","attrs":{},"content":[{"tag":"conflict","attrs":{"type":"replaced"}}]},"msg":"stream errored out"}
[DISCONNECTED] Status: 440, intentional: false
[RECONNECT] Attempt 1/50 in 2000ms
[AUTH] Using MongoDB-backed auth state
[BAILEYS] Starting v2.3000.1033846690
[CONNECTED] WhatsApp connected as: 919309986820:75@s.whatsapp.net Swar Yoga
{"level":40,"time":1772727989433,"pid":45016,"hostname":"Mohans-iMac.local","msg":"Timeout in AwaitingInitialSync, forcing state to Online and flushing buffer"}
[GROUPS] Prefetched 273 group names
{"level":50,"time":1772727990576,"pid":45016,"hostname":"Mohans-iMac.local","node":{"tag":"stream:error","attrs":{},"content":[{"tag":"conflict","attrs":{"type":"replaced"}}]},"msg":"stream errored out"}
[DISCONNECTED] Status: 440, intentional: false
[RECONNECT] Attempt 1/50 in 2000ms
[AUTH] Using MongoDB-backed auth state
[BAILEYS] Starting v2.3000.1033846690
[CONNECTED] WhatsApp connected as: 919309986820:75@s.whatsapp.net Swar Yoga
{"level":40,"time":1772727995788,"pid":45016,"hostname":"Mohans-iMac.local","msg":"Timeout in AwaitingInitialSync, forcing state to Online and flushing buffer"}
{"level":50,"time":1772727996912,"pid":45016,"hostname":"Mohans-iMac.local","node":{"tag":"stream:error","attrs":{},"content":[{"tag":"conflict","attrs":{"type":"replaced"}}]},"msg":"stream errored out"}
[DISCONNECTED] Status: 440, intentional: false
[RECONNECT] Attempt 1/50 in 2000ms
[GROUPS] Prefetched 273 group names
[AUTH] Using MongoDB-backed auth state
[BAILEYS] Starting v2.3000.1033846690
[CONNECTED] WhatsApp connected as: 919309986820:75@s.whatsapp.net Swar Yoga
{"level":40,"time":1772728001658,"pid":45016,"hostname":"Mohans-iMac.local","msg":"Timeout in AwaitingInitialSync, forcing state to Online and flushing buffer"}
{"level":50,"time":1772728003313,"pid":45016,"hostname":"Mohans-iMac.local","node":{"tag":"stream:error","attrs":{},"content":[{"tag":"conflict","attrs":{"type":"replaced"}}]},"msg":"stream errored out"}
[DISCONNECTED] Status: 440, intentional: false
[RECONNECT] Attempt 1/50 in 2000ms
[GROUPS] Prefetched 273 group names
[AUTH] Using MongoDB-backed auth state
[BAILEYS] Starting v2.3000.1033846690
[CONNECTED] WhatsApp connected as: 919309986820:75@s.whatsapp.net Swar Yoga
{"level":40,"time":1772728007774,"pid":45016,"hostname":"Mohans-iMac.local","msg":"Timeout in AwaitingInitialSync, forcing state to Online and flushing buffer"}
[GROUPS] Prefetched 273 group names
{"level":50,"time":1772728009291,"pid":45016,"hostname":"Mohans-iMac.local","node":{"tag":"stream:error","attrs":{},"content":[{"tag":"conflict","attrs":{"type":"replaced"}}]},"msg":"stream errored out"}
[DISCONNECTED] Status: 440, intentional: false
[RECONNECT] Attempt 1/50 in 2000ms
[AUTH] Using MongoDB-backed auth state
[BAILEYS] Starting v2.3000.1033846690
[CONNECTED] WhatsApp connected as: 919309986820:75@s.whatsapp.net Swar Yoga
{"level":40,"time":1772728013729,"pid":45016,"hostname":"Mohans-iMac.local","msg":"Timeout in AwaitingInitialSync, forcing state to Online and flushing buffer"}
[GROUPS] Prefetched 273 group names
{"level":50,"time":1772728015525,"pid":45016,"hostname":"Mohans-iMac.local","node":{"tag":"stream:error","attrs":{},"content":[{"tag":"conflict","attrs":{"type":"replaced"}}]},"msg":"stream errored out"}
[DISCONNECTED] Status: 440, intentional: false
[RECONNECT] Attempt 1/50 in 2000ms
[AUTH] Using MongoDB-backed auth state
[BAILEYS] Starting v2.3000.1033846690
[CONNECTED] WhatsApp connected as: 919309986820:75@s.whatsapp.net Swar Yoga
{"level":40,"time":1772728019998,"pid":45016,"hostname":"Mohans-iMac.local","msg":"Timeout in AwaitingInitialSync, forcing state to Online and flushing buffer"}
{"level":50,"time":1772728021771,"pid":45016,"hostname":"Mohans-iMac.local","node":{"tag":"stream:error","attrs":{},"content":[{"tag":"conflict","attrs":{"type":"replaced"}}]},"msg":"stream errored out"}
[DISCONNECTED] Status: 440, intentional: false
[RECONNECT] Attempt 1/50 in 2000ms
[GROUPS] Prefetched 273 group names
[AUTH] Using MongoDB-backed auth state
[BAILEYS] Starting v2.3000.1033846690
[CONNECTED] WhatsApp connected as: 919309986820:75@s.whatsapp.net Swar Yoga
{"level":40,"time":1772728026512,"pid":45016,"hostname":"Mohans-iMac.local","msg":"Timeout in AwaitingInitialSync, forcing state to Online and flushing buffer"}
[GROUPS] Prefetched 273 group names
{"level":50,"time":1772728027776,"pid":45016,"hostname":"Mohans-iMac.local","node":{"tag":"stream:error","attrs":{},"content":[{"tag":"conflict","attrs":{"type":"replaced"}}]},"msg":"stream errored out"}
[DISCONNECTED] Status: 440, intentional: false
[RECONNECT] Attempt 1/50 in 2000ms
[AUTH] Using MongoDB-backed auth state
[BAILEYS] Starting v2.3000.1033846690
[CONNECTED] WhatsApp connected as: 919309986820:75@s.whatsapp.net Swar Yoga
{"level":40,"time":1772728032385,"pid":45016,"hostname":"Mohans-iMac.local","msg":"Timeout in AwaitingInitialSync, forcing state to Online and flushing buffer"}
{"level":50,"time":1772728034197,"pid":45016,"hostname":"Mohans-iMac.local","node":{"tag":"stream:error","attrs":{},"content":[{"tag":"conflict","attrs":{"type":"replaced"}}]},"msg":"stream errored out"}
[DISCONNECTED] Status: 440, intentional: false
[RECONNECT] Attempt 1/50 in 2000ms
[GROUPS] Prefetched 273 group names
[AUTH] Using MongoDB-backed auth state
[BAILEYS] Starting v2.3000.1033846690
[CONNECTED] WhatsApp connected as: 919309986820:75@s.whatsapp.net Swar Yoga
{"level":40,"time":1772728038613,"pid":45016,"hostname":"Mohans-iMac.local","msg":"Timeout in AwaitingInitialSync, forcing state to Online and flushing buffer"}
[GROUPS] Prefetched 273 group names
{"level":50,"time":1772728039945,"pid":45016,"hostname":"Mohans-iMac.local","node":{"tag":"stream:error","attrs":{},"content":[{"tag":"conflict","attrs":{"type":"replaced"}}]},"msg":"stream errored out"}
[DISCONNECTED] Status: 440, intentional: false
[RECONNECT] Attempt 1/50 in 2000ms
[AUTH] Using MongoDB-backed auth state
[BAILEYS] Starting v2.3000.1033846690
[CONNECTED] WhatsApp connected as: 919309986820:75@s.whatsapp.net Swar Yoga
{"level":40,"time":1772728044861,"pid":45016,"hostname":"Mohans-iMac.local","msg":"Timeout in AwaitingInitialSync, forcing state to Online and flushing buffer"}
{"level":50,"time":1772728046104,"pid":45016,"hostname":"Mohans-iMac.local","node":{"tag":"stream:error","attrs":{},"content":[{"tag":"conflict","attrs":{"type":"replaced"}}]},"msg":"stream errored out"}
[DISCONNECTED] Status: 440, intentional: false
[RECONNECT] Attempt 1/50 in 2000ms
[GROUPS] Prefetched 273 group names
[AUTH] Using MongoDB-backed auth state
[BAILEYS] Starting v2.3000.1033846690
[CONNECTED] WhatsApp connected as: 919309986820:75@s.whatsapp.net Swar Yoga
{"level":40,"time":1772728051167,"pid":45016,"hostname":"Mohans-iMac.local","msg":"Timeout in AwaitingInitialSync, forcing state to Online and flushing buffer"}
{"level":50,"time":1772728052201,"pid":45016,"hostname":"Mohans-iMac.local","node":{"tag":"stream:error","attrs":{},"content":[{"tag":"conflict","attrs":{"type":"replaced"}}]},"msg":"stream errored out"}
[DISCONNECTED] Status: 440, intentional: false
[RECONNECT] Attempt 1/50 in 2000ms
[GROUPS] Prefetched 273 group names
[AUTH] Using MongoDB-backed auth state
[BAILEYS] Starting v2.3000.1033846690
[CONNECTED] WhatsApp connected as: 919309986820:75@s.whatsapp.net Swar Yoga
{"level":40,"time":1772728057262,"pid":45016,"hostname":"Mohans-iMac.local","msg":"Timeout in AwaitingInitialSync, forcing state to Online and flushing buffer"}
{"level":50,"time":1772728058726,"pid":45016,"hostname":"Mohans-iMac.local","node":{"tag":"stream:error","attrs":{},"content":[{"tag":"conflict","attrs":{"type":"replaced"}}]},"msg":"stream errored out"}
[DISCONNECTED] Status: 440, intentional: false
[RECONNECT] Attempt 1/50 in 2000ms
[GROUPS] Prefetched 273 group names
[AUTH] Using MongoDB-backed auth state
[BAILEYS] Starting v2.3000.1033846690
[CONNECTED] WhatsApp connected as: 919309986820:75@s.whatsapp.net Swar Yoga
{"level":40,"time":1772728062859,"pid":45016,"hostname":"Mohans-iMac.local","msg":"Timeout in AwaitingInitialSync, forcing state to Online and flushing buffer"}
[LID-RESOLVE] Attempting to resolve 12 LID contacts...
{"level":50,"time":1772728064966,"pid":45016,"hostname":"Mohans-iMac.local","node":{"tag":"stream:error","attrs":{},"content":[{"tag":"conflict","attrs":{"type":"replaced"}}]},"msg":"stream errored out"}
[DISCONNECTED] Status: 440, intentional: false
[RECONNECT] Attempt 1/50 in 2000ms
[GROUPS] Prefetched 273 group names
[AUTH] Using MongoDB-backed auth state
[BAILEYS] Starting v2.3000.1033846690
[CONNECTED] WhatsApp connected as: 919309986820:75@s.whatsapp.net Swar Yoga
{"level":40,"time":1772728069370,"pid":45016,"hostname":"Mohans-iMac.local","msg":"Timeout in AwaitingInitialSync, forcing state to Online and flushing buffer"}
[GROUPS] Prefetched 273 group names
{"level":50,"time":1772728070995,"pid":45016,"hostname":"Mohans-iMac.local","node":{"tag":"stream:error","attrs":{},"content":[{"tag":"conflict","attrs":{"type":"replaced"}}]},"msg":"stream errored out"}
[DISCONNECTED] Status: 440, intentional: false
[RECONNECT] Attempt 1/50 in 2000ms
[AUTH] Using MongoDB-backed auth state
[BAILEYS] Starting v2.3000.1033846690
[CONNECTED] WhatsApp connected as: 919309986820:75@s.whatsapp.net Swar Yoga
{"level":40,"time":1772728075696,"pid":45016,"hostname":"Mohans-iMac.local","msg":"Timeout in AwaitingInitialSync, forcing state to Online and flushing buffer"}
[GROUPS] Prefetched 273 group names
{"level":50,"time":1772728077384,"pid":45016,"hostname":"Mohans-iMac.local","node":{"tag":"stream:error","attrs":{},"content":[{"tag":"conflict","attrs":{"type":"replaced"}}]},"msg":"stream errored out"}
[DISCONNECTED] Status: 440, intentional: false
[RECONNECT] Attempt 1/50 in 2000ms
[AUTH] Using MongoDB-backed auth state
[BAILEYS] Starting v2.3000.1033846690
[CONNECTED] WhatsApp connected as: 919309986820:75@s.whatsapp.net Swar Yoga
{"level":40,"time":1772728081825,"pid":45016,"hostname":"Mohans-iMac.local","msg":"Timeout in AwaitingInitialSync, forcing state to Online and flushing buffer"}
{"level":50,"time":1772728083521,"pid":45016,"hostname":"Mohans-iMac.local","node":{"tag":"stream:error","attrs":{},"content":[{"tag":"conflict","attrs":{"type":"replaced"}}]},"msg":"stream errored out"}
[DISCONNECTED] Status: 440, intentional: false
[RECONNECT] Attempt 1/50 in 2000ms
[GROUPS] Prefetched 273 group names
[AUTH] Using MongoDB-backed auth state
[BAILEYS] Starting v2.3000.1033846690
[CONNECTED] WhatsApp connected as: 919309986820:75@s.whatsapp.net Swar Yoga
{"level":40,"time":1772728087989,"pid":45016,"hostname":"Mohans-iMac.local","msg":"Timeout in AwaitingInitialSync, forcing state to Online and flushing buffer"}
{"level":50,"time":1772728090105,"pid":45016,"hostname":"Mohans-iMac.local","node":{"tag":"stream:error","attrs":{},"content":[{"tag":"conflict","attrs":{"type":"replaced"}}]},"msg":"stream errored out"}
[DISCONNECTED] Status: 440, intentional: false
[RECONNECT] Attempt 1/50 in 2000ms
[GROUPS] Prefetched 273 group names
[AUTH] Using MongoDB-backed auth state
[BAILEYS] Starting v2.3000.1033846690
[CONNECTED] WhatsApp connected as: 919309986820:75@s.whatsapp.net Swar Yoga
{"level":40,"time":1772728094667,"pid":45016,"hostname":"Mohans-iMac.local","msg":"Timeout in AwaitingInitialSync, forcing state to Online and flushing buffer"}
{"level":50,"time":1772728096853,"pid":45016,"hostname":"Mohans-iMac.local","node":{"tag":"stream:error","attrs":{},"content":[{"tag":"conflict","attrs":{"type":"replaced"}}]},"msg":"stream errored out"}
[DISCONNECTED] Status: 440, intentional: false
[RECONNECT] Attempt 1/50 in 2000ms
[GROUPS] Prefetched 273 group names
[AUTH] Using MongoDB-backed auth state
[BAILEYS] Starting v2.3000.1033846690
[CONNECTED] WhatsApp connected as: 919309986820:75@s.whatsapp.net Swar Yoga
{"level":40,"time":1772728100449,"pid":45016,"hostname":"Mohans-iMac.local","msg":"Timeout in AwaitingInitialSync, forcing state to Online and flushing buffer"}
[GROUPS] Prefetched 273 group names
{"level":50,"time":1772728103349,"pid":45016,"hostname":"Mohans-iMac.local","node":{"tag":"stream:error","attrs":{},"content":[{"tag":"conflict","attrs":{"type":"replaced"}}]},"msg":"stream errored out"}
[DISCONNECTED] Status: 440, intentional: false
[RECONNECT] Attempt 1/50 in 2000ms
[AUTH] Using MongoDB-backed auth state
[BAILEYS] Starting v2.3000.1033846690
[CONNECTED] WhatsApp connected as: 919309986820:75@s.whatsapp.net Swar Yoga
{"level":40,"time":1772728106729,"pid":45016,"hostname":"Mohans-iMac.local","msg":"Timeout in AwaitingInitialSync, forcing state to Online and flushing buffer"}
[GROUPS] Prefetched 273 group names
{"level":50,"time":1772728109797,"pid":45016,"hostname":"Mohans-iMac.local","node":{"tag":"stream:error","attrs":{},"content":[{"tag":"conflict","attrs":{"type":"replaced"}}]},"msg":"stream errored out"}
[DISCONNECTED] Status: 440, intentional: false
[RECONNECT] Attempt 1/50 in 2000ms
[AUTH] Using MongoDB-backed auth state
[BAILEYS] Starting v2.3000.1033846690
{"level":40,"time":1772728113232,"pid":45016,"hostname":"Mohans-iMac.local","msg":"Timeout in AwaitingInitialSync, forcing state to Online and flushing buffer"}
[CONNECTED] WhatsApp connected as: 919309986820:75@s.whatsapp.net Swar Yoga
{"level":50,"time":1772728116344,"pid":45016,"hostname":"Mohans-iMac.local","node":{"tag":"stream:error","attrs":{},"content":[{"tag":"conflict","attrs":{"type":"replaced"}}]},"msg":"stream errored out"}
[DISCONNECTED] Status: 440, intentional: false
[RECONNECT] Attempt 1/50 in 2000ms
[GROUPS] Prefetched 273 group names
[AUTH] Using MongoDB-backed auth state
[BAILEYS] Starting v2.3000.1033846690
[CONNECTED] WhatsApp connected as: 919309986820:75@s.whatsapp.net Swar Yoga
{"level":40,"time":1772728120126,"pid":45016,"hostname":"Mohans-iMac.local","msg":"Timeout in AwaitingInitialSync, forcing state to Online and flushing buffer"}
{"level":50,"time":1772728122625,"pid":45016,"hostname":"Mohans-iMac.local","node":{"tag":"stream:error","attrs":{},"content":[{"tag":"conflict","attrs":{"type":"replaced"}}]},"msg":"stream errored out"}
[DISCONNECTED] Status: 440, intentional: false
[RECONNECT] Attempt 1/50 in 2000ms
[GROUPS] Prefetched 273 group names
[AUTH] Using MongoDB-backed auth state
[LID-RESOLVE] Batch query error: Timed Out
[LID-RESOLVE] Batch query error: Cannot read properties of null (reading 'executeUSyncQuery')
[LID-RESOLVE] Map now has 204 entries
[BAILEYS] Starting v2.3000.1033846690
[CONNECTED] WhatsApp connected as: 919309986820:75@s.whatsapp.net Swar Yoga
{"level":40,"time":1772728126478,"pid":45016,"hostname":"Mohans-iMac.local","msg":"Timeout in AwaitingInitialSync, forcing state to Online and flushing buffer"}
[GROUPS] Prefetched 273 group names
{"level":50,"time":1772728128791,"pid":45016,"hostname":"Mohans-iMac.local","node":{"tag":"stream:error","attrs":{},"content":[{"tag":"conflict","attrs":{"type":"replaced"}}]},"msg":"stream errored out"}
[DISCONNECTED] Status: 440, intentional: false
[RECONNECT] Attempt 1/50 in 2000ms
[AUTH] Using MongoDB-backed auth state
[BAILEYS] Starting v2.3000.1033846690
[CONNECTED] WhatsApp connected as: 919309986820:75@s.whatsapp.net Swar Yoga
{"level":40,"time":1772728132972,"pid":45016,"hostname":"Mohans-iMac.local","msg":"Timeout in AwaitingInitialSync, forcing state to Online and flushing buffer"}
[GROUPS] Prefetched 273 group names
{"level":50,"time":1772728134836,"pid":45016,"hostname":"Mohans-iMac.local","node":{"tag":"stream:error","attrs":{},"content":[{"tag":"conflict","attrs":{"type":"replaced"}}]},"msg":"stream errored out"}
[DISCONNECTED] Status: 440, intentional: false
[RECONNECT] Attempt 1/50 in 2000ms
[AUTH] Using MongoDB-backed auth state
[BAILEYS] Starting v2.3000.1033846690
[CONNECTED] WhatsApp connected as: 919309986820:75@s.whatsapp.net Swar Yoga
{"level":40,"time":1772728139486,"pid":45016,"hostname":"Mohans-iMac.local","msg":"Timeout in AwaitingInitialSync, forcing state to Online and flushing buffer"}
[GROUPS] Prefetched 273 group names
{"level":50,"time":1772728140613,"pid":45016,"hostname":"Mohans-iMac.local","node":{"tag":"stream:error","attrs":{},"content":[{"tag":"conflict","attrs":{"type":"replaced"}}]},"msg":"stream errored out"}
[DISCONNECTED] Status: 440, intentional: false
[RECONNECT] Attempt 1/50 in 2000ms

╔══════════════════════════════════════════════════╗
║  Swar Yoga WhatsApp Bridge (Baileys)             ║
║  Port: 3333                                    ║
║  Webhook: https://swaryoga.com                  ║
╚══════════════════════════════════════════════════╝

[MONGO] Connected (singleton)
[DB-LOAD] ✅ Hydrated 132 chats, 990 messages from DB
[AUTH] Using MongoDB-backed auth state
[BAILEYS] Starting v2.3000.1033846690
[CONNECTED] WhatsApp connected as: 919309986820:75@s.whatsapp.net Swar Yoga
{"level":50,"time":1772728149197,"pid":93202,"hostname":"Mohans-iMac.local","node":{"tag":"stream:error","attrs":{},"content":[{"tag":"conflict","attrs":{"type":"replaced"}}]},"msg":"stream errored out"}
[DISCONNECTED] Status: 440, intentional: false
[RECONNECT] Attempt 1/50 in 2000ms
[GROUPS] Prefetched 273 group names
[AUTH] Using MongoDB-backed auth state
[BAILEYS] Starting v2.3000.1033846690
[CONNECTED] WhatsApp connected as: 919309986820:75@s.whatsapp.net Swar Yoga
{"level":50,"time":1772728155246,"pid":93202,"hostname":"Mohans-iMac.local","node":{"tag":"stream:error","attrs":{},"content":[{"tag":"conflict","attrs":{"type":"replaced"}}]},"msg":"stream errored out"}
[DISCONNECTED] Status: 440, intentional: false
[RECONNECT] Attempt 1/50 in 2000ms
[GROUPS] Prefetched 273 group names
[AUTH] Using MongoDB-backed auth state
[BAILEYS] Starting v2.3000.1033846690
[CONNECTED] WhatsApp connected as: 919309986820:75@s.whatsapp.net Swar Yoga
[GROUPS] Prefetched 273 group names
{"level":50,"time":1772728160979,"pid":93202,"hostname":"Mohans-iMac.local","node":{"tag":"stream:error","attrs":{},"content":[{"tag":"conflict","attrs":{"type":"replaced"}}]},"msg":"stream errored out"}
[DISCONNECTED] Status: 440, intentional: false
[RECONNECT] Attempt 1/50 in 2000ms
[AUTH] Using MongoDB-backed auth state
[BAILEYS] Starting v2.3000.1033846690
[CONNECTED] WhatsApp connected as: 919309986820:75@s.whatsapp.net Swar Yoga
{"level":40,"time":1772728165976,"pid":93202,"hostname":"Mohans-iMac.local","msg":"Timeout in AwaitingInitialSync, forcing state to Online and flushing buffer"}
[GROUPS] Prefetched 273 group names
{"level":50,"time":1772728166852,"pid":93202,"hostname":"Mohans-iMac.local","node":{"tag":"stream:error","attrs":{},"content":[{"tag":"conflict","attrs":{"type":"replaced"}}]},"msg":"stream errored out"}
[DISCONNECTED] Status: 440, intentional: false
[RECONNECT] Attempt 1/50 in 2000ms
[AUTH] Using MongoDB-backed auth state
[BAILEYS] Starting v2.3000.1033846690
[CONNECTED] WhatsApp connected as: 919309986820:75@s.whatsapp.net Swar Yoga
{"level":40,"time":1772728172267,"pid":93202,"hostname":"Mohans-iMac.local","msg":"Timeout in AwaitingInitialSync, forcing state to Online and flushing buffer"}
{"level":50,"time":1772728173154,"pid":93202,"hostname":"Mohans-iMac.local","node":{"tag":"stream:error","attrs":{},"content":[{"tag":"conflict","attrs":{"type":"replaced"}}]},"msg":"stream errored out"}
[DISCONNECTED] Status: 440, intentional: false
[RECONNECT] Attempt 1/50 in 2000ms
[GROUPS] Prefetched 273 group names
[AUTH] Using MongoDB-backed auth state
[BAILEYS] Starting v2.3000.1033846690
[CONNECTED] WhatsApp connected as: 919309986820:75@s.whatsapp.net Swar Yoga
{"level":40,"time":1772728178353,"pid":93202,"hostname":"Mohans-iMac.local","msg":"Timeout in AwaitingInitialSync, forcing state to Online and flushing buffer"}
{"level":50,"time":1772728179806,"pid":93202,"hostname":"Mohans-iMac.local","node":{"tag":"stream:error","attrs":{},"content":[{"tag":"conflict","attrs":{"type":"replaced"}}]},"msg":"stream errored out"}
[DISCONNECTED] Status: 440, intentional: false
[RECONNECT] Attempt 1/50 in 2000ms
[GROUPS] Prefetched 273 group names
[AUTH] Using MongoDB-backed auth state
[BAILEYS] Starting v2.3000.1033846690
[CONNECTED] WhatsApp connected as: 919309986820:75@s.whatsapp.net Swar Yoga
{"level":40,"time":1772728184120,"pid":93202,"hostname":"Mohans-iMac.local","msg":"Timeout in AwaitingInitialSync, forcing state to Online and flushing buffer"}
{"level":50,"time":1772728186029,"pid":93202,"hostname":"Mohans-iMac.local","node":{"tag":"stream:error","attrs":{},"content":[{"tag":"conflict","attrs":{"type":"replaced"}}]},"msg":"stream errored out"}
[DISCONNECTED] Status: 440, intentional: false
[RECONNECT] Attempt 1/50 in 2000ms
[GROUPS] Prefetched 273 group names
[AUTH] Using MongoDB-backed auth state
[BAILEYS] Starting v2.3000.1033846690
[CONNECTED] WhatsApp connected as: 919309986820:75@s.whatsapp.net Swar Yoga
{"level":40,"time":1772728189984,"pid":93202,"hostname":"Mohans-iMac.local","msg":"Timeout in AwaitingInitialSync, forcing state to Online and flushing buffer"}
{"level":50,"time":1772728192179,"pid":93202,"hostname":"Mohans-iMac.local","node":{"tag":"stream:error","attrs":{},"content":[{"tag":"conflict","attrs":{"type":"replaced"}}]},"msg":"stream errored out"}
[DISCONNECTED] Status: 440, intentional: false
[RECONNECT] Attempt 1/50 in 2000ms
[GROUPS] Prefetched 273 group names
[AUTH] Using MongoDB-backed auth state
[BAILEYS] Starting v2.3000.1033846690
[CONNECTED] WhatsApp connected as: 919309986820:75@s.whatsapp.net Swar Yoga
{"level":40,"time":1772728196697,"pid":93202,"hostname":"Mohans-iMac.local","msg":"Timeout in AwaitingInitialSync, forcing state to Online and flushing buffer"}
[GROUPS] Prefetched 273 group names
{"level":50,"time":1772728198480,"pid":93202,"hostname":"Mohans-iMac.local","node":{"tag":"stream:error","attrs":{},"content":[{"tag":"conflict","attrs":{"type":"replaced"}}]},"msg":"stream errored out"}
[DISCONNECTED] Status: 440, intentional: false
[RECONNECT] Attempt 1/50 in 2000ms
[AUTH] Using MongoDB-backed auth state
[BAILEYS] Starting v2.3000.1033846690
[CONNECTED] WhatsApp connected as: 919309986820:75@s.whatsapp.net Swar Yoga
{"level":40,"time":1772728202928,"pid":93202,"hostname":"Mohans-iMac.local","msg":"Timeout in AwaitingInitialSync, forcing state to Online and flushing buffer"}
{"level":50,"time":1772728204480,"pid":93202,"hostname":"Mohans-iMac.local","node":{"tag":"stream:error","attrs":{},"content":[{"tag":"conflict","attrs":{"type":"replaced"}}]},"msg":"stream errored out"}
[DISCONNECTED] Status: 440, intentional: false
[RECONNECT] Attempt 1/50 in 2000ms
[GROUPS] Prefetched 273 group names
[AUTH] Using MongoDB-backed auth state
[BAILEYS] Starting v2.3000.1033846690
{"level":50,"time":1772728207849,"pid":93202,"hostname":"Mohans-iMac.local","key":{"remoteJid":"status@broadcast","fromMe":false,"id":"ACBC3AEDC5D1840BE9A3099EB7AB38B6","participant":"256023050883198@lid","participantPn":"919482408649@s.whatsapp.net"},"err":{"type":"MessageCounterError","message":"Key used already or never filled","stack":"MessageCounterError: Key used already or never filled\n    at SessionCipher.doDecryptWhisperMessage (/Users/mohankalburgi/swaryoga.com-db/swaryoga.com-db/deploy/wa-baileys/node_modules/libsignal/src/session_cipher.js:236:19)\n    at 256023050883198.0 [as awaitable] (/Users/mohankalburgi/swaryoga.com-db/swaryoga.com-db/deploy/wa-baileys/node_modules/libsignal/src/session_cipher.js:207:42)\n    at process.processTicksAndRejections (node:internal/process/task_queues:103:5)\n    at async _asyncQueueExecutor (/Users/mohankalburgi/swaryoga.com-db/swaryoga.com-db/deploy/wa-baileys/node_modules/libsignal/src/queue_job.js:20:29)","name":"MessageCounterError"},"msg":"failed to decrypt message"}
{"level":50,"time":1772728207859,"pid":93202,"hostname":"Mohans-iMac.local","key":{"remoteJid":"status@broadcast","fromMe":false,"id":"ACBC3AEDC5D1840BE9A3099EB7AB38B6","participant":"256023050883198@lid","participantPn":"919482408649@s.whatsapp.net"},"err":{"type":"Error","message":"No session found to decrypt message","stack":"Error: No session found to decrypt message\n    at Object.awaitable (file:///Users/mohankalburgi/swaryoga.com-db/swaryoga.com-db/deploy/wa-baileys/node_modules/@whiskeysockets/baileys/lib/Signal/Group/group_cipher.js:43:23)\n    at process.processTicksAndRejections (node:internal/process/task_queues:103:5)\n    at async _asyncQueueExecutor (file:///Users/mohankalburgi/swaryoga.com-db/swaryoga.com-db/deploy/wa-baileys/node_modules/@whiskeysockets/baileys/lib/Signal/Group/queue-job.js:10:29)"},"msg":"failed to decrypt message"}
[CONNECTED] WhatsApp connected as: 919309986820:75@s.whatsapp.net Swar Yoga
{"level":40,"time":1772728209132,"pid":93202,"hostname":"Mohans-iMac.local","msg":"Timeout in AwaitingInitialSync, forcing state to Online and flushing buffer"}
[GROUPS] Prefetched 273 group names
{"level":50,"time":1772728210576,"pid":93202,"hostname":"Mohans-iMac.local","node":{"tag":"stream:error","attrs":{},"content":[{"tag":"conflict","attrs":{"type":"replaced"}}]},"msg":"stream errored out"}
[DISCONNECTED] Status: 440, intentional: false
[RECONNECT] Attempt 1/50 in 2000ms
[AUTH] Using MongoDB-backed auth state
[BAILEYS] Starting v2.3000.1033846690
[CRASH-GUARD] Unhandled rejection: Error: Connection Closed
    at sendRawMessage (file:///Users/mohankalburgi/swaryoga.com-db/swaryoga.com-db/deploy/wa-baileys/node_modules/@whiskeysockets/baileys/lib/Socket/socket.js:56:19)
    at sendNode (file:///Users/mohankalburgi/swaryoga.com-db/swaryoga.com-db/deploy/wa-baileys/node_modules/@whiskeysockets/baileys/lib/Socket/socket.js:75:16)
    at file:///Users/mohankalburgi/swaryoga.com-db/swaryoga.com-db/deploy/wa-baileys/node_modules/@whiskeysockets/baileys/lib/Socket/messages-send.js:487:19
    at process.processTicksAndRejections (node:internal/process/task_queues:103:5)
    at async Object.transaction (file:///Users/mohankalburgi/swaryoga.com-db/swaryoga.com-db/deploy/wa-baileys/node_modules/@whiskeysockets/baileys/lib/Utils/auth-utils.js:126:26)
    at async relayMessage (file:///Users/mohankalburgi/swaryoga.com-db/swaryoga.com-db/deploy/wa-baileys/node_modules/@whiskeysockets/baileys/lib/Socket/messages-send.js:288:9)
    at async sendPeerDataOperationMessage (file:///Users/mohankalburgi/swaryoga.com-db/swaryoga.com-db/deploy/wa-baileys/node_modules/@whiskeysockets/baileys/lib/Socket/messages-send.js:211:23)
    at async sendRetryRequest (file:///Users/mohankalburgi/swaryoga.com-db/swaryoga.com-db/deploy/wa-baileys/node_modules/@whiskeysockets/baileys/lib/Socket/messages-recv.js:100:27)
    at async file:///Users/mohankalburgi/swaryoga.com-db/swaryoga.com-db/deploy/wa-baileys/node_modules/@whiskeysockets/baileys/lib/Socket/messages-recv.js:661:33
    at async file:///Users/mohankalburgi/swaryoga.com-db/swaryoga.com-db/deploy/wa-baileys/node_modules/@whiskeysockets/baileys/lib/Utils/make-mutex.js:16:36 {
  data: null,
  isBoom: true,
  isServer: false,
  output: {
    statusCode: 428,
    payload: {
      statusCode: 428,
      error: 'Precondition Required',
      message: 'Connection Closed'
    },
    headers: {}
  }
}
{"level":50,"time":1772728213690,"pid":93202,"hostname":"Mohans-iMac.local","key":{"remoteJid":"status@broadcast","fromMe":false,"id":"ACBC3AEDC5D1840BE9A3099EB7AB38B6","participant":"256023050883198@lid","participantPn":"919482408649@s.whatsapp.net"},"err":{"type":"MessageCounterError","message":"Key used already or never filled","stack":"MessageCounterError: Key used already or never filled\n    at SessionCipher.doDecryptWhisperMessage (/Users/mohankalburgi/swaryoga.com-db/swaryoga.com-db/deploy/wa-baileys/node_modules/libsignal/src/session_cipher.js:236:19)\n    at 256023050883198.0 [as awaitable] (/Users/mohankalburgi/swaryoga.com-db/swaryoga.com-db/deploy/wa-baileys/node_modules/libsignal/src/session_cipher.js:207:42)\n    at process.processTicksAndRejections (node:internal/process/task_queues:103:5)\n    at async _asyncQueueExecutor (/Users/mohankalburgi/swaryoga.com-db/swaryoga.com-db/deploy/wa-baileys/node_modules/libsignal/src/queue_job.js:20:29)","name":"MessageCounterError"},"msg":"failed to decrypt message"}
{"level":50,"time":1772728213710,"pid":93202,"hostname":"Mohans-iMac.local","key":{"remoteJid":"status@broadcast","fromMe":false,"id":"ACBC3AEDC5D1840BE9A3099EB7AB38B6","participant":"256023050883198@lid","participantPn":"919482408649@s.whatsapp.net"},"err":{"type":"Error","message":"Received message with old counter: 1, 0","stack":"Error: Received message with old counter: 1, 0\n    at GroupCipher.getSenderKey (file:///Users/mohankalburgi/swaryoga.com-db/swaryoga.com-db/deploy/wa-baileys/node_modules/@whiskeysockets/baileys/lib/Signal/Group/group_cipher.js:62:19)\n    at Object.awaitable (file:///Users/mohankalburgi/swaryoga.com-db/swaryoga.com-db/deploy/wa-baileys/node_modules/@whiskeysockets/baileys/lib/Signal/Group/group_cipher.js:46:36)\n    at process.processTicksAndRejections (node:internal/process/task_queues:103:5)\n    at async _asyncQueueExecutor (file:///Users/mohankalburgi/swaryoga.com-db/swaryoga.com-db/deploy/wa-baileys/node_modules/@whiskeysockets/baileys/lib/Signal/Group/queue-job.js:10:29)"},"msg":"failed to decrypt message"}
[CONNECTED] WhatsApp connected as: 919309986820:75@s.whatsapp.net Swar Yoga
{"level":40,"time":1772728215390,"pid":93202,"hostname":"Mohans-iMac.local","msg":"Timeout in AwaitingInitialSync, forcing state to Online and flushing buffer"}
{"level":50,"time":1772728216839,"pid":93202,"hostname":"Mohans-iMac.local","node":{"tag":"stream:error","attrs":{},"content":[{"tag":"conflict","attrs":{"type":"replaced"}}]},"msg":"stream errored out"}
[DISCONNECTED] Status: 440, intentional: false
[RECONNECT] Attempt 1/50 in 2000ms
[GROUPS] Prefetched 273 group names
[CRASH-GUARD] Unhandled rejection: Error: Connection Closed
    at sendRawMessage (file:///Users/mohankalburgi/swaryoga.com-db/swaryoga.com-db/deploy/wa-baileys/node_modules/@whiskeysockets/baileys/lib/Socket/socket.js:56:19)
    at sendNode (file:///Users/mohankalburgi/swaryoga.com-db/swaryoga.com-db/deploy/wa-baileys/node_modules/@whiskeysockets/baileys/lib/Socket/socket.js:75:16)
    at file:///Users/mohankalburgi/swaryoga.com-db/swaryoga.com-db/deploy/wa-baileys/node_modules/@whiskeysockets/baileys/lib/Socket/messages-send.js:487:19
    at process.processTicksAndRejections (node:internal/process/task_queues:103:5)
    at async Object.transaction (file:///Users/mohankalburgi/swaryoga.com-db/swaryoga.com-db/deploy/wa-baileys/node_modules/@whiskeysockets/baileys/lib/Utils/auth-utils.js:126:26)
    at async relayMessage (file:///Users/mohankalburgi/swaryoga.com-db/swaryoga.com-db/deploy/wa-baileys/node_modules/@whiskeysockets/baileys/lib/Socket/messages-send.js:288:9)
    at async sendPeerDataOperationMessage (file:///Users/mohankalburgi/swaryoga.com-db/swaryoga.com-db/deploy/wa-baileys/node_modules/@whiskeysockets/baileys/lib/Socket/messages-send.js:211:23)
    at async sendRetryRequest (file:///Users/mohankalburgi/swaryoga.com-db/swaryoga.com-db/deploy/wa-baileys/node_modules/@whiskeysockets/baileys/lib/Socket/messages-recv.js:100:27)
    at async file:///Users/mohankalburgi/swaryoga.com-db/swaryoga.com-db/deploy/wa-baileys/node_modules/@whiskeysockets/baileys/lib/Socket/messages-recv.js:661:33
    at async file:///Users/mohankalburgi/swaryoga.com-db/swaryoga.com-db/deploy/wa-baileys/node_modules/@whiskeysockets/baileys/lib/Utils/make-mutex.js:16:36 {
  data: null,
  isBoom: true,
  isServer: false,
  output: {
    statusCode: 428,
    payload: {
      statusCode: 428,
      error: 'Precondition Required',
      message: 'Connection Closed'
    },
    headers: {}
  }
}
[AUTH] Using MongoDB-backed auth state
[BAILEYS] Starting v2.3000.1033846690
{"level":50,"time":1772728220074,"pid":93202,"hostname":"Mohans-iMac.local","key":{"remoteJid":"status@broadcast","fromMe":false,"id":"ACBC3AEDC5D1840BE9A3099EB7AB38B6","participant":"256023050883198@lid","participantPn":"919482408649@s.whatsapp.net"},"err":{"type":"MessageCounterError","message":"Key used already or never filled","stack":"MessageCounterError: Key used already or never filled\n    at SessionCipher.doDecryptWhisperMessage (/Users/mohankalburgi/swaryoga.com-db/swaryoga.com-db/deploy/wa-baileys/node_modules/libsignal/src/session_cipher.js:236:19)\n    at 256023050883198.0 [as awaitable] (/Users/mohankalburgi/swaryoga.com-db/swaryoga.com-db/deploy/wa-baileys/node_modules/libsignal/src/session_cipher.js:207:42)\n    at process.processTicksAndRejections (node:internal/process/task_queues:103:5)\n    at async _asyncQueueExecutor (/Users/mohankalburgi/swaryoga.com-db/swaryoga.com-db/deploy/wa-baileys/node_modules/libsignal/src/queue_job.js:20:29)","name":"MessageCounterError"},"msg":"failed to decrypt message"}
{"level":50,"time":1772728220100,"pid":93202,"hostname":"Mohans-iMac.local","key":{"remoteJid":"status@broadcast","fromMe":false,"id":"ACBC3AEDC5D1840BE9A3099EB7AB38B6","participant":"256023050883198@lid","participantPn":"919482408649@s.whatsapp.net"},"err":{"type":"Error","message":"Received message with old counter: 1, 0","stack":"Error: Received message with old counter: 1, 0\n    at GroupCipher.getSenderKey (file:///Users/mohankalburgi/swaryoga.com-db/swaryoga.com-db/deploy/wa-baileys/node_modules/@whiskeysockets/baileys/lib/Signal/Group/group_cipher.js:62:19)\n    at Object.awaitable (file:///Users/mohankalburgi/swaryoga.com-db/swaryoga.com-db/deploy/wa-baileys/node_modules/@whiskeysockets/baileys/lib/Signal/Group/group_cipher.js:46:36)\n    at process.processTicksAndRejections (node:internal/process/task_queues:103:5)\n    at async _asyncQueueExecutor (file:///Users/mohankalburgi/swaryoga.com-db/swaryoga.com-db/deploy/wa-baileys/node_modules/@whiskeysockets/baileys/lib/Signal/Group/queue-job.js:10:29)"},"msg":"failed to decrypt message"}
[CONNECTED] WhatsApp connected as: 919309986820:75@s.whatsapp.net Swar Yoga
{"level":40,"time":1772728221549,"pid":93202,"hostname":"Mohans-iMac.local","msg":"Timeout in AwaitingInitialSync, forcing state to Online and flushing buffer"}
{"level":50,"time":1772728222817,"pid":93202,"hostname":"Mohans-iMac.local","node":{"tag":"stream:error","attrs":{},"content":[{"tag":"conflict","attrs":{"type":"replaced"}}]},"msg":"stream errored out"}
[DISCONNECTED] Status: 440, intentional: false
[RECONNECT] Attempt 1/50 in 2000ms
[GROUPS] Prefetched 273 group names
[AUTH] Using MongoDB-backed auth state
[BAILEYS] Starting v2.3000.1033846690
[CRASH-GUARD] Unhandled rejection: Error: Connection Closed
    at sendRawMessage (file:///Users/mohankalburgi/swaryoga.com-db/swaryoga.com-db/deploy/wa-baileys/node_modules/@whiskeysockets/baileys/lib/Socket/socket.js:56:19)
    at sendNode (file:///Users/mohankalburgi/swaryoga.com-db/swaryoga.com-db/deploy/wa-baileys/node_modules/@whiskeysockets/baileys/lib/Socket/socket.js:75:16)
    at file:///Users/mohankalburgi/swaryoga.com-db/swaryoga.com-db/deploy/wa-baileys/node_modules/@whiskeysockets/baileys/lib/Socket/messages-send.js:487:19
    at process.processTicksAndRejections (node:internal/process/task_queues:103:5)
    at async Object.transaction (file:///Users/mohankalburgi/swaryoga.com-db/swaryoga.com-db/deploy/wa-baileys/node_modules/@whiskeysockets/baileys/lib/Utils/auth-utils.js:126:26)
    at async relayMessage (file:///Users/mohankalburgi/swaryoga.com-db/swaryoga.com-db/deploy/wa-baileys/node_modules/@whiskeysockets/baileys/lib/Socket/messages-send.js:288:9)
    at async sendPeerDataOperationMessage (file:///Users/mohankalburgi/swaryoga.com-db/swaryoga.com-db/deploy/wa-baileys/node_modules/@whiskeysockets/baileys/lib/Socket/messages-send.js:211:23)
    at async sendRetryRequest (file:///Users/mohankalburgi/swaryoga.com-db/swaryoga.com-db/deploy/wa-baileys/node_modules/@whiskeysockets/baileys/lib/Socket/messages-recv.js:100:27)
    at async file:///Users/mohankalburgi/swaryoga.com-db/swaryoga.com-db/deploy/wa-baileys/node_modules/@whiskeysockets/baileys/lib/Socket/messages-recv.js:661:33
    at async file:///Users/mohankalburgi/swaryoga.com-db/swaryoga.com-db/deploy/wa-baileys/node_modules/@whiskeysockets/baileys/lib/Utils/make-mutex.js:16:36 {
  data: null,
  isBoom: true,
  isServer: false,
  output: {
    statusCode: 428,
    payload: {
      statusCode: 428,
      error: 'Precondition Required',
      message: 'Connection Closed'
    },
    headers: {}
  }
}
{"level":50,"time":1772728226201,"pid":93202,"hostname":"Mohans-iMac.local","key":{"remoteJid":"status@broadcast","fromMe":false,"id":"ACBC3AEDC5D1840BE9A3099EB7AB38B6","participant":"256023050883198@lid","participantPn":"919482408649@s.whatsapp.net"},"err":{"type":"MessageCounterError","message":"Key used already or never filled","stack":"MessageCounterError: Key used already or never filled\n    at SessionCipher.doDecryptWhisperMessage (/Users/mohankalburgi/swaryoga.com-db/swaryoga.com-db/deploy/wa-baileys/node_modules/libsignal/src/session_cipher.js:236:19)\n    at 256023050883198.0 [as awaitable] (/Users/mohankalburgi/swaryoga.com-db/swaryoga.com-db/deploy/wa-baileys/node_modules/libsignal/src/session_cipher.js:207:42)\n    at process.processTicksAndRejections (node:internal/process/task_queues:103:5)\n    at async _asyncQueueExecutor (/Users/mohankalburgi/swaryoga.com-db/swaryoga.com-db/deploy/wa-baileys/node_modules/libsignal/src/queue_job.js:20:29)","name":"MessageCounterError"},"msg":"failed to decrypt message"}
{"level":50,"time":1772728226222,"pid":93202,"hostname":"Mohans-iMac.local","key":{"remoteJid":"status@broadcast","fromMe":false,"id":"ACBC3AEDC5D1840BE9A3099EB7AB38B6","participant":"256023050883198@lid","participantPn":"919482408649@s.whatsapp.net"},"err":{"type":"Error","message":"Received message with old counter: 1, 0","stack":"Error: Received message with old counter: 1, 0\n    at GroupCipher.getSenderKey (file:///Users/mohankalburgi/swaryoga.com-db/swaryoga.com-db/deploy/wa-baileys/node_modules/@whiskeysockets/baileys/lib/Signal/Group/group_cipher.js:62:19)\n    at Object.awaitable (file:///Users/mohankalburgi/swaryoga.com-db/swaryoga.com-db/deploy/wa-baileys/node_modules/@whiskeysockets/baileys/lib/Signal/Group/group_cipher.js:46:36)\n    at process.processTicksAndRejections (node:internal/process/task_queues:103:5)\n    at async _asyncQueueExecutor (file:///Users/mohankalburgi/swaryoga.com-db/swaryoga.com-db/deploy/wa-baileys/node_modules/@whiskeysockets/baileys/lib/Signal/Group/queue-job.js:10:29)"},"msg":"failed to decrypt message"}
[CONNECTED] WhatsApp connected as: 919309986820:75@s.whatsapp.net Swar Yoga
{"level":40,"time":1772728227841,"pid":93202,"hostname":"Mohans-iMac.local","msg":"Timeout in AwaitingInitialSync, forcing state to Online and flushing buffer"}
{"level":50,"time":1772728229372,"pid":93202,"hostname":"Mohans-iMac.local","node":{"tag":"stream:error","attrs":{},"content":[{"tag":"conflict","attrs":{"type":"replaced"}}]},"msg":"stream errored out"}
[DISCONNECTED] Status: 440, intentional: false
[RECONNECT] Attempt 1/50 in 2000ms
[GROUPS] Prefetched 273 group names
[CRASH-GUARD] Unhandled rejection: Error: Connection Closed
    at sendRawMessage (file:///Users/mohankalburgi/swaryoga.com-db/swaryoga.com-db/deploy/wa-baileys/node_modules/@whiskeysockets/baileys/lib/Socket/socket.js:56:19)
    at sendNode (file:///Users/mohankalburgi/swaryoga.com-db/swaryoga.com-db/deploy/wa-baileys/node_modules/@whiskeysockets/baileys/lib/Socket/socket.js:75:16)
    at file:///Users/mohankalburgi/swaryoga.com-db/swaryoga.com-db/deploy/wa-baileys/node_modules/@whiskeysockets/baileys/lib/Socket/messages-send.js:487:19
    at process.processTicksAndRejections (node:internal/process/task_queues:103:5)
    at async Object.transaction (file:///Users/mohankalburgi/swaryoga.com-db/swaryoga.com-db/deploy/wa-baileys/node_modules/@whiskeysockets/baileys/lib/Utils/auth-utils.js:126:26)
    at async relayMessage (file:///Users/mohankalburgi/swaryoga.com-db/swaryoga.com-db/deploy/wa-baileys/node_modules/@whiskeysockets/baileys/lib/Socket/messages-send.js:288:9)
    at async sendPeerDataOperationMessage (file:///Users/mohankalburgi/swaryoga.com-db/swaryoga.com-db/deploy/wa-baileys/node_modules/@whiskeysockets/baileys/lib/Socket/messages-send.js:211:23)
    at async sendRetryRequest (file:///Users/mohankalburgi/swaryoga.com-db/swaryoga.com-db/deploy/wa-baileys/node_modules/@whiskeysockets/baileys/lib/Socket/messages-recv.js:100:27)
    at async file:///Users/mohankalburgi/swaryoga.com-db/swaryoga.com-db/deploy/wa-baileys/node_modules/@whiskeysockets/baileys/lib/Socket/messages-recv.js:661:33
    at async file:///Users/mohankalburgi/swaryoga.com-db/swaryoga.com-db/deploy/wa-baileys/node_modules/@whiskeysockets/baileys/lib/Utils/make-mutex.js:16:36 {
  data: null,
  isBoom: true,
  isServer: false,
  output: {
    statusCode: 428,
    payload: {
      statusCode: 428,
      error: 'Precondition Required',
      message: 'Connection Closed'
    },
    headers: {}
  }
}
[AUTH] Using MongoDB-backed auth state
[BAILEYS] Starting v2.3000.1033846690
{"level":50,"time":1772728232481,"pid":93202,"hostname":"Mohans-iMac.local","key":{"remoteJid":"status@broadcast","fromMe":false,"id":"ACBC3AEDC5D1840BE9A3099EB7AB38B6","participant":"256023050883198@lid","participantPn":"919482408649@s.whatsapp.net"},"err":{"type":"MessageCounterError","message":"Key used already or never filled","stack":"MessageCounterError: Key used already or never filled\n    at SessionCipher.doDecryptWhisperMessage (/Users/mohankalburgi/swaryoga.com-db/swaryoga.com-db/deploy/wa-baileys/node_modules/libsignal/src/session_cipher.js:236:19)\n    at 256023050883198.0 [as awaitable] (/Users/mohankalburgi/swaryoga.com-db/swaryoga.com-db/deploy/wa-baileys/node_modules/libsignal/src/session_cipher.js:207:42)\n    at process.processTicksAndRejections (node:internal/process/task_queues:103:5)\n    at async _asyncQueueExecutor (/Users/mohankalburgi/swaryoga.com-db/swaryoga.com-db/deploy/wa-baileys/node_modules/libsignal/src/queue_job.js:20:29)","name":"MessageCounterError"},"msg":"failed to decrypt message"}
{"level":50,"time":1772728232497,"pid":93202,"hostname":"Mohans-iMac.local","key":{"remoteJid":"status@broadcast","fromMe":false,"id":"ACBC3AEDC5D1840BE9A3099EB7AB38B6","participant":"256023050883198@lid","participantPn":"919482408649@s.whatsapp.net"},"err":{"type":"Error","message":"Received message with old counter: 1, 0","stack":"Error: Received message with old counter: 1, 0\n    at GroupCipher.getSenderKey (file:///Users/mohankalburgi/swaryoga.com-db/swaryoga.com-db/deploy/wa-baileys/node_modules/@whiskeysockets/baileys/lib/Signal/Group/group_cipher.js:62:19)\n    at Object.awaitable (file:///Users/mohankalburgi/swaryoga.com-db/swaryoga.com-db/deploy/wa-baileys/node_modules/@whiskeysockets/baileys/lib/Signal/Group/group_cipher.js:46:36)\n    at process.processTicksAndRejections (node:internal/process/task_queues:103:5)\n    at async _asyncQueueExecutor (file:///Users/mohankalburgi/swaryoga.com-db/swaryoga.com-db/deploy/wa-baileys/node_modules/@whiskeysockets/baileys/lib/Signal/Group/queue-job.js:10:29)"},"msg":"failed to decrypt message"}
[CONNECTED] WhatsApp connected as: 919309986820:75@s.whatsapp.net Swar Yoga
{"level":40,"time":1772728233608,"pid":93202,"hostname":"Mohans-iMac.local","msg":"Timeout in AwaitingInitialSync, forcing state to Online and flushing buffer"}
[GROUPS] Prefetched 273 group names
{"level":50,"time":1772728235299,"pid":93202,"hostname":"Mohans-iMac.local","node":{"tag":"stream:error","attrs":{},"content":[{"tag":"conflict","attrs":{"type":"replaced"}}]},"msg":"stream errored out"}
[DISCONNECTED] Status: 440, intentional: false
[RECONNECT] Attempt 1/50 in 2000ms
[AUTH] Using MongoDB-backed auth state
[BAILEYS] Starting v2.3000.1033846690
[CRASH-GUARD] Unhandled rejection: Error: Connection Closed
    at sendRawMessage (file:///Users/mohankalburgi/swaryoga.com-db/swaryoga.com-db/deploy/wa-baileys/node_modules/@whiskeysockets/baileys/lib/Socket/socket.js:56:19)
    at sendNode (file:///Users/mohankalburgi/swaryoga.com-db/swaryoga.com-db/deploy/wa-baileys/node_modules/@whiskeysockets/baileys/lib/Socket/socket.js:75:16)
    at file:///Users/mohankalburgi/swaryoga.com-db/swaryoga.com-db/deploy/wa-baileys/node_modules/@whiskeysockets/baileys/lib/Socket/messages-send.js:487:19
    at process.processTicksAndRejections (node:internal/process/task_queues:103:5)
    at async Object.transaction (file:///Users/mohankalburgi/swaryoga.com-db/swaryoga.com-db/deploy/wa-baileys/node_modules/@whiskeysockets/baileys/lib/Utils/auth-utils.js:126:26)
    at async relayMessage (file:///Users/mohankalburgi/swaryoga.com-db/swaryoga.com-db/deploy/wa-baileys/node_modules/@whiskeysockets/baileys/lib/Socket/messages-send.js:288:9)
    at async sendPeerDataOperationMessage (file:///Users/mohankalburgi/swaryoga.com-db/swaryoga.com-db/deploy/wa-baileys/node_modules/@whiskeysockets/baileys/lib/Socket/messages-send.js:211:23)
    at async sendRetryRequest (file:///Users/mohankalburgi/swaryoga.com-db/swaryoga.com-db/deploy/wa-baileys/node_modules/@whiskeysockets/baileys/lib/Socket/messages-recv.js:100:27)
    at async file:///Users/mohankalburgi/swaryoga.com-db/swaryoga.com-db/deploy/wa-baileys/node_modules/@whiskeysockets/baileys/lib/Socket/messages-recv.js:661:33
    at async file:///Users/mohankalburgi/swaryoga.com-db/swaryoga.com-db/deploy/wa-baileys/node_modules/@whiskeysockets/baileys/lib/Utils/make-mutex.js:16:36 {
  data: null,
  isBoom: true,
  isServer: false,
  output: {
    statusCode: 428,
    payload: {
      statusCode: 428,
      error: 'Precondition Required',
      message: 'Connection Closed'
    },
    headers: {}
  }
}
{"level":50,"time":1772728238535,"pid":93202,"hostname":"Mohans-iMac.local","key":{"remoteJid":"status@broadcast","fromMe":false,"id":"ACBC3AEDC5D1840BE9A3099EB7AB38B6","participant":"256023050883198@lid","participantPn":"919482408649@s.whatsapp.net"},"err":{"type":"MessageCounterError","message":"Key used already or never filled","stack":"MessageCounterError: Key used already or never filled\n    at SessionCipher.doDecryptWhisperMessage (/Users/mohankalburgi/swaryoga.com-db/swaryoga.com-db/deploy/wa-baileys/node_modules/libsignal/src/session_cipher.js:236:19)\n    at 256023050883198.0 [as awaitable] (/Users/mohankalburgi/swaryoga.com-db/swaryoga.com-db/deploy/wa-baileys/node_modules/libsignal/src/session_cipher.js:207:42)\n    at process.processTicksAndRejections (node:internal/process/task_queues:103:5)\n    at async _asyncQueueExecutor (/Users/mohankalburgi/swaryoga.com-db/swaryoga.com-db/deploy/wa-baileys/node_modules/libsignal/src/queue_job.js:20:29)","name":"MessageCounterError"},"msg":"failed to decrypt message"}
{"level":50,"time":1772728238556,"pid":93202,"hostname":"Mohans-iMac.local","key":{"remoteJid":"status@broadcast","fromMe":false,"id":"ACBC3AEDC5D1840BE9A3099EB7AB38B6","participant":"256023050883198@lid","participantPn":"919482408649@s.whatsapp.net"},"err":{"type":"Error","message":"Received message with old counter: 1, 0","stack":"Error: Received message with old counter: 1, 0\n    at GroupCipher.getSenderKey (file:///Users/mohankalburgi/swaryoga.com-db/swaryoga.com-db/deploy/wa-baileys/node_modules/@whiskeysockets/baileys/lib/Signal/Group/group_cipher.js:62:19)\n    at Object.awaitable (file:///Users/mohankalburgi/swaryoga.com-db/swaryoga.com-db/deploy/wa-baileys/node_modules/@whiskeysockets/baileys/lib/Signal/Group/group_cipher.js:46:36)\n    at process.processTicksAndRejections (node:internal/process/task_queues:103:5)\n    at async _asyncQueueExecutor (file:///Users/mohankalburgi/swaryoga.com-db/swaryoga.com-db/deploy/wa-baileys/node_modules/@whiskeysockets/baileys/lib/Signal/Group/queue-job.js:10:29)"},"msg":"failed to decrypt message"}
[CONNECTED] WhatsApp connected as: 919309986820:75@s.whatsapp.net Swar Yoga
[GROUPS] Failed to prefetch group names: rate-overlimit
{"level":40,"time":1772728240073,"pid":93202,"hostname":"Mohans-iMac.local","msg":"Timeout in AwaitingInitialSync, forcing state to Online and flushing buffer"}
{"level":50,"time":1772728241399,"pid":93202,"hostname":"Mohans-iMac.local","node":{"tag":"stream:error","attrs":{},"content":[{"tag":"conflict","attrs":{"type":"replaced"}}]},"msg":"stream errored out"}
[DISCONNECTED] Status: 440, intentional: false
[RECONNECT] Attempt 1/50 in 2000ms
[AUTH] Using MongoDB-backed auth state
[BAILEYS] Starting v2.3000.1033846690
[CRASH-GUARD] Unhandled rejection: Error: Connection Closed
    at sendRawMessage (file:///Users/mohankalburgi/swaryoga.com-db/swaryoga.com-db/deploy/wa-baileys/node_modules/@whiskeysockets/baileys/lib/Socket/socket.js:56:19)
    at sendNode (file:///Users/mohankalburgi/swaryoga.com-db/swaryoga.com-db/deploy/wa-baileys/node_modules/@whiskeysockets/baileys/lib/Socket/socket.js:75:16)
    at file:///Users/mohankalburgi/swaryoga.com-db/swaryoga.com-db/deploy/wa-baileys/node_modules/@whiskeysockets/baileys/lib/Socket/messages-send.js:487:19
    at process.processTicksAndRejections (node:internal/process/task_queues:103:5)
    at async Object.transaction (file:///Users/mohankalburgi/swaryoga.com-db/swaryoga.com-db/deploy/wa-baileys/node_modules/@whiskeysockets/baileys/lib/Utils/auth-utils.js:126:26)
    at async relayMessage (file:///Users/mohankalburgi/swaryoga.com-db/swaryoga.com-db/deploy/wa-baileys/node_modules/@whiskeysockets/baileys/lib/Socket/messages-send.js:288:9)
    at async sendPeerDataOperationMessage (file:///Users/mohankalburgi/swaryoga.com-db/swaryoga.com-db/deploy/wa-baileys/node_modules/@whiskeysockets/baileys/lib/Socket/messages-send.js:211:23)
    at async sendRetryRequest (file:///Users/mohankalburgi/swaryoga.com-db/swaryoga.com-db/deploy/wa-baileys/node_modules/@whiskeysockets/baileys/lib/Socket/messages-recv.js:100:27)
    at async file:///Users/mohankalburgi/swaryoga.com-db/swaryoga.com-db/deploy/wa-baileys/node_modules/@whiskeysockets/baileys/lib/Socket/messages-recv.js:661:33
    at async file:///Users/mohankalburgi/swaryoga.com-db/swaryoga.com-db/deploy/wa-baileys/node_modules/@whiskeysockets/baileys/lib/Utils/make-mutex.js:16:36 {
  data: null,
  isBoom: true,
  isServer: false,
  output: {
    statusCode: 428,
    payload: {
      statusCode: 428,
      error: 'Precondition Required',
      message: 'Connection Closed'
    },
    headers: {}
  }
}
{"level":50,"time":1772728244550,"pid":93202,"hostname":"Mohans-iMac.local","key":{"remoteJid":"status@broadcast","fromMe":false,"id":"ACBC3AEDC5D1840BE9A3099EB7AB38B6","participant":"256023050883198@lid","participantPn":"919482408649@s.whatsapp.net"},"err":{"type":"MessageCounterError","message":"Key used already or never filled","stack":"MessageCounterError: Key used already or never filled\n    at SessionCipher.doDecryptWhisperMessage (/Users/mohankalburgi/swaryoga.com-db/swaryoga.com-db/deploy/wa-baileys/node_modules/libsignal/src/session_cipher.js:236:19)\n    at 256023050883198.0 [as awaitable] (/Users/mohankalburgi/swaryoga.com-db/swaryoga.com-db/deploy/wa-baileys/node_modules/libsignal/src/session_cipher.js:207:42)\n    at process.processTicksAndRejections (node:internal/process/task_queues:103:5)\n    at async _asyncQueueExecutor (/Users/mohankalburgi/swaryoga.com-db/swaryoga.com-db/deploy/wa-baileys/node_modules/libsignal/src/queue_job.js:20:29)","name":"MessageCounterError"},"msg":"failed to decrypt message"}
{"level":50,"time":1772728244574,"pid":93202,"hostname":"Mohans-iMac.local","key":{"remoteJid":"status@broadcast","fromMe":false,"id":"ACBC3AEDC5D1840BE9A3099EB7AB38B6","participant":"256023050883198@lid","participantPn":"919482408649@s.whatsapp.net"},"err":{"type":"Error","message":"Received message with old counter: 1, 0","stack":"Error: Received message with old counter: 1, 0\n    at GroupCipher.getSenderKey (file:///Users/mohankalburgi/swaryoga.com-db/swaryoga.com-db/deploy/wa-baileys/node_modules/@whiskeysockets/baileys/lib/Signal/Group/group_cipher.js:62:19)\n    at Object.awaitable (file:///Users/mohankalburgi/swaryoga.com-db/swaryoga.com-db/deploy/wa-baileys/node_modules/@whiskeysockets/baileys/lib/Signal/Group/group_cipher.js:46:36)\n    at process.processTicksAndRejections (node:internal/process/task_queues:103:5)\n    at async _asyncQueueExecutor (file:///Users/mohankalburgi/swaryoga.com-db/swaryoga.com-db/deploy/wa-baileys/node_modules/@whiskeysockets/baileys/lib/Signal/Group/queue-job.js:10:29)"},"msg":"failed to decrypt message"}
[CONNECTED] WhatsApp connected as: 919309986820:75@s.whatsapp.net Swar Yoga
{"level":40,"time":1772728246192,"pid":93202,"hostname":"Mohans-iMac.local","msg":"Timeout in AwaitingInitialSync, forcing state to Online and flushing buffer"}
[GROUPS] Prefetched 273 group names
{"level":50,"time":1772728247348,"pid":93202,"hostname":"Mohans-iMac.local","node":{"tag":"stream:error","attrs":{},"content":[{"tag":"conflict","attrs":{"type":"replaced"}}]},"msg":"stream errored out"}
[DISCONNECTED] Status: 440, intentional: false
[RECONNECT] Attempt 1/50 in 2000ms
[AUTH] Using MongoDB-backed auth state
[BAILEYS] Starting v2.3000.1033846690
[CRASH-GUARD] Unhandled rejection: Error: Connection Closed
    at sendRawMessage (file:///Users/mohankalburgi/swaryoga.com-db/swaryoga.com-db/deploy/wa-baileys/node_modules/@whiskeysockets/baileys/lib/Socket/socket.js:56:19)
    at sendNode (file:///Users/mohankalburgi/swaryoga.com-db/swaryoga.com-db/deploy/wa-baileys/node_modules/@whiskeysockets/baileys/lib/Socket/socket.js:75:16)
    at file:///Users/mohankalburgi/swaryoga.com-db/swaryoga.com-db/deploy/wa-baileys/node_modules/@whiskeysockets/baileys/lib/Socket/messages-send.js:487:19
    at process.processTicksAndRejections (node:internal/process/task_queues:103:5)
    at async Object.transaction (file:///Users/mohankalburgi/swaryoga.com-db/swaryoga.com-db/deploy/wa-baileys/node_modules/@whiskeysockets/baileys/lib/Utils/auth-utils.js:126:26)
    at async relayMessage (file:///Users/mohankalburgi/swaryoga.com-db/swaryoga.com-db/deploy/wa-baileys/node_modules/@whiskeysockets/baileys/lib/Socket/messages-send.js:288:9)
    at async sendPeerDataOperationMessage (file:///Users/mohankalburgi/swaryoga.com-db/swaryoga.com-db/deploy/wa-baileys/node_modules/@whiskeysockets/baileys/lib/Socket/messages-send.js:211:23)
    at async sendRetryRequest (file:///Users/mohankalburgi/swaryoga.com-db/swaryoga.com-db/deploy/wa-baileys/node_modules/@whiskeysockets/baileys/lib/Socket/messages-recv.js:100:27)
    at async file:///Users/mohankalburgi/swaryoga.com-db/swaryoga.com-db/deploy/wa-baileys/node_modules/@whiskeysockets/baileys/lib/Socket/messages-recv.js:661:33
    at async file:///Users/mohankalburgi/swaryoga.com-db/swaryoga.com-db/deploy/wa-baileys/node_modules/@whiskeysockets/baileys/lib/Utils/make-mutex.js:16:36 {
  data: null,
  isBoom: true,
  isServer: false,
  output: {
    statusCode: 428,
    payload: {
      statusCode: 428,
      error: 'Precondition Required',
      message: 'Connection Closed'
    },
    headers: {}
  }
}
{"level":50,"time":1772728250841,"pid":93202,"hostname":"Mohans-iMac.local","key":{"remoteJid":"status@broadcast","fromMe":false,"id":"ACBC3AEDC5D1840BE9A3099EB7AB38B6","participant":"256023050883198@lid","participantPn":"919482408649@s.whatsapp.net"},"err":{"type":"MessageCounterError","message":"Key used already or never filled","stack":"MessageCounterError: Key used already or never filled\n    at SessionCipher.doDecryptWhisperMessage (/Users/mohankalburgi/swaryoga.com-db/swaryoga.com-db/deploy/wa-baileys/node_modules/libsignal/src/session_cipher.js:236:19)\n    at 256023050883198.0 [as awaitable] (/Users/mohankalburgi/swaryoga.com-db/swaryoga.com-db/deploy/wa-baileys/node_modules/libsignal/src/session_cipher.js:207:42)\n    at process.processTicksAndRejections (node:internal/process/task_queues:103:5)\n    at async _asyncQueueExecutor (/Users/mohankalburgi/swaryoga.com-db/swaryoga.com-db/deploy/wa-baileys/node_modules/libsignal/src/queue_job.js:20:29)","name":"MessageCounterError"},"msg":"failed to decrypt message"}
{"level":50,"time":1772728250856,"pid":93202,"hostname":"Mohans-iMac.local","key":{"remoteJid":"status@broadcast","fromMe":false,"id":"ACBC3AEDC5D1840BE9A3099EB7AB38B6","participant":"256023050883198@lid","participantPn":"919482408649@s.whatsapp.net"},"err":{"type":"Error","message":"Received message with old counter: 1, 0","stack":"Error: Received message with old counter: 1, 0\n    at GroupCipher.getSenderKey (file:///Users/mohankalburgi/swaryoga.com-db/swaryoga.com-db/deploy/wa-baileys/node_modules/@whiskeysockets/baileys/lib/Signal/Group/group_cipher.js:62:19)\n    at Object.awaitable (file:///Users/mohankalburgi/swaryoga.com-db/swaryoga.com-db/deploy/wa-baileys/node_modules/@whiskeysockets/baileys/lib/Signal/Group/group_cipher.js:46:36)\n    at process.processTicksAndRejections (node:internal/process/task_queues:103:5)\n    at async _asyncQueueExecutor (file:///Users/mohankalburgi/swaryoga.com-db/swaryoga.com-db/deploy/wa-baileys/node_modules/@whiskeysockets/baileys/lib/Signal/Group/queue-job.js:10:29)"},"msg":"failed to decrypt message"}
[CONNECTED] WhatsApp connected as: 919309986820:75@s.whatsapp.net Swar Yoga
{"level":40,"time":1772728252480,"pid":93202,"hostname":"Mohans-iMac.local","msg":"Timeout in AwaitingInitialSync, forcing state to Online and flushing buffer"}
{"level":50,"time":1772728254056,"pid":93202,"hostname":"Mohans-iMac.local","node":{"tag":"stream:error","attrs":{},"content":[{"tag":"conflict","attrs":{"type":"replaced"}}]},"msg":"stream errored out"}
[DISCONNECTED] Status: 440, intentional: false
[RECONNECT] Attempt 1/50 in 2000ms
[GROUPS] Prefetched 273 group names
[CRASH-GUARD] Unhandled rejection: Error: Connection Closed
    at sendRawMessage (file:///Users/mohankalburgi/swaryoga.com-db/swaryoga.com-db/deploy/wa-baileys/node_modules/@whiskeysockets/baileys/lib/Socket/socket.js:56:19)
    at sendNode (file:///Users/mohankalburgi/swaryoga.com-db/swaryoga.com-db/deploy/wa-baileys/node_modules/@whiskeysockets/baileys/lib/Socket/socket.js:75:16)
    at file:///Users/mohankalburgi/swaryoga.com-db/swaryoga.com-db/deploy/wa-baileys/node_modules/@whiskeysockets/baileys/lib/Socket/messages-send.js:487:19
    at process.processTicksAndRejections (node:internal/process/task_queues:103:5)
    at async Object.transaction (file:///Users/mohankalburgi/swaryoga.com-db/swaryoga.com-db/deploy/wa-baileys/node_modules/@whiskeysockets/baileys/lib/Utils/auth-utils.js:126:26)
    at async relayMessage (file:///Users/mohankalburgi/swaryoga.com-db/swaryoga.com-db/deploy/wa-baileys/node_modules/@whiskeysockets/baileys/lib/Socket/messages-send.js:288:9)
    at async sendPeerDataOperationMessage (file:///Users/mohankalburgi/swaryoga.com-db/swaryoga.com-db/deploy/wa-baileys/node_modules/@whiskeysockets/baileys/lib/Socket/messages-send.js:211:23)
    at async sendRetryRequest (file:///Users/mohankalburgi/swaryoga.com-db/swaryoga.com-db/deploy/wa-baileys/node_modules/@whiskeysockets/baileys/lib/Socket/messages-recv.js:100:27)
    at async file:///Users/mohankalburgi/swaryoga.com-db/swaryoga.com-db/deploy/wa-baileys/node_modules/@whiskeysockets/baileys/lib/Socket/messages-recv.js:661:33
    at async file:///Users/mohankalburgi/swaryoga.com-db/swaryoga.com-db/deploy/wa-baileys/node_modules/@whiskeysockets/baileys/lib/Utils/make-mutex.js:16:36 {
  data: null,
  isBoom: true,
  isServer: false,
  output: {
    statusCode: 428,
    payload: {
      statusCode: 428,
      error: 'Precondition Required',
      message: 'Connection Closed'
    },
    headers: {}
  }
}
[AUTH] Using MongoDB-backed auth state
[BAILEYS] Starting v2.3000.1033846690
{"level":50,"time":1772728257134,"pid":93202,"hostname":"Mohans-iMac.local","key":{"remoteJid":"status@broadcast","fromMe":false,"id":"ACBC3AEDC5D1840BE9A3099EB7AB38B6","participant":"256023050883198@lid","participantPn":"919482408649@s.whatsapp.net"},"err":{"type":"MessageCounterError","message":"Key used already or never filled","stack":"MessageCounterError: Key used already or never filled\n    at SessionCipher.doDecryptWhisperMessage (/Users/mohankalburgi/swaryoga.com-db/swaryoga.com-db/deploy/wa-baileys/node_modules/libsignal/src/session_cipher.js:236:19)\n    at 256023050883198.0 [as awaitable] (/Users/mohankalburgi/swaryoga.com-db/swaryoga.com-db/deploy/wa-baileys/node_modules/libsignal/src/session_cipher.js:207:42)\n    at process.processTicksAndRejections (node:internal/process/task_queues:103:5)\n    at async _asyncQueueExecutor (/Users/mohankalburgi/swaryoga.com-db/swaryoga.com-db/deploy/wa-baileys/node_modules/libsignal/src/queue_job.js:20:29)","name":"MessageCounterError"},"msg":"failed to decrypt message"}
{"level":50,"time":1772728257155,"pid":93202,"hostname":"Mohans-iMac.local","key":{"remoteJid":"status@broadcast","fromMe":false,"id":"ACBC3AEDC5D1840BE9A3099EB7AB38B6","participant":"256023050883198@lid","participantPn":"919482408649@s.whatsapp.net"},"err":{"type":"Error","message":"Received message with old counter: 1, 0","stack":"Error: Received message with old counter: 1, 0\n    at GroupCipher.getSenderKey (file:///Users/mohankalburgi/swaryoga.com-db/swaryoga.com-db/deploy/wa-baileys/node_modules/@whiskeysockets/baileys/lib/Signal/Group/group_cipher.js:62:19)\n    at Object.awaitable (file:///Users/mohankalburgi/swaryoga.com-db/swaryoga.com-db/deploy/wa-baileys/node_modules/@whiskeysockets/baileys/lib/Signal/Group/group_cipher.js:46:36)\n    at process.processTicksAndRejections (node:internal/process/task_queues:103:5)\n    at async _asyncQueueExecutor (file:///Users/mohankalburgi/swaryoga.com-db/swaryoga.com-db/deploy/wa-baileys/node_modules/@whiskeysockets/baileys/lib/Signal/Group/queue-job.js:10:29)"},"msg":"failed to decrypt message"}
[CONNECTED] WhatsApp connected as: 919309986820:75@s.whatsapp.net Swar Yoga
[GROUPS] Failed to prefetch group names: rate-overlimit
{"level":40,"time":1772728258532,"pid":93202,"hostname":"Mohans-iMac.local","msg":"Timeout in AwaitingInitialSync, forcing state to Online and flushing buffer"}
{"level":50,"time":1772728259837,"pid":93202,"hostname":"Mohans-iMac.local","node":{"tag":"stream:error","attrs":{},"content":[{"tag":"conflict","attrs":{"type":"replaced"}}]},"msg":"stream errored out"}
[DISCONNECTED] Status: 440, intentional: false
[RECONNECT] Attempt 1/50 in 2000ms
[AUTH] Using MongoDB-backed auth state
[BAILEYS] Starting v2.3000.1033846690
[CRASH-GUARD] Unhandled rejection: Error: Connection Closed
    at sendRawMessage (file:///Users/mohankalburgi/swaryoga.com-db/swaryoga.com-db/deploy/wa-baileys/node_modules/@whiskeysockets/baileys/lib/Socket/socket.js:56:19)
    at sendNode (file:///Users/mohankalburgi/swaryoga.com-db/swaryoga.com-db/deploy/wa-baileys/node_modules/@whiskeysockets/baileys/lib/Socket/socket.js:75:16)
    at file:///Users/mohankalburgi/swaryoga.com-db/swaryoga.com-db/deploy/wa-baileys/node_modules/@whiskeysockets/baileys/lib/Socket/messages-send.js:487:19
    at process.processTicksAndRejections (node:internal/process/task_queues:103:5)
    at async Object.transaction (file:///Users/mohankalburgi/swaryoga.com-db/swaryoga.com-db/deploy/wa-baileys/node_modules/@whiskeysockets/baileys/lib/Utils/auth-utils.js:126:26)
    at async relayMessage (file:///Users/mohankalburgi/swaryoga.com-db/swaryoga.com-db/deploy/wa-baileys/node_modules/@whiskeysockets/baileys/lib/Socket/messages-send.js:288:9)
    at async sendPeerDataOperationMessage (file:///Users/mohankalburgi/swaryoga.com-db/swaryoga.com-db/deploy/wa-baileys/node_modules/@whiskeysockets/baileys/lib/Socket/messages-send.js:211:23)
    at async sendRetryRequest (file:///Users/mohankalburgi/swaryoga.com-db/swaryoga.com-db/deploy/wa-baileys/node_modules/@whiskeysockets/baileys/lib/Socket/messages-recv.js:100:27)
    at async file:///Users/mohankalburgi/swaryoga.com-db/swaryoga.com-db/deploy/wa-baileys/node_modules/@whiskeysockets/baileys/lib/Socket/messages-recv.js:661:33
    at async file:///Users/mohankalburgi/swaryoga.com-db/swaryoga.com-db/deploy/wa-baileys/node_modules/@whiskeysockets/baileys/lib/Utils/make-mutex.js:16:36 {
  data: null,
  isBoom: true,
  isServer: false,
  output: {
    statusCode: 428,
    payload: {
      statusCode: 428,
      error: 'Precondition Required',
      message: 'Connection Closed'
    },
    headers: {}
  }
}
{"level":50,"time":1772728262962,"pid":93202,"hostname":"Mohans-iMac.local","key":{"remoteJid":"status@broadcast","fromMe":false,"id":"ACBC3AEDC5D1840BE9A3099EB7AB38B6","participant":"256023050883198@lid","participantPn":"919482408649@s.whatsapp.net"},"err":{"type":"MessageCounterError","message":"Key used already or never filled","stack":"MessageCounterError: Key used already or never filled\n    at SessionCipher.doDecryptWhisperMessage (/Users/mohankalburgi/swaryoga.com-db/swaryoga.com-db/deploy/wa-baileys/node_modules/libsignal/src/session_cipher.js:236:19)\n    at 256023050883198.0 [as awaitable] (/Users/mohankalburgi/swaryoga.com-db/swaryoga.com-db/deploy/wa-baileys/node_modules/libsignal/src/session_cipher.js:207:42)\n    at process.processTicksAndRejections (node:internal/process/task_queues:103:5)\n    at async _asyncQueueExecutor (/Users/mohankalburgi/swaryoga.com-db/swaryoga.com-db/deploy/wa-baileys/node_modules/libsignal/src/queue_job.js:20:29)","name":"MessageCounterError"},"msg":"failed to decrypt message"}
{"level":50,"time":1772728262976,"pid":93202,"hostname":"Mohans-iMac.local","key":{"remoteJid":"status@broadcast","fromMe":false,"id":"ACBC3AEDC5D1840BE9A3099EB7AB38B6","participant":"256023050883198@lid","participantPn":"919482408649@s.whatsapp.net"},"err":{"type":"Error","message":"Received message with old counter: 1, 0","stack":"Error: Received message with old counter: 1, 0\n    at GroupCipher.getSenderKey (file:///Users/mohankalburgi/swaryoga.com-db/swaryoga.com-db/deploy/wa-baileys/node_modules/@whiskeysockets/baileys/lib/Signal/Group/group_cipher.js:62:19)\n    at Object.awaitable (file:///Users/mohankalburgi/swaryoga.com-db/swaryoga.com-db/deploy/wa-baileys/node_modules/@whiskeysockets/baileys/lib/Signal/Group/group_cipher.js:46:36)\n    at process.processTicksAndRejections (node:internal/process/task_queues:103:5)\n    at async _asyncQueueExecutor (file:///Users/mohankalburgi/swaryoga.com-db/swaryoga.com-db/deploy/wa-baileys/node_modules/@whiskeysockets/baileys/lib/Signal/Group/queue-job.js:10:29)"},"msg":"failed to decrypt message"}
[CONNECTED] WhatsApp connected as: 919309986820:75@s.whatsapp.net Swar Yoga
{"level":40,"time":1772728264540,"pid":93202,"hostname":"Mohans-iMac.local","msg":"Timeout in AwaitingInitialSync, forcing state to Online and flushing buffer"}
[GROUPS] Prefetched 273 group names
{"level":50,"time":1772728266067,"pid":93202,"hostname":"Mohans-iMac.local","node":{"tag":"stream:error","attrs":{},"content":[{"tag":"conflict","attrs":{"type":"replaced"}}]},"msg":"stream errored out"}
[DISCONNECTED] Status: 440, intentional: false
[RECONNECT] Attempt 1/50 in 2000ms
[CRASH-GUARD] Unhandled rejection: Error: Connection Closed
    at sendRawMessage (file:///Users/mohankalburgi/swaryoga.com-db/swaryoga.com-db/deploy/wa-baileys/node_modules/@whiskeysockets/baileys/lib/Socket/socket.js:56:19)
    at sendNode (file:///Users/mohankalburgi/swaryoga.com-db/swaryoga.com-db/deploy/wa-baileys/node_modules/@whiskeysockets/baileys/lib/Socket/socket.js:75:16)
    at file:///Users/mohankalburgi/swaryoga.com-db/swaryoga.com-db/deploy/wa-baileys/node_modules/@whiskeysockets/baileys/lib/Socket/messages-send.js:487:19
    at process.processTicksAndRejections (node:internal/process/task_queues:103:5)
    at async Object.transaction (file:///Users/mohankalburgi/swaryoga.com-db/swaryoga.com-db/deploy/wa-baileys/node_modules/@whiskeysockets/baileys/lib/Utils/auth-utils.js:126:26)
    at async relayMessage (file:///Users/mohankalburgi/swaryoga.com-db/swaryoga.com-db/deploy/wa-baileys/node_modules/@whiskeysockets/baileys/lib/Socket/messages-send.js:288:9)
    at async sendPeerDataOperationMessage (file:///Users/mohankalburgi/swaryoga.com-db/swaryoga.com-db/deploy/wa-baileys/node_modules/@whiskeysockets/baileys/lib/Socket/messages-send.js:211:23)
    at async sendRetryRequest (file:///Users/mohankalburgi/swaryoga.com-db/swaryoga.com-db/deploy/wa-baileys/node_modules/@whiskeysockets/baileys/lib/Socket/messages-recv.js:100:27)
    at async file:///Users/mohankalburgi/swaryoga.com-db/swaryoga.com-db/deploy/wa-baileys/node_modules/@whiskeysockets/baileys/lib/Socket/messages-recv.js:661:33
    at async file:///Users/mohankalburgi/swaryoga.com-db/swaryoga.com-db/deploy/wa-baileys/node_modules/@whiskeysockets/baileys/lib/Utils/make-mutex.js:16:36 {
  data: null,
  isBoom: true,
  isServer: false,
  output: {
    statusCode: 428,
    payload: {
      statusCode: 428,
      error: 'Precondition Required',
      message: 'Connection Closed'
    },
    headers: {}
  }
}
[AUTH] Using MongoDB-backed auth state
[BAILEYS] Starting v2.3000.1033846690
{"level":50,"time":1772728269192,"pid":93202,"hostname":"Mohans-iMac.local","key":{"remoteJid":"status@broadcast","fromMe":false,"id":"ACBC3AEDC5D1840BE9A3099EB7AB38B6","participant":"256023050883198@lid","participantPn":"919482408649@s.whatsapp.net"},"err":{"type":"MessageCounterError","message":"Key used already or never filled","stack":"MessageCounterError: Key used already or never filled\n    at SessionCipher.doDecryptWhisperMessage (/Users/mohankalburgi/swaryoga.com-db/swaryoga.com-db/deploy/wa-baileys/node_modules/libsignal/src/session_cipher.js:236:19)\n    at 256023050883198.0 [as awaitable] (/Users/mohankalburgi/swaryoga.com-db/swaryoga.com-db/deploy/wa-baileys/node_modules/libsignal/src/session_cipher.js:207:42)\n    at process.processTicksAndRejections (node:internal/process/task_queues:103:5)\n    at async _asyncQueueExecutor (/Users/mohankalburgi/swaryoga.com-db/swaryoga.com-db/deploy/wa-baileys/node_modules/libsignal/src/queue_job.js:20:29)","name":"MessageCounterError"},"msg":"failed to decrypt message"}
{"level":50,"time":1772728269214,"pid":93202,"hostname":"Mohans-iMac.local","key":{"remoteJid":"status@broadcast","fromMe":false,"id":"ACBC3AEDC5D1840BE9A3099EB7AB38B6","participant":"256023050883198@lid","participantPn":"919482408649@s.whatsapp.net"},"err":{"type":"Error","message":"Received message with old counter: 1, 0","stack":"Error: Received message with old counter: 1, 0\n    at GroupCipher.getSenderKey (file:///Users/mohankalburgi/swaryoga.com-db/swaryoga.com-db/deploy/wa-baileys/node_modules/@whiskeysockets/baileys/lib/Signal/Group/group_cipher.js:62:19)\n    at Object.awaitable (file:///Users/mohankalburgi/swaryoga.com-db/swaryoga.com-db/deploy/wa-baileys/node_modules/@whiskeysockets/baileys/lib/Signal/Group/group_cipher.js:46:36)\n    at process.processTicksAndRejections (node:internal/process/task_queues:103:5)\n    at async _asyncQueueExecutor (file:///Users/mohankalburgi/swaryoga.com-db/swaryoga.com-db/deploy/wa-baileys/node_modules/@whiskeysockets/baileys/lib/Signal/Group/queue-job.js:10:29)"},"msg":"failed to decrypt message"}
[CONNECTED] WhatsApp connected as: 919309986820:75@s.whatsapp.net Swar Yoga
{"level":40,"time":1772728270832,"pid":93202,"hostname":"Mohans-iMac.local","msg":"Timeout in AwaitingInitialSync, forcing state to Online and flushing buffer"}
[GROUPS] Prefetched 273 group names
{"level":50,"time":1772728271917,"pid":93202,"hostname":"Mohans-iMac.local","node":{"tag":"stream:error","attrs":{},"content":[{"tag":"conflict","attrs":{"type":"replaced"}}]},"msg":"stream errored out"}
[DISCONNECTED] Status: 440, intentional: false
[RECONNECT] Attempt 1/50 in 2000ms
[AUTH] Using MongoDB-backed auth state
[BAILEYS] Starting v2.3000.1033846690
[CRASH-GUARD] Unhandled rejection: Error: Connection Closed
    at sendRawMessage (file:///Users/mohankalburgi/swaryoga.com-db/swaryoga.com-db/deploy/wa-baileys/node_modules/@whiskeysockets/baileys/lib/Socket/socket.js:56:19)
    at sendNode (file:///Users/mohankalburgi/swaryoga.com-db/swaryoga.com-db/deploy/wa-baileys/node_modules/@whiskeysockets/baileys/lib/Socket/socket.js:75:16)
    at file:///Users/mohankalburgi/swaryoga.com-db/swaryoga.com-db/deploy/wa-baileys/node_modules/@whiskeysockets/baileys/lib/Socket/messages-send.js:487:19
    at process.processTicksAndRejections (node:internal/process/task_queues:103:5)
    at async Object.transaction (file:///Users/mohankalburgi/swaryoga.com-db/swaryoga.com-db/deploy/wa-baileys/node_modules/@whiskeysockets/baileys/lib/Utils/auth-utils.js:126:26)
    at async relayMessage (file:///Users/mohankalburgi/swaryoga.com-db/swaryoga.com-db/deploy/wa-baileys/node_modules/@whiskeysockets/baileys/lib/Socket/messages-send.js:288:9)
    at async sendPeerDataOperationMessage (file:///Users/mohankalburgi/swaryoga.com-db/swaryoga.com-db/deploy/wa-baileys/node_modules/@whiskeysockets/baileys/lib/Socket/messages-send.js:211:23)
    at async sendRetryRequest (file:///Users/mohankalburgi/swaryoga.com-db/swaryoga.com-db/deploy/wa-baileys/node_modules/@whiskeysockets/baileys/lib/Socket/messages-recv.js:100:27)
    at async file:///Users/mohankalburgi/swaryoga.com-db/swaryoga.com-db/deploy/wa-baileys/node_modules/@whiskeysockets/baileys/lib/Socket/messages-recv.js:661:33
    at async file:///Users/mohankalburgi/swaryoga.com-db/swaryoga.com-db/deploy/wa-baileys/node_modules/@whiskeysockets/baileys/lib/Utils/make-mutex.js:16:36 {
  data: null,
  isBoom: true,
  isServer: false,
  output: {
    statusCode: 428,
    payload: {
      statusCode: 428,
      error: 'Precondition Required',
      message: 'Connection Closed'
    },
    headers: {}
  }
}
{"level":50,"time":1772728274956,"pid":93202,"hostname":"Mohans-iMac.local","key":{"remoteJid":"status@broadcast","fromMe":false,"id":"ACBC3AEDC5D1840BE9A3099EB7AB38B6","participant":"256023050883198@lid","participantPn":"919482408649@s.whatsapp.net"},"err":{"type":"MessageCounterError","message":"Key used already or never filled","stack":"MessageCounterError: Key used already or never filled\n    at SessionCipher.doDecryptWhisperMessage (/Users/mohankalburgi/swaryoga.com-db/swaryoga.com-db/deploy/wa-baileys/node_modules/libsignal/src/session_cipher.js:236:19)\n    at 256023050883198.0 [as awaitable] (/Users/mohankalburgi/swaryoga.com-db/swaryoga.com-db/deploy/wa-baileys/node_modules/libsignal/src/session_cipher.js:207:42)\n    at process.processTicksAndRejections (node:internal/process/task_queues:103:5)\n    at async _asyncQueueExecutor (/Users/mohankalburgi/swaryoga.com-db/swaryoga.com-db/deploy/wa-baileys/node_modules/libsignal/src/queue_job.js:20:29)","name":"MessageCounterError"},"msg":"failed to decrypt message"}
{"level":50,"time":1772728274971,"pid":93202,"hostname":"Mohans-iMac.local","key":{"remoteJid":"status@broadcast","fromMe":false,"id":"ACBC3AEDC5D1840BE9A3099EB7AB38B6","participant":"256023050883198@lid","participantPn":"919482408649@s.whatsapp.net"},"err":{"type":"Error","message":"Received message with old counter: 1, 0","stack":"Error: Received message with old counter: 1, 0\n    at GroupCipher.getSenderKey (file:///Users/mohankalburgi/swaryoga.com-db/swaryoga.com-db/deploy/wa-baileys/node_modules/@whiskeysockets/baileys/lib/Signal/Group/group_cipher.js:62:19)\n    at Object.awaitable (file:///Users/mohankalburgi/swaryoga.com-db/swaryoga.com-db/deploy/wa-baileys/node_modules/@whiskeysockets/baileys/lib/Signal/Group/group_cipher.js:46:36)\n    at process.processTicksAndRejections (node:internal/process/task_queues:103:5)\n    at async _asyncQueueExecutor (file:///Users/mohankalburgi/swaryoga.com-db/swaryoga.com-db/deploy/wa-baileys/node_modules/@whiskeysockets/baileys/lib/Signal/Group/queue-job.js:10:29)"},"msg":"failed to decrypt message"}
[CONNECTED] WhatsApp connected as: 919309986820:75@s.whatsapp.net Swar Yoga
{"level":40,"time":1772728277124,"pid":93202,"hostname":"Mohans-iMac.local","msg":"Timeout in AwaitingInitialSync, forcing state to Online and flushing buffer"}
[GROUPS] Prefetched 273 group names
{"level":50,"time":1772728277788,"pid":93202,"hostname":"Mohans-iMac.local","node":{"tag":"stream:error","attrs":{},"content":[{"tag":"conflict","attrs":{"type":"replaced"}}]},"msg":"stream errored out"}
[DISCONNECTED] Status: 440, intentional: false
[RECONNECT] Attempt 1/50 in 2000ms
[AUTH] Using MongoDB-backed auth state
[BAILEYS] Starting v2.3000.1033846690
[CRASH-GUARD] Unhandled rejection: Error: Connection Closed
    at sendRawMessage (file:///Users/mohankalburgi/swaryoga.com-db/swaryoga.com-db/deploy/wa-baileys/node_modules/@whiskeysockets/baileys/lib/Socket/socket.js:56:19)
    at sendNode (file:///Users/mohankalburgi/swaryoga.com-db/swaryoga.com-db/deploy/wa-baileys/node_modules/@whiskeysockets/baileys/lib/Socket/socket.js:75:16)
    at file:///Users/mohankalburgi/swaryoga.com-db/swaryoga.com-db/deploy/wa-baileys/node_modules/@whiskeysockets/baileys/lib/Socket/messages-send.js:487:19
    at process.processTicksAndRejections (node:internal/process/task_queues:103:5)
    at async Object.transaction (file:///Users/mohankalburgi/swaryoga.com-db/swaryoga.com-db/deploy/wa-baileys/node_modules/@whiskeysockets/baileys/lib/Utils/auth-utils.js:126:26)
    at async relayMessage (file:///Users/mohankalburgi/swaryoga.com-db/swaryoga.com-db/deploy/wa-baileys/node_modules/@whiskeysockets/baileys/lib/Socket/messages-send.js:288:9)
    at async sendPeerDataOperationMessage (file:///Users/mohankalburgi/swaryoga.com-db/swaryoga.com-db/deploy/wa-baileys/node_modules/@whiskeysockets/baileys/lib/Socket/messages-send.js:211:23)
    at async sendRetryRequest (file:///Users/mohankalburgi/swaryoga.com-db/swaryoga.com-db/deploy/wa-baileys/node_modules/@whiskeysockets/baileys/lib/Socket/messages-recv.js:100:27)
    at async file:///Users/mohankalburgi/swaryoga.com-db/swaryoga.com-db/deploy/wa-baileys/node_modules/@whiskeysockets/baileys/lib/Socket/messages-recv.js:661:33
    at async file:///Users/mohankalburgi/swaryoga.com-db/swaryoga.com-db/deploy/wa-baileys/node_modules/@whiskeysockets/baileys/lib/Utils/make-mutex.js:16:36 {
  data: null,
  isBoom: true,
  isServer: false,
  output: {
    statusCode: 428,
    payload: {
      statusCode: 428,
      error: 'Precondition Required',
      message: 'Connection Closed'
    },
    headers: {}
  }
}
{"level":50,"time":1772728280922,"pid":93202,"hostname":"Mohans-iMac.local","key":{"remoteJid":"status@broadcast","fromMe":false,"id":"ACBC3AEDC5D1840BE9A3099EB7AB38B6","participant":"256023050883198@lid","participantPn":"919482408649@s.whatsapp.net"},"err":{"type":"MessageCounterError","message":"Key used already or never filled","stack":"MessageCounterError: Key used already or never filled\n    at SessionCipher.doDecryptWhisperMessage (/Users/mohankalburgi/swaryoga.com-db/swaryoga.com-db/deploy/wa-baileys/node_modules/libsignal/src/session_cipher.js:236:19)\n    at 256023050883198.0 [as awaitable] (/Users/mohankalburgi/swaryoga.com-db/swaryoga.com-db/deploy/wa-baileys/node_modules/libsignal/src/session_cipher.js:207:42)\n    at process.processTicksAndRejections (node:internal/process/task_queues:103:5)\n    at async _asyncQueueExecutor (/Users/mohankalburgi/swaryoga.com-db/swaryoga.com-db/deploy/wa-baileys/node_modules/libsignal/src/queue_job.js:20:29)","name":"MessageCounterError"},"msg":"failed to decrypt message"}
{"level":50,"time":1772728280937,"pid":93202,"hostname":"Mohans-iMac.local","key":{"remoteJid":"status@broadcast","fromMe":false,"id":"ACBC3AEDC5D1840BE9A3099EB7AB38B6","participant":"256023050883198@lid","participantPn":"919482408649@s.whatsapp.net"},"err":{"type":"Error","message":"Received message with old counter: 1, 0","stack":"Error: Received message with old counter: 1, 0\n    at GroupCipher.getSenderKey (file:///Users/mohankalburgi/swaryoga.com-db/swaryoga.com-db/deploy/wa-baileys/node_modules/@whiskeysockets/baileys/lib/Signal/Group/group_cipher.js:62:19)\n    at Object.awaitable (file:///Users/mohankalburgi/swaryoga.com-db/swaryoga.com-db/deploy/wa-baileys/node_modules/@whiskeysockets/baileys/lib/Signal/Group/group_cipher.js:46:36)\n    at process.processTicksAndRejections (node:internal/process/task_queues:103:5)\n    at async _asyncQueueExecutor (file:///Users/mohankalburgi/swaryoga.com-db/swaryoga.com-db/deploy/wa-baileys/node_modules/@whiskeysockets/baileys/lib/Signal/Group/queue-job.js:10:29)"},"msg":"failed to decrypt message"}
[CONNECTED] WhatsApp connected as: 919309986820:75@s.whatsapp.net Swar Yoga
{"level":40,"time":1772728282972,"pid":93202,"hostname":"Mohans-iMac.local","msg":"Timeout in AwaitingInitialSync, forcing state to Online and flushing buffer"}
[GROUPS] Prefetched 273 group names
{"level":50,"time":1772728285189,"pid":93202,"hostname":"Mohans-iMac.local","node":{"tag":"stream:error","attrs":{},"content":[{"tag":"conflict","attrs":{"type":"replaced"}}]},"msg":"stream errored out"}
[DISCONNECTED] Status: 440, intentional: false
[RECONNECT] Attempt 1/50 in 2000ms
[CRASH-GUARD] Unhandled rejection: Error: Connection Closed
    at sendRawMessage (file:///Users/mohankalburgi/swaryoga.com-db/swaryoga.com-db/deploy/wa-baileys/node_modules/@whiskeysockets/baileys/lib/Socket/socket.js:56:19)
    at sendNode (file:///Users/mohankalburgi/swaryoga.com-db/swaryoga.com-db/deploy/wa-baileys/node_modules/@whiskeysockets/baileys/lib/Socket/socket.js:75:16)
    at file:///Users/mohankalburgi/swaryoga.com-db/swaryoga.com-db/deploy/wa-baileys/node_modules/@whiskeysockets/baileys/lib/Socket/messages-send.js:487:19
    at process.processTicksAndRejections (node:internal/process/task_queues:103:5)
    at async Object.transaction (file:///Users/mohankalburgi/swaryoga.com-db/swaryoga.com-db/deploy/wa-baileys/node_modules/@whiskeysockets/baileys/lib/Utils/auth-utils.js:126:26)
    at async relayMessage (file:///Users/mohankalburgi/swaryoga.com-db/swaryoga.com-db/deploy/wa-baileys/node_modules/@whiskeysockets/baileys/lib/Socket/messages-send.js:288:9)
    at async sendPeerDataOperationMessage (file:///Users/mohankalburgi/swaryoga.com-db/swaryoga.com-db/deploy/wa-baileys/node_modules/@whiskeysockets/baileys/lib/Socket/messages-send.js:211:23)
    at async sendRetryRequest (file:///Users/mohankalburgi/swaryoga.com-db/swaryoga.com-db/deploy/wa-baileys/node_modules/@whiskeysockets/baileys/lib/Socket/messages-recv.js:100:27)
    at async file:///Users/mohankalburgi/swaryoga.com-db/swaryoga.com-db/deploy/wa-baileys/node_modules/@whiskeysockets/baileys/lib/Socket/messages-recv.js:661:33
    at async file:///Users/mohankalburgi/swaryoga.com-db/swaryoga.com-db/deploy/wa-baileys/node_modules/@whiskeysockets/baileys/lib/Utils/make-mutex.js:16:36 {
  data: null,
  isBoom: true,
  isServer: false,
  output: {
    statusCode: 428,
    payload: {
      statusCode: 428,
      error: 'Precondition Required',
      message: 'Connection Closed'
    },
    headers: {}
  }
}
[AUTH] Using MongoDB-backed auth state
[BAILEYS] Starting v2.3000.1033846690
{"level":50,"time":1772728288200,"pid":93202,"hostname":"Mohans-iMac.local","key":{"remoteJid":"status@broadcast","fromMe":false,"id":"ACBC3AEDC5D1840BE9A3099EB7AB38B6","participant":"256023050883198@lid","participantPn":"919482408649@s.whatsapp.net"},"err":{"type":"MessageCounterError","message":"Key used already or never filled","stack":"MessageCounterError: Key used already or never filled\n    at SessionCipher.doDecryptWhisperMessage (/Users/mohankalburgi/swaryoga.com-db/swaryoga.com-db/deploy/wa-baileys/node_modules/libsignal/src/session_cipher.js:236:19)\n    at 256023050883198.0 [as awaitable] (/Users/mohankalburgi/swaryoga.com-db/swaryoga.com-db/deploy/wa-baileys/node_modules/libsignal/src/session_cipher.js:207:42)\n    at process.processTicksAndRejections (node:internal/process/task_queues:103:5)\n    at async _asyncQueueExecutor (/Users/mohankalburgi/swaryoga.com-db/swaryoga.com-db/deploy/wa-baileys/node_modules/libsignal/src/queue_job.js:20:29)","name":"MessageCounterError"},"msg":"failed to decrypt message"}
{"level":50,"time":1772728288218,"pid":93202,"hostname":"Mohans-iMac.local","key":{"remoteJid":"status@broadcast","fromMe":false,"id":"ACBC3AEDC5D1840BE9A3099EB7AB38B6","participant":"256023050883198@lid","participantPn":"919482408649@s.whatsapp.net"},"err":{"type":"Error","message":"Received message with old counter: 1, 0","stack":"Error: Received message with old counter: 1, 0\n    at GroupCipher.getSenderKey (file:///Users/mohankalburgi/swaryoga.com-db/swaryoga.com-db/deploy/wa-baileys/node_modules/@whiskeysockets/baileys/lib/Signal/Group/group_cipher.js:62:19)\n    at Object.awaitable (file:///Users/mohankalburgi/swaryoga.com-db/swaryoga.com-db/deploy/wa-baileys/node_modules/@whiskeysockets/baileys/lib/Signal/Group/group_cipher.js:46:36)\n    at process.processTicksAndRejections (node:internal/process/task_queues:103:5)\n    at async _asyncQueueExecutor (file:///Users/mohankalburgi/swaryoga.com-db/swaryoga.com-db/deploy/wa-baileys/node_modules/@whiskeysockets/baileys/lib/Signal/Group/queue-job.js:10:29)"},"msg":"failed to decrypt message"}
[CONNECTED] WhatsApp connected as: 919309986820:75@s.whatsapp.net Swar Yoga
{"level":40,"time":1772728289185,"pid":93202,"hostname":"Mohans-iMac.local","msg":"Timeout in AwaitingInitialSync, forcing state to Online and flushing buffer"}
{"level":50,"time":1772728291810,"pid":93202,"hostname":"Mohans-iMac.local","node":{"tag":"stream:error","attrs":{},"content":[{"tag":"conflict","attrs":{"type":"replaced"}}]},"msg":"stream errored out"}
[DISCONNECTED] Status: 440, intentional: false
[RECONNECT] Attempt 1/50 in 2000ms
[GROUPS] Prefetched 273 group names
[CRASH-GUARD] Unhandled rejection: Error: Connection Closed
    at sendRawMessage (file:///Users/mohankalburgi/swaryoga.com-db/swaryoga.com-db/deploy/wa-baileys/node_modules/@whiskeysockets/baileys/lib/Socket/socket.js:56:19)
    at sendNode (file:///Users/mohankalburgi/swaryoga.com-db/swaryoga.com-db/deploy/wa-baileys/node_modules/@whiskeysockets/baileys/lib/Socket/socket.js:75:16)
    at file:///Users/mohankalburgi/swaryoga.com-db/swaryoga.com-db/deploy/wa-baileys/node_modules/@whiskeysockets/baileys/lib/Socket/messages-send.js:487:19
    at process.processTicksAndRejections (node:internal/process/task_queues:103:5)
    at async Object.transaction (file:///Users/mohankalburgi/swaryoga.com-db/swaryoga.com-db/deploy/wa-baileys/node_modules/@whiskeysockets/baileys/lib/Utils/auth-utils.js:126:26)
    at async relayMessage (file:///Users/mohankalburgi/swaryoga.com-db/swaryoga.com-db/deploy/wa-baileys/node_modules/@whiskeysockets/baileys/lib/Socket/messages-send.js:288:9)
    at async sendPeerDataOperationMessage (file:///Users/mohankalburgi/swaryoga.com-db/swaryoga.com-db/deploy/wa-baileys/node_modules/@whiskeysockets/baileys/lib/Socket/messages-send.js:211:23)
    at async sendRetryRequest (file:///Users/mohankalburgi/swaryoga.com-db/swaryoga.com-db/deploy/wa-baileys/node_modules/@whiskeysockets/baileys/lib/Socket/messages-recv.js:100:27)
    at async file:///Users/mohankalburgi/swaryoga.com-db/swaryoga.com-db/deploy/wa-baileys/node_modules/@whiskeysockets/baileys/lib/Socket/messages-recv.js:661:33
    at async file:///Users/mohankalburgi/swaryoga.com-db/swaryoga.com-db/deploy/wa-baileys/node_modules/@whiskeysockets/baileys/lib/Utils/make-mutex.js:16:36 {
  data: null,
  isBoom: true,
  isServer: false,
  output: {
    statusCode: 428,
    payload: {
      statusCode: 428,
      error: 'Precondition Required',
      message: 'Connection Closed'
    },
    headers: {}
  }
}
[AUTH] Using MongoDB-backed auth state
[BAILEYS] Starting v2.3000.1033846690
{"level":40,"time":1772728294946,"pid":93202,"hostname":"Mohans-iMac.local","msg":"Timeout in AwaitingInitialSync, forcing state to Online and flushing buffer"}
{"level":50,"time":1772728295008,"pid":93202,"hostname":"Mohans-iMac.local","key":{"remoteJid":"status@broadcast","fromMe":false,"id":"ACBC3AEDC5D1840BE9A3099EB7AB38B6","participant":"256023050883198@lid","participantPn":"919482408649@s.whatsapp.net"},"err":{"type":"MessageCounterError","message":"Key used already or never filled","stack":"MessageCounterError: Key used already or never filled\n    at SessionCipher.doDecryptWhisperMessage (/Users/mohankalburgi/swaryoga.com-db/swaryoga.com-db/deploy/wa-baileys/node_modules/libsignal/src/session_cipher.js:236:19)\n    at 256023050883198.0 [as awaitable] (/Users/mohankalburgi/swaryoga.com-db/swaryoga.com-db/deploy/wa-baileys/node_modules/libsignal/src/session_cipher.js:207:42)\n    at process.processTicksAndRejections (node:internal/process/task_queues:103:5)\n    at async _asyncQueueExecutor (/Users/mohankalburgi/swaryoga.com-db/swaryoga.com-db/deploy/wa-baileys/node_modules/libsignal/src/queue_job.js:20:29)","name":"MessageCounterError"},"msg":"failed to decrypt message"}
{"level":50,"time":1772728295024,"pid":93202,"hostname":"Mohans-iMac.local","key":{"remoteJid":"status@broadcast","fromMe":false,"id":"ACBC3AEDC5D1840BE9A3099EB7AB38B6","participant":"256023050883198@lid","participantPn":"919482408649@s.whatsapp.net"},"err":{"type":"Error","message":"Received message with old counter: 1, 0","stack":"Error: Received message with old counter: 1, 0\n    at GroupCipher.getSenderKey (file:///Users/mohankalburgi/swaryoga.com-db/swaryoga.com-db/deploy/wa-baileys/node_modules/@whiskeysockets/baileys/lib/Signal/Group/group_cipher.js:62:19)\n    at Object.awaitable (file:///Users/mohankalburgi/swaryoga.com-db/swaryoga.com-db/deploy/wa-baileys/node_modules/@whiskeysockets/baileys/lib/Signal/Group/group_cipher.js:46:36)\n    at process.processTicksAndRejections (node:internal/process/task_queues:103:5)\n    at async _asyncQueueExecutor (file:///Users/mohankalburgi/swaryoga.com-db/swaryoga.com-db/deploy/wa-baileys/node_modules/@whiskeysockets/baileys/lib/Signal/Group/queue-job.js:10:29)"},"msg":"failed to decrypt message"}
[CONNECTED] WhatsApp connected as: 919309986820:75@s.whatsapp.net Swar Yoga
[GROUPS] Failed to prefetch group names: rate-overlimit
{"level":50,"time":1772728297579,"pid":93202,"hostname":"Mohans-iMac.local","node":{"tag":"stream:error","attrs":{},"content":[{"tag":"conflict","attrs":{"type":"replaced"}}]},"msg":"stream errored out"}
[DISCONNECTED] Status: 440, intentional: false
[RECONNECT] Attempt 1/50 in 2000ms
[AUTH] Using MongoDB-backed auth state
[BAILEYS] Starting v2.3000.1033846690
[CRASH-GUARD] Unhandled rejection: Error: Connection Closed
    at sendRawMessage (file:///Users/mohankalburgi/swaryoga.com-db/swaryoga.com-db/deploy/wa-baileys/node_modules/@whiskeysockets/baileys/lib/Socket/socket.js:56:19)
    at sendNode (file:///Users/mohankalburgi/swaryoga.com-db/swaryoga.com-db/deploy/wa-baileys/node_modules/@whiskeysockets/baileys/lib/Socket/socket.js:75:16)
    at file:///Users/mohankalburgi/swaryoga.com-db/swaryoga.com-db/deploy/wa-baileys/node_modules/@whiskeysockets/baileys/lib/Socket/messages-send.js:487:19
    at process.processTicksAndRejections (node:internal/process/task_queues:103:5)
    at async Object.transaction (file:///Users/mohankalburgi/swaryoga.com-db/swaryoga.com-db/deploy/wa-baileys/node_modules/@whiskeysockets/baileys/lib/Utils/auth-utils.js:126:26)
    at async relayMessage (file:///Users/mohankalburgi/swaryoga.com-db/swaryoga.com-db/deploy/wa-baileys/node_modules/@whiskeysockets/baileys/lib/Socket/messages-send.js:288:9)
    at async sendPeerDataOperationMessage (file:///Users/mohankalburgi/swaryoga.com-db/swaryoga.com-db/deploy/wa-baileys/node_modules/@whiskeysockets/baileys/lib/Socket/messages-send.js:211:23)
    at async sendRetryRequest (file:///Users/mohankalburgi/swaryoga.com-db/swaryoga.com-db/deploy/wa-baileys/node_modules/@whiskeysockets/baileys/lib/Socket/messages-recv.js:100:27)
    at async file:///Users/mohankalburgi/swaryoga.com-db/swaryoga.com-db/deploy/wa-baileys/node_modules/@whiskeysockets/baileys/lib/Socket/messages-recv.js:661:33
    at async file:///Users/mohankalburgi/swaryoga.com-db/swaryoga.com-db/deploy/wa-baileys/node_modules/@whiskeysockets/baileys/lib/Utils/make-mutex.js:16:36 {
  data: null,
  isBoom: true,
  isServer: false,
  output: {
    statusCode: 428,
    payload: {
      statusCode: 428,
      error: 'Precondition Required',
      message: 'Connection Closed'
    },
    headers: {}
  }
}
{"level":50,"time":1772728300712,"pid":93202,"hostname":"Mohans-iMac.local","key":{"remoteJid":"status@broadcast","fromMe":false,"id":"ACBC3AEDC5D1840BE9A3099EB7AB38B6","participant":"256023050883198@lid","participantPn":"919482408649@s.whatsapp.net"},"err":{"type":"MessageCounterError","message":"Key used already or never filled","stack":"MessageCounterError: Key used already or never filled\n    at SessionCipher.doDecryptWhisperMessage (/Users/mohankalburgi/swaryoga.com-db/swaryoga.com-db/deploy/wa-baileys/node_modules/libsignal/src/session_cipher.js:236:19)\n    at 256023050883198.0 [as awaitable] (/Users/mohankalburgi/swaryoga.com-db/swaryoga.com-db/deploy/wa-baileys/node_modules/libsignal/src/session_cipher.js:207:42)\n    at process.processTicksAndRejections (node:internal/process/task_queues:103:5)\n    at async _asyncQueueExecutor (/Users/mohankalburgi/swaryoga.com-db/swaryoga.com-db/deploy/wa-baileys/node_modules/libsignal/src/queue_job.js:20:29)","name":"MessageCounterError"},"msg":"failed to decrypt message"}
{"level":50,"time":1772728300729,"pid":93202,"hostname":"Mohans-iMac.local","key":{"remoteJid":"status@broadcast","fromMe":false,"id":"ACBC3AEDC5D1840BE9A3099EB7AB38B6","participant":"256023050883198@lid","participantPn":"919482408649@s.whatsapp.net"},"err":{"type":"Error","message":"Received message with old counter: 1, 0","stack":"Error: Received message with old counter: 1, 0\n    at GroupCipher.getSenderKey (file:///Users/mohankalburgi/swaryoga.com-db/swaryoga.com-db/deploy/wa-baileys/node_modules/@whiskeysockets/baileys/lib/Signal/Group/group_cipher.js:62:19)\n    at Object.awaitable (file:///Users/mohankalburgi/swaryoga.com-db/swaryoga.com-db/deploy/wa-baileys/node_modules/@whiskeysockets/baileys/lib/Signal/Group/group_cipher.js:46:36)\n    at process.processTicksAndRejections (node:internal/process/task_queues:103:5)\n    at async _asyncQueueExecutor (file:///Users/mohankalburgi/swaryoga.com-db/swaryoga.com-db/deploy/wa-baileys/node_modules/@whiskeysockets/baileys/lib/Signal/Group/queue-job.js:10:29)"},"msg":"failed to decrypt message"}
{"level":40,"time":1772728300929,"pid":93202,"hostname":"Mohans-iMac.local","msg":"Timeout in AwaitingInitialSync, forcing state to Online and flushing buffer"}
[CONNECTED] WhatsApp connected as: 919309986820:75@s.whatsapp.net Swar Yoga
{"level":50,"time":1772728303870,"pid":93202,"hostname":"Mohans-iMac.local","node":{"tag":"stream:error","attrs":{},"content":[{"tag":"conflict","attrs":{"type":"replaced"}}]},"msg":"stream errored out"}
[DISCONNECTED] Status: 440, intentional: false
[RECONNECT] Attempt 1/50 in 2000ms
[GROUPS] Prefetched 273 group names
[CRASH-GUARD] Unhandled rejection: Error: Connection Closed
    at sendRawMessage (file:///Users/mohankalburgi/swaryoga.com-db/swaryoga.com-db/deploy/wa-baileys/node_modules/@whiskeysockets/baileys/lib/Socket/socket.js:56:19)
    at sendNode (file:///Users/mohankalburgi/swaryoga.com-db/swaryoga.com-db/deploy/wa-baileys/node_modules/@whiskeysockets/baileys/lib/Socket/socket.js:75:16)
    at file:///Users/mohankalburgi/swaryoga.com-db/swaryoga.com-db/deploy/wa-baileys/node_modules/@whiskeysockets/baileys/lib/Socket/messages-send.js:487:19
    at process.processTicksAndRejections (node:internal/process/task_queues:103:5)
    at async Object.transaction (file:///Users/mohankalburgi/swaryoga.com-db/swaryoga.com-db/deploy/wa-baileys/node_modules/@whiskeysockets/baileys/lib/Utils/auth-utils.js:126:26)
    at async relayMessage (file:///Users/mohankalburgi/swaryoga.com-db/swaryoga.com-db/deploy/wa-baileys/node_modules/@whiskeysockets/baileys/lib/Socket/messages-send.js:288:9)
    at async sendPeerDataOperationMessage (file:///Users/mohankalburgi/swaryoga.com-db/swaryoga.com-db/deploy/wa-baileys/node_modules/@whiskeysockets/baileys/lib/Socket/messages-send.js:211:23)
    at async sendRetryRequest (file:///Users/mohankalburgi/swaryoga.com-db/swaryoga.com-db/deploy/wa-baileys/node_modules/@whiskeysockets/baileys/lib/Socket/messages-recv.js:100:27)
    at async file:///Users/mohankalburgi/swaryoga.com-db/swaryoga.com-db/deploy/wa-baileys/node_modules/@whiskeysockets/baileys/lib/Socket/messages-recv.js:661:33
    at async file:///Users/mohankalburgi/swaryoga.com-db/swaryoga.com-db/deploy/wa-baileys/node_modules/@whiskeysockets/baileys/lib/Utils/make-mutex.js:16:36 {
  data: null,
  isBoom: true,
  isServer: false,
  output: {
    statusCode: 428,
    payload: {
      statusCode: 428,
      error: 'Precondition Required',
      message: 'Connection Closed'
    },
    headers: {}
  }
}
[AUTH] Using MongoDB-backed auth state
[BAILEYS] Starting v2.3000.1033846690
{"level":50,"time":1772728306942,"pid":93202,"hostname":"Mohans-iMac.local","key":{"remoteJid":"status@broadcast","fromMe":false,"id":"ACBC3AEDC5D1840BE9A3099EB7AB38B6","participant":"256023050883198@lid","participantPn":"919482408649@s.whatsapp.net"},"err":{"type":"MessageCounterError","message":"Key used already or never filled","stack":"MessageCounterError: Key used already or never filled\n    at SessionCipher.doDecryptWhisperMessage (/Users/mohankalburgi/swaryoga.com-db/swaryoga.com-db/deploy/wa-baileys/node_modules/libsignal/src/session_cipher.js:236:19)\n    at 256023050883198.0 [as awaitable] (/Users/mohankalburgi/swaryoga.com-db/swaryoga.com-db/deploy/wa-baileys/node_modules/libsignal/src/session_cipher.js:207:42)\n    at process.processTicksAndRejections (node:internal/process/task_queues:103:5)\n    at async _asyncQueueExecutor (/Users/mohankalburgi/swaryoga.com-db/swaryoga.com-db/deploy/wa-baileys/node_modules/libsignal/src/queue_job.js:20:29)","name":"MessageCounterError"},"msg":"failed to decrypt message"}
{"level":50,"time":1772728306959,"pid":93202,"hostname":"Mohans-iMac.local","key":{"remoteJid":"status@broadcast","fromMe":false,"id":"ACBC3AEDC5D1840BE9A3099EB7AB38B6","participant":"256023050883198@lid","participantPn":"919482408649@s.whatsapp.net"},"err":{"type":"Error","message":"Received message with old counter: 1, 0","stack":"Error: Received message with old counter: 1, 0\n    at GroupCipher.getSenderKey (file:///Users/mohankalburgi/swaryoga.com-db/swaryoga.com-db/deploy/wa-baileys/node_modules/@whiskeysockets/baileys/lib/Signal/Group/group_cipher.js:62:19)\n    at Object.awaitable (file:///Users/mohankalburgi/swaryoga.com-db/swaryoga.com-db/deploy/wa-baileys/node_modules/@whiskeysockets/baileys/lib/Signal/Group/group_cipher.js:46:36)\n    at process.processTicksAndRejections (node:internal/process/task_queues:103:5)\n    at async _asyncQueueExecutor (file:///Users/mohankalburgi/swaryoga.com-db/swaryoga.com-db/deploy/wa-baileys/node_modules/@whiskeysockets/baileys/lib/Signal/Group/queue-job.js:10:29)"},"msg":"failed to decrypt message"}
[CONNECTED] WhatsApp connected as: 919309986820:75@s.whatsapp.net Swar Yoga
{"level":40,"time":1772728308208,"pid":93202,"hostname":"Mohans-iMac.local","msg":"Timeout in AwaitingInitialSync, forcing state to Online and flushing buffer"}
[GROUPS] Prefetched 273 group names
{"level":50,"time":1772728310074,"pid":93202,"hostname":"Mohans-iMac.local","node":{"tag":"stream:error","attrs":{},"content":[{"tag":"conflict","attrs":{"type":"replaced"}}]},"msg":"stream errored out"}
[DISCONNECTED] Status: 440, intentional: false
[RECONNECT] Attempt 1/50 in 2000ms
[CRASH-GUARD] Unhandled rejection: Error: Connection Closed
    at sendRawMessage (file:///Users/mohankalburgi/swaryoga.com-db/swaryoga.com-db/deploy/wa-baileys/node_modules/@whiskeysockets/baileys/lib/Socket/socket.js:56:19)
    at sendNode (file:///Users/mohankalburgi/swaryoga.com-db/swaryoga.com-db/deploy/wa-baileys/node_modules/@whiskeysockets/baileys/lib/Socket/socket.js:75:16)
    at file:///Users/mohankalburgi/swaryoga.com-db/swaryoga.com-db/deploy/wa-baileys/node_modules/@whiskeysockets/baileys/lib/Socket/messages-send.js:487:19
    at process.processTicksAndRejections (node:internal/process/task_queues:103:5)
    at async Object.transaction (file:///Users/mohankalburgi/swaryoga.com-db/swaryoga.com-db/deploy/wa-baileys/node_modules/@whiskeysockets/baileys/lib/Utils/auth-utils.js:126:26)
    at async relayMessage (file:///Users/mohankalburgi/swaryoga.com-db/swaryoga.com-db/deploy/wa-baileys/node_modules/@whiskeysockets/baileys/lib/Socket/messages-send.js:288:9)
    at async sendPeerDataOperationMessage (file:///Users/mohankalburgi/swaryoga.com-db/swaryoga.com-db/deploy/wa-baileys/node_modules/@whiskeysockets/baileys/lib/Socket/messages-send.js:211:23)
    at async sendRetryRequest (file:///Users/mohankalburgi/swaryoga.com-db/swaryoga.com-db/deploy/wa-baileys/node_modules/@whiskeysockets/baileys/lib/Socket/messages-recv.js:100:27)
    at async file:///Users/mohankalburgi/swaryoga.com-db/swaryoga.com-db/deploy/wa-baileys/node_modules/@whiskeysockets/baileys/lib/Socket/messages-recv.js:661:33
    at async file:///Users/mohankalburgi/swaryoga.com-db/swaryoga.com-db/deploy/wa-baileys/node_modules/@whiskeysockets/baileys/lib/Utils/make-mutex.js:16:36 {
  data: null,
  isBoom: true,
  isServer: false,
  output: {
    statusCode: 428,
    payload: {
      statusCode: 428,
      error: 'Precondition Required',
      message: 'Connection Closed'
    },
    headers: {}
  }
}
[AUTH] Using MongoDB-backed auth state
[BAILEYS] Starting v2.3000.1033846690
{"level":50,"time":1772728313271,"pid":93202,"hostname":"Mohans-iMac.local","key":{"remoteJid":"status@broadcast","fromMe":false,"id":"ACBC3AEDC5D1840BE9A3099EB7AB38B6","participant":"256023050883198@lid","participantPn":"919482408649@s.whatsapp.net"},"err":{"type":"MessageCounterError","message":"Key used already or never filled","stack":"MessageCounterError: Key used already or never filled\n    at SessionCipher.doDecryptWhisperMessage (/Users/mohankalburgi/swaryoga.com-db/swaryoga.com-db/deploy/wa-baileys/node_modules/libsignal/src/session_cipher.js:236:19)\n    at 256023050883198.0 [as awaitable] (/Users/mohankalburgi/swaryoga.com-db/swaryoga.com-db/deploy/wa-baileys/node_modules/libsignal/src/session_cipher.js:207:42)\n    at process.processTicksAndRejections (node:internal/process/task_queues:103:5)\n    at async _asyncQueueExecutor (/Users/mohankalburgi/swaryoga.com-db/swaryoga.com-db/deploy/wa-baileys/node_modules/libsignal/src/queue_job.js:20:29)","name":"MessageCounterError"},"msg":"failed to decrypt message"}
{"level":50,"time":1772728313287,"pid":93202,"hostname":"Mohans-iMac.local","key":{"remoteJid":"status@broadcast","fromMe":false,"id":"ACBC3AEDC5D1840BE9A3099EB7AB38B6","participant":"256023050883198@lid","participantPn":"919482408649@s.whatsapp.net"},"err":{"type":"Error","message":"Received message with old counter: 1, 0","stack":"Error: Received message with old counter: 1, 0\n    at GroupCipher.getSenderKey (file:///Users/mohankalburgi/swaryoga.com-db/swaryoga.com-db/deploy/wa-baileys/node_modules/@whiskeysockets/baileys/lib/Signal/Group/group_cipher.js:62:19)\n    at Object.awaitable (file:///Users/mohankalburgi/swaryoga.com-db/swaryoga.com-db/deploy/wa-baileys/node_modules/@whiskeysockets/baileys/lib/Signal/Group/group_cipher.js:46:36)\n    at process.processTicksAndRejections (node:internal/process/task_queues:103:5)\n    at async _asyncQueueExecutor (file:///Users/mohankalburgi/swaryoga.com-db/swaryoga.com-db/deploy/wa-baileys/node_modules/@whiskeysockets/baileys/lib/Signal/Group/queue-job.js:10:29)"},"msg":"failed to decrypt message"}
{"level":50,"time":1772728313301,"pid":93202,"hostname":"Mohans-iMac.local","key":{"remoteJid":"status@broadcast","fromMe":false,"id":"ACF3A410161D804636FD1E59E08BCA7E","participant":"103508846067866@lid","participantPn":"919826262564@s.whatsapp.net"},"err":{"type":"Error","message":"Received message with old counter: 3, 2","stack":"Error: Received message with old counter: 3, 2\n    at GroupCipher.getSenderKey (file:///Users/mohankalburgi/swaryoga.com-db/swaryoga.com-db/deploy/wa-baileys/node_modules/@whiskeysockets/baileys/lib/Signal/Group/group_cipher.js:62:19)\n    at Object.awaitable (file:///Users/mohankalburgi/swaryoga.com-db/swaryoga.com-db/deploy/wa-baileys/node_modules/@whiskeysockets/baileys/lib/Signal/Group/group_cipher.js:46:36)\n    at process.processTicksAndRejections (node:internal/process/task_queues:103:5)\n    at async _asyncQueueExecutor (file:///Users/mohankalburgi/swaryoga.com-db/swaryoga.com-db/deploy/wa-baileys/node_modules/@whiskeysockets/baileys/lib/Signal/Group/queue-job.js:10:29)"},"msg":"failed to decrypt message"}
[CONNECTED] WhatsApp connected as: 919309986820:75@s.whatsapp.net Swar Yoga
{"level":40,"time":1772728314999,"pid":93202,"hostname":"Mohans-iMac.local","msg":"Timeout in AwaitingInitialSync, forcing state to Online and flushing buffer"}
{"level":50,"time":1772728316651,"pid":93202,"hostname":"Mohans-iMac.local","node":{"tag":"stream:error","attrs":{},"content":[{"tag":"conflict","attrs":{"type":"replaced"}}]},"msg":"stream errored out"}
[DISCONNECTED] Status: 440, intentional: false
[RECONNECT] Attempt 1/50 in 2000ms
[GROUPS] Prefetched 273 group names
[AUTH] Using MongoDB-backed auth state
[BAILEYS] Starting v2.3000.1033846690
{"level":50,"time":1772728319753,"pid":93202,"hostname":"Mohans-iMac.local","key":{"remoteJid":"status@broadcast","fromMe":false,"id":"ACBC3AEDC5D1840BE9A3099EB7AB38B6","participant":"256023050883198@lid","participantPn":"919482408649@s.whatsapp.net"},"err":{"type":"MessageCounterError","message":"Key used already or never filled","stack":"MessageCounterError: Key used already or never filled\n    at SessionCipher.doDecryptWhisperMessage (/Users/mohankalburgi/swaryoga.com-db/swaryoga.com-db/deploy/wa-baileys/node_modules/libsignal/src/session_cipher.js:236:19)\n    at 256023050883198.0 [as awaitable] (/Users/mohankalburgi/swaryoga.com-db/swaryoga.com-db/deploy/wa-baileys/node_modules/libsignal/src/session_cipher.js:207:42)\n    at process.processTicksAndRejections (node:internal/process/task_queues:103:5)\n    at async _asyncQueueExecutor (/Users/mohankalburgi/swaryoga.com-db/swaryoga.com-db/deploy/wa-baileys/node_modules/libsignal/src/queue_job.js:20:29)","name":"MessageCounterError"},"msg":"failed to decrypt message"}
{"level":50,"time":1772728319769,"pid":93202,"hostname":"Mohans-iMac.local","key":{"remoteJid":"status@broadcast","fromMe":false,"id":"ACBC3AEDC5D1840BE9A3099EB7AB38B6","participant":"256023050883198@lid","participantPn":"919482408649@s.whatsapp.net"},"err":{"type":"Error","message":"Received message with old counter: 1, 0","stack":"Error: Received message with old counter: 1, 0\n    at GroupCipher.getSenderKey (file:///Users/mohankalburgi/swaryoga.com-db/swaryoga.com-db/deploy/wa-baileys/node_modules/@whiskeysockets/baileys/lib/Signal/Group/group_cipher.js:62:19)\n    at Object.awaitable (file:///Users/mohankalburgi/swaryoga.com-db/swaryoga.com-db/deploy/wa-baileys/node_modules/@whiskeysockets/baileys/lib/Signal/Group/group_cipher.js:46:36)\n    at process.processTicksAndRejections (node:internal/process/task_queues:103:5)\n    at async _asyncQueueExecutor (file:///Users/mohankalburgi/swaryoga.com-db/swaryoga.com-db/deploy/wa-baileys/node_modules/@whiskeysockets/baileys/lib/Signal/Group/queue-job.js:10:29)"},"msg":"failed to decrypt message"}
{"level":50,"time":1772728319783,"pid":93202,"hostname":"Mohans-iMac.local","key":{"remoteJid":"status@broadcast","fromMe":false,"id":"ACF3A410161D804636FD1E59E08BCA7E","participant":"103508846067866@lid","participantPn":"919826262564@s.whatsapp.net"},"err":{"type":"Error","message":"Received message with old counter: 3, 2","stack":"Error: Received message with old counter: 3, 2\n    at GroupCipher.getSenderKey (file:///Users/mohankalburgi/swaryoga.com-db/swaryoga.com-db/deploy/wa-baileys/node_modules/@whiskeysockets/baileys/lib/Signal/Group/group_cipher.js:62:19)\n    at Object.awaitable (file:///Users/mohankalburgi/swaryoga.com-db/swaryoga.com-db/deploy/wa-baileys/node_modules/@whiskeysockets/baileys/lib/Signal/Group/group_cipher.js:46:36)\n    at process.processTicksAndRejections (node:internal/process/task_queues:103:5)\n    at async _asyncQueueExecutor (file:///Users/mohankalburgi/swaryoga.com-db/swaryoga.com-db/deploy/wa-baileys/node_modules/@whiskeysockets/baileys/lib/Signal/Group/queue-job.js:10:29)"},"msg":"failed to decrypt message"}
[CONNECTED] WhatsApp connected as: 919309986820:75@s.whatsapp.net Swar Yoga
{"level":40,"time":1772728320720,"pid":93202,"hostname":"Mohans-iMac.local","msg":"Timeout in AwaitingInitialSync, forcing state to Online and flushing buffer"}
{"level":50,"time":1772728323034,"pid":93202,"hostname":"Mohans-iMac.local","node":{"tag":"stream:error","attrs":{},"content":[{"tag":"conflict","attrs":{"type":"replaced"}}]},"msg":"stream errored out"}
[DISCONNECTED] Status: 440, intentional: false
[RECONNECT] Attempt 1/50 in 2000ms
[GROUPS] Prefetched 273 group names
[AUTH] Using MongoDB-backed auth state
[BAILEYS] Starting v2.3000.1033846690
{"level":50,"time":1772728326337,"pid":93202,"hostname":"Mohans-iMac.local","key":{"remoteJid":"status@broadcast","fromMe":false,"id":"ACBC3AEDC5D1840BE9A3099EB7AB38B6","participant":"256023050883198@lid","participantPn":"919482408649@s.whatsapp.net"},"err":{"type":"MessageCounterError","message":"Key used already or never filled","stack":"MessageCounterError: Key used already or never filled\n    at SessionCipher.doDecryptWhisperMessage (/Users/mohankalburgi/swaryoga.com-db/swaryoga.com-db/deploy/wa-baileys/node_modules/libsignal/src/session_cipher.js:236:19)\n    at 256023050883198.0 [as awaitable] (/Users/mohankalburgi/swaryoga.com-db/swaryoga.com-db/deploy/wa-baileys/node_modules/libsignal/src/session_cipher.js:207:42)\n    at process.processTicksAndRejections (node:internal/process/task_queues:103:5)\n    at async _asyncQueueExecutor (/Users/mohankalburgi/swaryoga.com-db/swaryoga.com-db/deploy/wa-baileys/node_modules/libsignal/src/queue_job.js:20:29)","name":"MessageCounterError"},"msg":"failed to decrypt message"}
{"level":50,"time":1772728326353,"pid":93202,"hostname":"Mohans-iMac.local","key":{"remoteJid":"status@broadcast","fromMe":false,"id":"ACBC3AEDC5D1840BE9A3099EB7AB38B6","participant":"256023050883198@lid","participantPn":"919482408649@s.whatsapp.net"},"err":{"type":"Error","message":"Received message with old counter: 1, 0","stack":"Error: Received message with old counter: 1, 0\n    at GroupCipher.getSenderKey (file:///Users/mohankalburgi/swaryoga.com-db/swaryoga.com-db/deploy/wa-baileys/node_modules/@whiskeysockets/baileys/lib/Signal/Group/group_cipher.js:62:19)\n    at Object.awaitable (file:///Users/mohankalburgi/swaryoga.com-db/swaryoga.com-db/deploy/wa-baileys/node_modules/@whiskeysockets/baileys/lib/Signal/Group/group_cipher.js:46:36)\n    at process.processTicksAndRejections (node:internal/process/task_queues:103:5)\n    at async _asyncQueueExecutor (file:///Users/mohankalburgi/swaryoga.com-db/swaryoga.com-db/deploy/wa-baileys/node_modules/@whiskeysockets/baileys/lib/Signal/Group/queue-job.js:10:29)"},"msg":"failed to decrypt message"}
{"level":50,"time":1772728326368,"pid":93202,"hostname":"Mohans-iMac.local","key":{"remoteJid":"status@broadcast","fromMe":false,"id":"ACF3A410161D804636FD1E59E08BCA7E","participant":"103508846067866@lid","participantPn":"919826262564@s.whatsapp.net"},"err":{"type":"Error","message":"Received message with old counter: 3, 2","stack":"Error: Received message with old counter: 3, 2\n    at GroupCipher.getSenderKey (file:///Users/mohankalburgi/swaryoga.com-db/swaryoga.com-db/deploy/wa-baileys/node_modules/@whiskeysockets/baileys/lib/Signal/Group/group_cipher.js:62:19)\n    at Object.awaitable (file:///Users/mohankalburgi/swaryoga.com-db/swaryoga.com-db/deploy/wa-baileys/node_modules/@whiskeysockets/baileys/lib/Signal/Group/group_cipher.js:46:36)\n    at process.processTicksAndRejections (node:internal/process/task_queues:103:5)\n    at async _asyncQueueExecutor (file:///Users/mohankalburgi/swaryoga.com-db/swaryoga.com-db/deploy/wa-baileys/node_modules/@whiskeysockets/baileys/lib/Signal/Group/queue-job.js:10:29)"},"msg":"failed to decrypt message"}
[CONNECTED] WhatsApp connected as: 919309986820:75@s.whatsapp.net Swar Yoga
{"level":40,"time":1772728326938,"pid":93202,"hostname":"Mohans-iMac.local","msg":"Timeout in AwaitingInitialSync, forcing state to Online and flushing buffer"}
{"level":50,"time":1772728329287,"pid":93202,"hostname":"Mohans-iMac.local","node":{"tag":"stream:error","attrs":{},"content":[{"tag":"conflict","attrs":{"type":"replaced"}}]},"msg":"stream errored out"}
[DISCONNECTED] Status: 440, intentional: false
[RECONNECT] Attempt 1/50 in 2000ms
[GROUPS] Prefetched 273 group names
[AUTH] Using MongoDB-backed auth state
[BAILEYS] Starting v2.3000.1033846690
{"level":50,"time":1772728332673,"pid":93202,"hostname":"Mohans-iMac.local","key":{"remoteJid":"status@broadcast","fromMe":false,"id":"ACBC3AEDC5D1840BE9A3099EB7AB38B6","participant":"256023050883198@lid","participantPn":"919482408649@s.whatsapp.net"},"err":{"type":"MessageCounterError","message":"Key used already or never filled","stack":"MessageCounterError: Key used already or never filled\n    at SessionCipher.doDecryptWhisperMessage (/Users/mohankalburgi/swaryoga.com-db/swaryoga.com-db/deploy/wa-baileys/node_modules/libsignal/src/session_cipher.js:236:19)\n    at 256023050883198.0 [as awaitable] (/Users/mohankalburgi/swaryoga.com-db/swaryoga.com-db/deploy/wa-baileys/node_modules/libsignal/src/session_cipher.js:207:42)\n    at process.processTicksAndRejections (node:internal/process/task_queues:103:5)\n    at async _asyncQueueExecutor (/Users/mohankalburgi/swaryoga.com-db/swaryoga.com-db/deploy/wa-baileys/node_modules/libsignal/src/queue_job.js:20:29)","name":"MessageCounterError"},"msg":"failed to decrypt message"}
{"level":50,"time":1772728332691,"pid":93202,"hostname":"Mohans-iMac.local","key":{"remoteJid":"status@broadcast","fromMe":false,"id":"ACBC3AEDC5D1840BE9A3099EB7AB38B6","participant":"256023050883198@lid","participantPn":"919482408649@s.whatsapp.net"},"err":{"type":"Error","message":"Received message with old counter: 1, 0","stack":"Error: Received message with old counter: 1, 0\n    at GroupCipher.getSenderKey (file:///Users/mohankalburgi/swaryoga.com-db/swaryoga.com-db/deploy/wa-baileys/node_modules/@whiskeysockets/baileys/lib/Signal/Group/group_cipher.js:62:19)\n    at Object.awaitable (file:///Users/mohankalburgi/swaryoga.com-db/swaryoga.com-db/deploy/wa-baileys/node_modules/@whiskeysockets/baileys/lib/Signal/Group/group_cipher.js:46:36)\n    at process.processTicksAndRejections (node:internal/process/task_queues:103:5)\n    at async _asyncQueueExecutor (file:///Users/mohankalburgi/swaryoga.com-db/swaryoga.com-db/deploy/wa-baileys/node_modules/@whiskeysockets/baileys/lib/Signal/Group/queue-job.js:10:29)"},"msg":"failed to decrypt message"}
{"level":50,"time":1772728332709,"pid":93202,"hostname":"Mohans-iMac.local","key":{"remoteJid":"status@broadcast","fromMe":false,"id":"ACF3A410161D804636FD1E59E08BCA7E","participant":"103508846067866@lid","participantPn":"919826262564@s.whatsapp.net"},"err":{"type":"Error","message":"Received message with old counter: 3, 2","stack":"Error: Received message with old counter: 3, 2\n    at GroupCipher.getSenderKey (file:///Users/mohankalburgi/swaryoga.com-db/swaryoga.com-db/deploy/wa-baileys/node_modules/@whiskeysockets/baileys/lib/Signal/Group/group_cipher.js:62:19)\n    at Object.awaitable (file:///Users/mohankalburgi/swaryoga.com-db/swaryoga.com-db/deploy/wa-baileys/node_modules/@whiskeysockets/baileys/lib/Signal/Group/group_cipher.js:46:36)\n    at process.processTicksAndRejections (node:internal/process/task_queues:103:5)\n    at async _asyncQueueExecutor (file:///Users/mohankalburgi/swaryoga.com-db/swaryoga.com-db/deploy/wa-baileys/node_modules/@whiskeysockets/baileys/lib/Signal/Group/queue-job.js:10:29)"},"msg":"failed to decrypt message"}
[CONNECTED] WhatsApp connected as: 919309986820:75@s.whatsapp.net Swar Yoga
[GROUPS] Failed to prefetch group names: rate-overlimit
{"level":40,"time":1772728333261,"pid":93202,"hostname":"Mohans-iMac.local","msg":"Timeout in AwaitingInitialSync, forcing state to Online and flushing buffer"}
{"level":50,"time":1772728335252,"pid":93202,"hostname":"Mohans-iMac.local","node":{"tag":"stream:error","attrs":{},"content":[{"tag":"conflict","attrs":{"type":"replaced"}}]},"msg":"stream errored out"}
[DISCONNECTED] Status: 440, intentional: false
[RECONNECT] Attempt 1/50 in 2000ms
[AUTH] Using MongoDB-backed auth state
[BAILEYS] Starting v2.3000.1033846690
{"level":50,"time":1772728338411,"pid":93202,"hostname":"Mohans-iMac.local","key":{"remoteJid":"status@broadcast","fromMe":false,"id":"ACBC3AEDC5D1840BE9A3099EB7AB38B6","participant":"256023050883198@lid","participantPn":"919482408649@s.whatsapp.net"},"err":{"type":"MessageCounterError","message":"Key used already or never filled","stack":"MessageCounterError: Key used already or never filled\n    at SessionCipher.doDecryptWhisperMessage (/Users/mohankalburgi/swaryoga.com-db/swaryoga.com-db/deploy/wa-baileys/node_modules/libsignal/src/session_cipher.js:236:19)\n    at 256023050883198.0 [as awaitable] (/Users/mohankalburgi/swaryoga.com-db/swaryoga.com-db/deploy/wa-baileys/node_modules/libsignal/src/session_cipher.js:207:42)\n    at process.processTicksAndRejections (node:internal/process/task_queues:103:5)\n    at async _asyncQueueExecutor (/Users/mohankalburgi/swaryoga.com-db/swaryoga.com-db/deploy/wa-baileys/node_modules/libsignal/src/queue_job.js:20:29)","name":"MessageCounterError"},"msg":"failed to decrypt message"}
{"level":50,"time":1772728338429,"pid":93202,"hostname":"Mohans-iMac.local","key":{"remoteJid":"status@broadcast","fromMe":false,"id":"ACBC3AEDC5D1840BE9A3099EB7AB38B6","participant":"256023050883198@lid","participantPn":"919482408649@s.whatsapp.net"},"err":{"type":"Error","message":"Received message with old counter: 1, 0","stack":"Error: Received message with old counter: 1, 0\n    at GroupCipher.getSenderKey (file:///Users/mohankalburgi/swaryoga.com-db/swaryoga.com-db/deploy/wa-baileys/node_modules/@whiskeysockets/baileys/lib/Signal/Group/group_cipher.js:62:19)\n    at Object.awaitable (file:///Users/mohankalburgi/swaryoga.com-db/swaryoga.com-db/deploy/wa-baileys/node_modules/@whiskeysockets/baileys/lib/Signal/Group/group_cipher.js:46:36)\n    at process.processTicksAndRejections (node:internal/process/task_queues:103:5)\n    at async _asyncQueueExecutor (file:///Users/mohankalburgi/swaryoga.com-db/swaryoga.com-db/deploy/wa-baileys/node_modules/@whiskeysockets/baileys/lib/Signal/Group/queue-job.js:10:29)"},"msg":"failed to decrypt message"}
[CONNECTED] WhatsApp connected as: 919309986820:75@s.whatsapp.net Swar Yoga
{"level":50,"time":1772728339279,"pid":93202,"hostname":"Mohans-iMac.local","key":{"remoteJid":"status@broadcast","fromMe":false,"id":"ACF3A410161D804636FD1E59E08BCA7E","participant":"103508846067866@lid","participantPn":"919826262564@s.whatsapp.net"},"err":{"type":"Error","message":"Received message with old counter: 3, 2","stack":"Error: Received message with old counter: 3, 2\n    at GroupCipher.getSenderKey (file:///Users/mohankalburgi/swaryoga.com-db/swaryoga.com-db/deploy/wa-baileys/node_modules/@whiskeysockets/baileys/lib/Signal/Group/group_cipher.js:62:19)\n    at Object.awaitable (file:///Users/mohankalburgi/swaryoga.com-db/swaryoga.com-db/deploy/wa-baileys/node_modules/@whiskeysockets/baileys/lib/Signal/Group/group_cipher.js:46:36)\n    at process.processTicksAndRejections (node:internal/process/task_queues:103:5)\n    at async _asyncQueueExecutor (file:///Users/mohankalburgi/swaryoga.com-db/swaryoga.com-db/deploy/wa-baileys/node_modules/@whiskeysockets/baileys/lib/Signal/Group/queue-job.js:10:29)"},"msg":"failed to decrypt message"}
{"level":40,"time":1772728339745,"pid":93202,"hostname":"Mohans-iMac.local","msg":"Timeout in AwaitingInitialSync, forcing state to Online and flushing buffer"}
[GROUPS] Prefetched 273 group names
{"level":50,"time":1772728341530,"pid":93202,"hostname":"Mohans-iMac.local","node":{"tag":"stream:error","attrs":{},"content":[{"tag":"conflict","attrs":{"type":"replaced"}}]},"msg":"stream errored out"}
[DISCONNECTED] Status: 440, intentional: false
[RECONNECT] Attempt 1/50 in 2000ms
[AUTH] Using MongoDB-backed auth state
[BAILEYS] Starting v2.3000.1033846690
{"level":50,"time":1772728344783,"pid":93202,"hostname":"Mohans-iMac.local","key":{"remoteJid":"status@broadcast","fromMe":false,"id":"ACF3A410161D804636FD1E59E08BCA7E","participant":"103508846067866@lid","participantPn":"919826262564@s.whatsapp.net"},"err":{"type":"Error","message":"Received message with old counter: 3, 2","stack":"Error: Received message with old counter: 3, 2\n    at GroupCipher.getSenderKey (file:///Users/mohankalburgi/swaryoga.com-db/swaryoga.com-db/deploy/wa-baileys/node_modules/@whiskeysockets/baileys/lib/Signal/Group/group_cipher.js:62:19)\n    at Object.awaitable (file:///Users/mohankalburgi/swaryoga.com-db/swaryoga.com-db/deploy/wa-baileys/node_modules/@whiskeysockets/baileys/lib/Signal/Group/group_cipher.js:46:36)\n    at process.processTicksAndRejections (node:internal/process/task_queues:103:5)\n    at async _asyncQueueExecutor (file:///Users/mohankalburgi/swaryoga.com-db/swaryoga.com-db/deploy/wa-baileys/node_modules/@whiskeysockets/baileys/lib/Signal/Group/queue-job.js:10:29)"},"msg":"failed to decrypt message"}
[CONNECTED] WhatsApp connected as: 919309986820:75@s.whatsapp.net Swar Yoga
[GROUPS] Failed to prefetch group names: rate-overlimit
{"level":40,"time":1772728346327,"pid":93202,"hostname":"Mohans-iMac.local","msg":"Timeout in AwaitingInitialSync, forcing state to Online and flushing buffer"}
{"level":50,"time":1772728347434,"pid":93202,"hostname":"Mohans-iMac.local","node":{"tag":"stream:error","attrs":{},"content":[{"tag":"conflict","attrs":{"type":"replaced"}}]},"msg":"stream errored out"}
[DISCONNECTED] Status: 440, intentional: false
[RECONNECT] Attempt 1/50 in 2000ms
[AUTH] Using MongoDB-backed auth state
[BAILEYS] Starting v2.3000.1033846690
[CRASH-GUARD] Unhandled rejection: Error: Connection Closed
    at sendRawMessage (file:///Users/mohankalburgi/swaryoga.com-db/swaryoga.com-db/deploy/wa-baileys/node_modules/@whiskeysockets/baileys/lib/Socket/socket.js:56:19)
    at sendNode (file:///Users/mohankalburgi/swaryoga.com-db/swaryoga.com-db/deploy/wa-baileys/node_modules/@whiskeysockets/baileys/lib/Socket/socket.js:75:16)
    at file:///Users/mohankalburgi/swaryoga.com-db/swaryoga.com-db/deploy/wa-baileys/node_modules/@whiskeysockets/baileys/lib/Socket/messages-send.js:487:19
    at process.processTicksAndRejections (node:internal/process/task_queues:103:5)
    at async Object.transaction (file:///Users/mohankalburgi/swaryoga.com-db/swaryoga.com-db/deploy/wa-baileys/node_modules/@whiskeysockets/baileys/lib/Utils/auth-utils.js:126:26)
    at async relayMessage (file:///Users/mohankalburgi/swaryoga.com-db/swaryoga.com-db/deploy/wa-baileys/node_modules/@whiskeysockets/baileys/lib/Socket/messages-send.js:288:9)
    at async sendPeerDataOperationMessage (file:///Users/mohankalburgi/swaryoga.com-db/swaryoga.com-db/deploy/wa-baileys/node_modules/@whiskeysockets/baileys/lib/Socket/messages-send.js:211:23)
    at async sendRetryRequest (file:///Users/mohankalburgi/swaryoga.com-db/swaryoga.com-db/deploy/wa-baileys/node_modules/@whiskeysockets/baileys/lib/Socket/messages-recv.js:100:27)
    at async file:///Users/mohankalburgi/swaryoga.com-db/swaryoga.com-db/deploy/wa-baileys/node_modules/@whiskeysockets/baileys/lib/Socket/messages-recv.js:661:33
    at async file:///Users/mohankalburgi/swaryoga.com-db/swaryoga.com-db/deploy/wa-baileys/node_modules/@whiskeysockets/baileys/lib/Utils/make-mutex.js:16:36 {
  data: null,
  isBoom: true,
  isServer: false,
  output: {
    statusCode: 428,
    payload: {
      statusCode: 428,
      error: 'Precondition Required',
      message: 'Connection Closed'
    },
    headers: {}
  }
}
{"level":50,"time":1772728350576,"pid":93202,"hostname":"Mohans-iMac.local","key":{"remoteJid":"status@broadcast","fromMe":false,"id":"ACF3A410161D804636FD1E59E08BCA7E","participant":"103508846067866@lid","participantPn":"919826262564@s.whatsapp.net"},"err":{"type":"Error","message":"Received message with old counter: 3, 2","stack":"Error: Received message with old counter: 3, 2\n    at GroupCipher.getSenderKey (file:///Users/mohankalburgi/swaryoga.com-db/swaryoga.com-db/deploy/wa-baileys/node_modules/@whiskeysockets/baileys/lib/Signal/Group/group_cipher.js:62:19)\n    at Object.awaitable (file:///Users/mohankalburgi/swaryoga.com-db/swaryoga.com-db/deploy/wa-baileys/node_modules/@whiskeysockets/baileys/lib/Signal/Group/group_cipher.js:46:36)\n    at process.processTicksAndRejections (node:internal/process/task_queues:103:5)\n    at async _asyncQueueExecutor (file:///Users/mohankalburgi/swaryoga.com-db/swaryoga.com-db/deploy/wa-baileys/node_modules/@whiskeysockets/baileys/lib/Signal/Group/queue-job.js:10:29)"},"msg":"failed to decrypt message"}
[CONNECTED] WhatsApp connected as: 919309986820:75@s.whatsapp.net Swar Yoga
[GROUPS] Failed to prefetch group names: rate-overlimit
{"level":40,"time":1772728352664,"pid":93202,"hostname":"Mohans-iMac.local","msg":"Timeout in AwaitingInitialSync, forcing state to Online and flushing buffer"}
{"level":50,"time":1772728353450,"pid":93202,"hostname":"Mohans-iMac.local","node":{"tag":"stream:error","attrs":{},"content":[{"tag":"conflict","attrs":{"type":"replaced"}}]},"msg":"stream errored out"}
[DISCONNECTED] Status: 440, intentional: false
[RECONNECT] Attempt 1/50 in 2000ms
[AUTH] Using MongoDB-backed auth state
[BAILEYS] Starting v2.3000.1033846690
[CRASH-GUARD] Unhandled rejection: Error: Connection Closed
    at sendRawMessage (file:///Users/mohankalburgi/swaryoga.com-db/swaryoga.com-db/deploy/wa-baileys/node_modules/@whiskeysockets/baileys/lib/Socket/socket.js:56:19)
    at sendNode (file:///Users/mohankalburgi/swaryoga.com-db/swaryoga.com-db/deploy/wa-baileys/node_modules/@whiskeysockets/baileys/lib/Socket/socket.js:75:16)
    at file:///Users/mohankalburgi/swaryoga.com-db/swaryoga.com-db/deploy/wa-baileys/node_modules/@whiskeysockets/baileys/lib/Socket/messages-send.js:487:19
    at process.processTicksAndRejections (node:internal/process/task_queues:103:5)
    at async Object.transaction (file:///Users/mohankalburgi/swaryoga.com-db/swaryoga.com-db/deploy/wa-baileys/node_modules/@whiskeysockets/baileys/lib/Utils/auth-utils.js:126:26)
    at async relayMessage (file:///Users/mohankalburgi/swaryoga.com-db/swaryoga.com-db/deploy/wa-baileys/node_modules/@whiskeysockets/baileys/lib/Socket/messages-send.js:288:9)
    at async sendPeerDataOperationMessage (file:///Users/mohankalburgi/swaryoga.com-db/swaryoga.com-db/deploy/wa-baileys/node_modules/@whiskeysockets/baileys/lib/Socket/messages-send.js:211:23)
    at async sendRetryRequest (file:///Users/mohankalburgi/swaryoga.com-db/swaryoga.com-db/deploy/wa-baileys/node_modules/@whiskeysockets/baileys/lib/Socket/messages-recv.js:100:27)
    at async file:///Users/mohankalburgi/swaryoga.com-db/swaryoga.com-db/deploy/wa-baileys/node_modules/@whiskeysockets/baileys/lib/Socket/messages-recv.js:661:33
    at async file:///Users/mohankalburgi/swaryoga.com-db/swaryoga.com-db/deploy/wa-baileys/node_modules/@whiskeysockets/baileys/lib/Utils/make-mutex.js:16:36 {
  data: null,
  isBoom: true,
  isServer: false,
  output: {
    statusCode: 428,
    payload: {
      statusCode: 428,
      error: 'Precondition Required',
      message: 'Connection Closed'
    },
    headers: {}
  }
}
{"level":50,"time":1772728356817,"pid":93202,"hostname":"Mohans-iMac.local","key":{"remoteJid":"status@broadcast","fromMe":false,"id":"ACF3A410161D804636FD1E59E08BCA7E","participant":"103508846067866@lid","participantPn":"919826262564@s.whatsapp.net"},"err":{"type":"Error","message":"Received message with old counter: 3, 2","stack":"Error: Received message with old counter: 3, 2\n    at GroupCipher.getSenderKey (file:///Users/mohankalburgi/swaryoga.com-db/swaryoga.com-db/deploy/wa-baileys/node_modules/@whiskeysockets/baileys/lib/Signal/Group/group_cipher.js:62:19)\n    at Object.awaitable (file:///Users/mohankalburgi/swaryoga.com-db/swaryoga.com-db/deploy/wa-baileys/node_modules/@whiskeysockets/baileys/lib/Signal/Group/group_cipher.js:46:36)\n    at process.processTicksAndRejections (node:internal/process/task_queues:103:5)\n    at async _asyncQueueExecutor (file:///Users/mohankalburgi/swaryoga.com-db/swaryoga.com-db/deploy/wa-baileys/node_modules/@whiskeysockets/baileys/lib/Signal/Group/queue-job.js:10:29)"},"msg":"failed to decrypt message"}
[CONNECTED] WhatsApp connected as: 919309986820:75@s.whatsapp.net Swar Yoga
{"level":40,"time":1772728358401,"pid":93202,"hostname":"Mohans-iMac.local","msg":"Timeout in AwaitingInitialSync, forcing state to Online and flushing buffer"}
{"level":50,"time":1772728360076,"pid":93202,"hostname":"Mohans-iMac.local","node":{"tag":"stream:error","attrs":{},"content":[{"tag":"conflict","attrs":{"type":"replaced"}}]},"msg":"stream errored out"}
[DISCONNECTED] Status: 440, intentional: false
[RECONNECT] Attempt 1/50 in 2000ms
[GROUPS] Prefetched 273 group names
[CRASH-GUARD] Unhandled rejection: Error: Connection Closed
    at sendRawMessage (file:///Users/mohankalburgi/swaryoga.com-db/swaryoga.com-db/deploy/wa-baileys/node_modules/@whiskeysockets/baileys/lib/Socket/socket.js:56:19)
    at sendNode (file:///Users/mohankalburgi/swaryoga.com-db/swaryoga.com-db/deploy/wa-baileys/node_modules/@whiskeysockets/baileys/lib/Socket/socket.js:75:16)
    at file:///Users/mohankalburgi/swaryoga.com-db/swaryoga.com-db/deploy/wa-baileys/node_modules/@whiskeysockets/baileys/lib/Socket/messages-send.js:487:19
    at process.processTicksAndRejections (node:internal/process/task_queues:103:5)
    at async Object.transaction (file:///Users/mohankalburgi/swaryoga.com-db/swaryoga.com-db/deploy/wa-baileys/node_modules/@whiskeysockets/baileys/lib/Utils/auth-utils.js:126:26)
    at async relayMessage (file:///Users/mohankalburgi/swaryoga.com-db/swaryoga.com-db/deploy/wa-baileys/node_modules/@whiskeysockets/baileys/lib/Socket/messages-send.js:288:9)
    at async sendPeerDataOperationMessage (file:///Users/mohankalburgi/swaryoga.com-db/swaryoga.com-db/deploy/wa-baileys/node_modules/@whiskeysockets/baileys/lib/Socket/messages-send.js:211:23)
    at async sendRetryRequest (file:///Users/mohankalburgi/swaryoga.com-db/swaryoga.com-db/deploy/wa-baileys/node_modules/@whiskeysockets/baileys/lib/Socket/messages-recv.js:100:27)
    at async file:///Users/mohankalburgi/swaryoga.com-db/swaryoga.com-db/deploy/wa-baileys/node_modules/@whiskeysockets/baileys/lib/Socket/messages-recv.js:661:33
    at async file:///Users/mohankalburgi/swaryoga.com-db/swaryoga.com-db/deploy/wa-baileys/node_modules/@whiskeysockets/baileys/lib/Utils/make-mutex.js:16:36 {
  data: null,
  isBoom: true,
  isServer: false,
  output: {
    statusCode: 428,
    payload: {
      statusCode: 428,
      error: 'Precondition Required',
      message: 'Connection Closed'
    },
    headers: {}
  }
}
[AUTH] Using MongoDB-backed auth state
[BAILEYS] Starting v2.3000.1033846690
{"level":50,"time":1772728363048,"pid":93202,"hostname":"Mohans-iMac.local","key":{"remoteJid":"status@broadcast","fromMe":false,"id":"ACF3A410161D804636FD1E59E08BCA7E","participant":"103508846067866@lid","participantPn":"919826262564@s.whatsapp.net"},"err":{"type":"Error","message":"Received message with old counter: 3, 2","stack":"Error: Received message with old counter: 3, 2\n    at GroupCipher.getSenderKey (file:///Users/mohankalburgi/swaryoga.com-db/swaryoga.com-db/deploy/wa-baileys/node_modules/@whiskeysockets/baileys/lib/Signal/Group/group_cipher.js:62:19)\n    at Object.awaitable (file:///Users/mohankalburgi/swaryoga.com-db/swaryoga.com-db/deploy/wa-baileys/node_modules/@whiskeysockets/baileys/lib/Signal/Group/group_cipher.js:46:36)\n    at process.processTicksAndRejections (node:internal/process/task_queues:103:5)\n    at async _asyncQueueExecutor (file:///Users/mohankalburgi/swaryoga.com-db/swaryoga.com-db/deploy/wa-baileys/node_modules/@whiskeysockets/baileys/lib/Signal/Group/queue-job.js:10:29)"},"msg":"failed to decrypt message"}
[CONNECTED] WhatsApp connected as: 919309986820:75@s.whatsapp.net Swar Yoga
{"level":40,"time":1772728364764,"pid":93202,"hostname":"Mohans-iMac.local","msg":"Timeout in AwaitingInitialSync, forcing state to Online and flushing buffer"}
[GROUPS] Prefetched 273 group names
{"level":50,"time":1772728365797,"pid":93202,"hostname":"Mohans-iMac.local","node":{"tag":"stream:error","attrs":{},"content":[{"tag":"conflict","attrs":{"type":"replaced"}}]},"msg":"stream errored out"}
[DISCONNECTED] Status: 440, intentional: false
[RECONNECT] Attempt 1/50 in 2000ms
[AUTH] Using MongoDB-backed auth state
[BAILEYS] Starting v2.3000.1033846690
[CRASH-GUARD] Unhandled rejection: Error: Connection Closed
    at sendRawMessage (file:///Users/mohankalburgi/swaryoga.com-db/swaryoga.com-db/deploy/wa-baileys/node_modules/@whiskeysockets/baileys/lib/Socket/socket.js:56:19)
    at sendNode (file:///Users/mohankalburgi/swaryoga.com-db/swaryoga.com-db/deploy/wa-baileys/node_modules/@whiskeysockets/baileys/lib/Socket/socket.js:75:16)
    at file:///Users/mohankalburgi/swaryoga.com-db/swaryoga.com-db/deploy/wa-baileys/node_modules/@whiskeysockets/baileys/lib/Socket/messages-send.js:487:19
    at process.processTicksAndRejections (node:internal/process/task_queues:103:5)
    at async Object.transaction (file:///Users/mohankalburgi/swaryoga.com-db/swaryoga.com-db/deploy/wa-baileys/node_modules/@whiskeysockets/baileys/lib/Utils/auth-utils.js:126:26)
    at async relayMessage (file:///Users/mohankalburgi/swaryoga.com-db/swaryoga.com-db/deploy/wa-baileys/node_modules/@whiskeysockets/baileys/lib/Socket/messages-send.js:288:9)
    at async sendPeerDataOperationMessage (file:///Users/mohankalburgi/swaryoga.com-db/swaryoga.com-db/deploy/wa-baileys/node_modules/@whiskeysockets/baileys/lib/Socket/messages-send.js:211:23)
    at async sendRetryRequest (file:///Users/mohankalburgi/swaryoga.com-db/swaryoga.com-db/deploy/wa-baileys/node_modules/@whiskeysockets/baileys/lib/Socket/messages-recv.js:100:27)
    at async file:///Users/mohankalburgi/swaryoga.com-db/swaryoga.com-db/deploy/wa-baileys/node_modules/@whiskeysockets/baileys/lib/Socket/messages-recv.js:661:33
    at async file:///Users/mohankalburgi/swaryoga.com-db/swaryoga.com-db/deploy/wa-baileys/node_modules/@whiskeysockets/baileys/lib/Utils/make-mutex.js:16:36 {
  data: null,
  isBoom: true,
  isServer: false,
  output: {
    statusCode: 428,
    payload: {
      statusCode: 428,
      error: 'Precondition Required',
      message: 'Connection Closed'
    },
    headers: {}
  }
}
{"level":50,"time":1772728368826,"pid":93202,"hostname":"Mohans-iMac.local","key":{"remoteJid":"status@broadcast","fromMe":false,"id":"ACF3A410161D804636FD1E59E08BCA7E","participant":"103508846067866@lid","participantPn":"919826262564@s.whatsapp.net"},"err":{"type":"Error","message":"Received message with old counter: 3, 2","stack":"Error: Received message with old counter: 3, 2\n    at GroupCipher.getSenderKey (file:///Users/mohankalburgi/swaryoga.com-db/swaryoga.com-db/deploy/wa-baileys/node_modules/@whiskeysockets/baileys/lib/Signal/Group/group_cipher.js:62:19)\n    at Object.awaitable (file:///Users/mohankalburgi/swaryoga.com-db/swaryoga.com-db/deploy/wa-baileys/node_modules/@whiskeysockets/baileys/lib/Signal/Group/group_cipher.js:46:36)\n    at process.processTicksAndRejections (node:internal/process/task_queues:103:5)\n    at async _asyncQueueExecutor (file:///Users/mohankalburgi/swaryoga.com-db/swaryoga.com-db/deploy/wa-baileys/node_modules/@whiskeysockets/baileys/lib/Signal/Group/queue-job.js:10:29)"},"msg":"failed to decrypt message"}
[CONNECTED] WhatsApp connected as: 919309986820:75@s.whatsapp.net Swar Yoga
{"level":40,"time":1772728370562,"pid":93202,"hostname":"Mohans-iMac.local","msg":"Timeout in AwaitingInitialSync, forcing state to Online and flushing buffer"}
[GROUPS] Prefetched 273 group names
{"level":50,"time":1772728371661,"pid":93202,"hostname":"Mohans-iMac.local","node":{"tag":"stream:error","attrs":{},"content":[{"tag":"conflict","attrs":{"type":"replaced"}}]},"msg":"stream errored out"}
[DISCONNECTED] Status: 440, intentional: false
[RECONNECT] Attempt 1/50 in 2000ms
[AUTH] Using MongoDB-backed auth state
[BAILEYS] Starting v2.3000.1033846690
[CRASH-GUARD] Unhandled rejection: Error: Connection Closed
    at sendRawMessage (file:///Users/mohankalburgi/swaryoga.com-db/swaryoga.com-db/deploy/wa-baileys/node_modules/@whiskeysockets/baileys/lib/Socket/socket.js:56:19)
    at sendNode (file:///Users/mohankalburgi/swaryoga.com-db/swaryoga.com-db/deploy/wa-baileys/node_modules/@whiskeysockets/baileys/lib/Socket/socket.js:75:16)
    at file:///Users/mohankalburgi/swaryoga.com-db/swaryoga.com-db/deploy/wa-baileys/node_modules/@whiskeysockets/baileys/lib/Socket/messages-send.js:487:19
    at process.processTicksAndRejections (node:internal/process/task_queues:103:5)
    at async Object.transaction (file:///Users/mohankalburgi/swaryoga.com-db/swaryoga.com-db/deploy/wa-baileys/node_modules/@whiskeysockets/baileys/lib/Utils/auth-utils.js:126:26)
    at async relayMessage (file:///Users/mohankalburgi/swaryoga.com-db/swaryoga.com-db/deploy/wa-baileys/node_modules/@whiskeysockets/baileys/lib/Socket/messages-send.js:288:9)
    at async sendPeerDataOperationMessage (file:///Users/mohankalburgi/swaryoga.com-db/swaryoga.com-db/deploy/wa-baileys/node_modules/@whiskeysockets/baileys/lib/Socket/messages-send.js:211:23)
    at async sendRetryRequest (file:///Users/mohankalburgi/swaryoga.com-db/swaryoga.com-db/deploy/wa-baileys/node_modules/@whiskeysockets/baileys/lib/Socket/messages-recv.js:100:27)
    at async file:///Users/mohankalburgi/swaryoga.com-db/swaryoga.com-db/deploy/wa-baileys/node_modules/@whiskeysockets/baileys/lib/Socket/messages-recv.js:661:33
    at async file:///Users/mohankalburgi/swaryoga.com-db/swaryoga.com-db/deploy/wa-baileys/node_modules/@whiskeysockets/baileys/lib/Utils/make-mutex.js:16:36 {
  data: null,
  isBoom: true,
  isServer: false,
  output: {
    statusCode: 428,
    payload: {
      statusCode: 428,
      error: 'Precondition Required',
      message: 'Connection Closed'
    },
    headers: {}
  }
}
{"level":50,"time":1772728375096,"pid":93202,"hostname":"Mohans-iMac.local","key":{"remoteJid":"status@broadcast","fromMe":false,"id":"ACF3A410161D804636FD1E59E08BCA7E","participant":"103508846067866@lid","participantPn":"919826262564@s.whatsapp.net"},"err":{"type":"Error","message":"Received message with old counter: 3, 2","stack":"Error: Received message with old counter: 3, 2\n    at GroupCipher.getSenderKey (file:///Users/mohankalburgi/swaryoga.com-db/swaryoga.com-db/deploy/wa-baileys/node_modules/@whiskeysockets/baileys/lib/Signal/Group/group_cipher.js:62:19)\n    at Object.awaitable (file:///Users/mohankalburgi/swaryoga.com-db/swaryoga.com-db/deploy/wa-baileys/node_modules/@whiskeysockets/baileys/lib/Signal/Group/group_cipher.js:46:36)\n    at process.processTicksAndRejections (node:internal/process/task_queues:103:5)\n    at async _asyncQueueExecutor (file:///Users/mohankalburgi/swaryoga.com-db/swaryoga.com-db/deploy/wa-baileys/node_modules/@whiskeysockets/baileys/lib/Signal/Group/queue-job.js:10:29)"},"msg":"failed to decrypt message"}
[CONNECTED] WhatsApp connected as: 919309986820:75@s.whatsapp.net Swar Yoga
[GROUPS] Failed to prefetch group names: rate-overlimit
{"level":40,"time":1772728376807,"pid":93202,"hostname":"Mohans-iMac.local","msg":"Timeout in AwaitingInitialSync, forcing state to Online and flushing buffer"}
{"level":50,"time":1772728377758,"pid":93202,"hostname":"Mohans-iMac.local","node":{"tag":"stream:error","attrs":{},"content":[{"tag":"conflict","attrs":{"type":"replaced"}}]},"msg":"stream errored out"}
[DISCONNECTED] Status: 440, intentional: false
[RECONNECT] Attempt 1/50 in 2000ms
[AUTH] Using MongoDB-backed auth state
[BAILEYS] Starting v2.3000.1033846690
[CRASH-GUARD] Unhandled rejection: Error: Connection Closed
    at sendRawMessage (file:///Users/mohankalburgi/swaryoga.com-db/swaryoga.com-db/deploy/wa-baileys/node_modules/@whiskeysockets/baileys/lib/Socket/socket.js:56:19)
    at sendNode (file:///Users/mohankalburgi/swaryoga.com-db/swaryoga.com-db/deploy/wa-baileys/node_modules/@whiskeysockets/baileys/lib/Socket/socket.js:75:16)
    at file:///Users/mohankalburgi/swaryoga.com-db/swaryoga.com-db/deploy/wa-baileys/node_modules/@whiskeysockets/baileys/lib/Socket/messages-send.js:487:19
    at process.processTicksAndRejections (node:internal/process/task_queues:103:5)
    at async Object.transaction (file:///Users/mohankalburgi/swaryoga.com-db/swaryoga.com-db/deploy/wa-baileys/node_modules/@whiskeysockets/baileys/lib/Utils/auth-utils.js:126:26)
    at async relayMessage (file:///Users/mohankalburgi/swaryoga.com-db/swaryoga.com-db/deploy/wa-baileys/node_modules/@whiskeysockets/baileys/lib/Socket/messages-send.js:288:9)
    at async sendPeerDataOperationMessage (file:///Users/mohankalburgi/swaryoga.com-db/swaryoga.com-db/deploy/wa-baileys/node_modules/@whiskeysockets/baileys/lib/Socket/messages-send.js:211:23)
    at async sendRetryRequest (file:///Users/mohankalburgi/swaryoga.com-db/swaryoga.com-db/deploy/wa-baileys/node_modules/@whiskeysockets/baileys/lib/Socket/messages-recv.js:100:27)
    at async file:///Users/mohankalburgi/swaryoga.com-db/swaryoga.com-db/deploy/wa-baileys/node_modules/@whiskeysockets/baileys/lib/Socket/messages-recv.js:661:33
    at async file:///Users/mohankalburgi/swaryoga.com-db/swaryoga.com-db/deploy/wa-baileys/node_modules/@whiskeysockets/baileys/lib/Utils/make-mutex.js:16:36 {
  data: null,
  isBoom: true,
  isServer: false,
  output: {
    statusCode: 428,
    payload: {
      statusCode: 428,
      error: 'Precondition Required',
      message: 'Connection Closed'
    },
    headers: {}
  }
}
{"level":50,"time":1772728380928,"pid":93202,"hostname":"Mohans-iMac.local","key":{"remoteJid":"status@broadcast","fromMe":false,"id":"ACF3A410161D804636FD1E59E08BCA7E","participant":"103508846067866@lid","participantPn":"919826262564@s.whatsapp.net"},"err":{"type":"Error","message":"Received message with old counter: 3, 2","stack":"Error: Received message with old counter: 3, 2\n    at GroupCipher.getSenderKey (file:///Users/mohankalburgi/swaryoga.com-db/swaryoga.com-db/deploy/wa-baileys/node_modules/@whiskeysockets/baileys/lib/Signal/Group/group_cipher.js:62:19)\n    at Object.awaitable (file:///Users/mohankalburgi/swaryoga.com-db/swaryoga.com-db/deploy/wa-baileys/node_modules/@whiskeysockets/baileys/lib/Signal/Group/group_cipher.js:46:36)\n    at process.processTicksAndRejections (node:internal/process/task_queues:103:5)\n    at async _asyncQueueExecutor (file:///Users/mohankalburgi/swaryoga.com-db/swaryoga.com-db/deploy/wa-baileys/node_modules/@whiskeysockets/baileys/lib/Signal/Group/queue-job.js:10:29)"},"msg":"failed to decrypt message"}
[CONNECTED] WhatsApp connected as: 919309986820:75@s.whatsapp.net Swar Yoga
{"level":40,"time":1772728383031,"pid":93202,"hostname":"Mohans-iMac.local","msg":"Timeout in AwaitingInitialSync, forcing state to Online and flushing buffer"}
{"level":50,"time":1772728384189,"pid":93202,"hostname":"Mohans-iMac.local","node":{"tag":"stream:error","attrs":{},"content":[{"tag":"conflict","attrs":{"type":"replaced"}}]},"msg":"stream errored out"}
[DISCONNECTED] Status: 440, intentional: false
[RECONNECT] Attempt 1/50 in 2000ms
[GROUPS] Prefetched 273 group names
[CRASH-GUARD] Unhandled rejection: Error: Connection Closed
    at sendRawMessage (file:///Users/mohankalburgi/swaryoga.com-db/swaryoga.com-db/deploy/wa-baileys/node_modules/@whiskeysockets/baileys/lib/Socket/socket.js:56:19)
    at sendNode (file:///Users/mohankalburgi/swaryoga.com-db/swaryoga.com-db/deploy/wa-baileys/node_modules/@whiskeysockets/baileys/lib/Socket/socket.js:75:16)
    at file:///Users/mohankalburgi/swaryoga.com-db/swaryoga.com-db/deploy/wa-baileys/node_modules/@whiskeysockets/baileys/lib/Socket/messages-send.js:487:19
    at process.processTicksAndRejections (node:internal/process/task_queues:103:5)
    at async Object.transaction (file:///Users/mohankalburgi/swaryoga.com-db/swaryoga.com-db/deploy/wa-baileys/node_modules/@whiskeysockets/baileys/lib/Utils/auth-utils.js:126:26)
    at async relayMessage (file:///Users/mohankalburgi/swaryoga.com-db/swaryoga.com-db/deploy/wa-baileys/node_modules/@whiskeysockets/baileys/lib/Socket/messages-send.js:288:9)
    at async sendPeerDataOperationMessage (file:///Users/mohankalburgi/swaryoga.com-db/swaryoga.com-db/deploy/wa-baileys/node_modules/@whiskeysockets/baileys/lib/Socket/messages-send.js:211:23)
    at async sendRetryRequest (file:///Users/mohankalburgi/swaryoga.com-db/swaryoga.com-db/deploy/wa-baileys/node_modules/@whiskeysockets/baileys/lib/Socket/messages-recv.js:100:27)
    at async file:///Users/mohankalburgi/swaryoga.com-db/swaryoga.com-db/deploy/wa-baileys/node_modules/@whiskeysockets/baileys/lib/Socket/messages-recv.js:661:33
    at async file:///Users/mohankalburgi/swaryoga.com-db/swaryoga.com-db/deploy/wa-baileys/node_modules/@whiskeysockets/baileys/lib/Utils/make-mutex.js:16:36 {
  data: null,
  isBoom: true,
  isServer: false,
  output: {
    statusCode: 428,
    payload: {
      statusCode: 428,
      error: 'Precondition Required',
      message: 'Connection Closed'
    },
    headers: {}
  }
}
[AUTH] Using MongoDB-backed auth state
[BAILEYS] Starting v2.3000.1033846690
{"level":50,"time":1772728387262,"pid":93202,"hostname":"Mohans-iMac.local","key":{"remoteJid":"status@broadcast","fromMe":false,"id":"ACF3A410161D804636FD1E59E08BCA7E","participant":"103508846067866@lid","participantPn":"919826262564@s.whatsapp.net"},"err":{"type":"Error","message":"Received message with old counter: 3, 2","stack":"Error: Received message with old counter: 3, 2\n    at GroupCipher.getSenderKey (file:///Users/mohankalburgi/swaryoga.com-db/swaryoga.com-db/deploy/wa-baileys/node_modules/@whiskeysockets/baileys/lib/Signal/Group/group_cipher.js:62:19)\n    at Object.awaitable (file:///Users/mohankalburgi/swaryoga.com-db/swaryoga.com-db/deploy/wa-baileys/node_modules/@whiskeysockets/baileys/lib/Signal/Group/group_cipher.js:46:36)\n    at process.processTicksAndRejections (node:internal/process/task_queues:103:5)\n    at async _asyncQueueExecutor (file:///Users/mohankalburgi/swaryoga.com-db/swaryoga.com-db/deploy/wa-baileys/node_modules/@whiskeysockets/baileys/lib/Signal/Group/queue-job.js:10:29)"},"msg":"failed to decrypt message"}
[CONNECTED] WhatsApp connected as: 919309986820:75@s.whatsapp.net Swar Yoga
{"level":40,"time":1772728388809,"pid":93202,"hostname":"Mohans-iMac.local","msg":"Timeout in AwaitingInitialSync, forcing state to Online and flushing buffer"}
[GROUPS] Prefetched 273 group names
{"level":50,"time":1772728390217,"pid":93202,"hostname":"Mohans-iMac.local","node":{"tag":"stream:error","attrs":{},"content":[{"tag":"conflict","attrs":{"type":"replaced"}}]},"msg":"stream errored out"}
[DISCONNECTED] Status: 440, intentional: false
[RECONNECT] Attempt 1/50 in 2000ms
[AUTH] Using MongoDB-backed auth state
[CRASH-GUARD] Unhandled rejection: Error: Connection Closed
    at sendRawMessage (file:///Users/mohankalburgi/swaryoga.com-db/swaryoga.com-db/deploy/wa-baileys/node_modules/@whiskeysockets/baileys/lib/Socket/socket.js:56:19)
    at sendNode (file:///Users/mohankalburgi/swaryoga.com-db/swaryoga.com-db/deploy/wa-baileys/node_modules/@whiskeysockets/baileys/lib/Socket/socket.js:75:16)
    at file:///Users/mohankalburgi/swaryoga.com-db/swaryoga.com-db/deploy/wa-baileys/node_modules/@whiskeysockets/baileys/lib/Socket/messages-send.js:487:19
    at process.processTicksAndRejections (node:internal/process/task_queues:103:5)
    at async Object.transaction (file:///Users/mohankalburgi/swaryoga.com-db/swaryoga.com-db/deploy/wa-baileys/node_modules/@whiskeysockets/baileys/lib/Utils/auth-utils.js:126:26)
    at async relayMessage (file:///Users/mohankalburgi/swaryoga.com-db/swaryoga.com-db/deploy/wa-baileys/node_modules/@whiskeysockets/baileys/lib/Socket/messages-send.js:288:9)
    at async sendPeerDataOperationMessage (file:///Users/mohankalburgi/swaryoga.com-db/swaryoga.com-db/deploy/wa-baileys/node_modules/@whiskeysockets/baileys/lib/Socket/messages-send.js:211:23)
    at async sendRetryRequest (file:///Users/mohankalburgi/swaryoga.com-db/swaryoga.com-db/deploy/wa-baileys/node_modules/@whiskeysockets/baileys/lib/Socket/messages-recv.js:100:27)
    at async file:///Users/mohankalburgi/swaryoga.com-db/swaryoga.com-db/deploy/wa-baileys/node_modules/@whiskeysockets/baileys/lib/Socket/messages-recv.js:661:33
    at async file:///Users/mohankalburgi/swaryoga.com-db/swaryoga.com-db/deploy/wa-baileys/node_modules/@whiskeysockets/baileys/lib/Utils/make-mutex.js:16:36 {
  data: null,
  isBoom: true,
  isServer: false,
  output: {
    statusCode: 428,
    payload: {
      statusCode: 428,
      error: 'Precondition Required',
      message: 'Connection Closed'
    },
    headers: {}
  }
}
[BAILEYS] Starting v2.3000.1033846690
{"level":50,"time":1772728393627,"pid":93202,"hostname":"Mohans-iMac.local","key":{"remoteJid":"status@broadcast","fromMe":false,"id":"ACF3A410161D804636FD1E59E08BCA7E","participant":"103508846067866@lid","participantPn":"919826262564@s.whatsapp.net"},"err":{"type":"Error","message":"Received message with old counter: 3, 2","stack":"Error: Received message with old counter: 3, 2\n    at GroupCipher.getSenderKey (file:///Users/mohankalburgi/swaryoga.com-db/swaryoga.com-db/deploy/wa-baileys/node_modules/@whiskeysockets/baileys/lib/Signal/Group/group_cipher.js:62:19)\n    at Object.awaitable (file:///Users/mohankalburgi/swaryoga.com-db/swaryoga.com-db/deploy/wa-baileys/node_modules/@whiskeysockets/baileys/lib/Signal/Group/group_cipher.js:46:36)\n    at process.processTicksAndRejections (node:internal/process/task_queues:103:5)\n    at async _asyncQueueExecutor (file:///Users/mohankalburgi/swaryoga.com-db/swaryoga.com-db/deploy/wa-baileys/node_modules/@whiskeysockets/baileys/lib/Signal/Group/queue-job.js:10:29)"},"msg":"failed to decrypt message"}
[CONNECTED] WhatsApp connected as: 919309986820:75@s.whatsapp.net Swar Yoga
{"level":40,"time":1772728394991,"pid":93202,"hostname":"Mohans-iMac.local","msg":"Timeout in AwaitingInitialSync, forcing state to Online and flushing buffer"}
[GROUPS] Prefetched 273 group names
{"level":50,"time":1772728396492,"pid":93202,"hostname":"Mohans-iMac.local","node":{"tag":"stream:error","attrs":{},"content":[{"tag":"conflict","attrs":{"type":"replaced"}}]},"msg":"stream errored out"}
[DISCONNECTED] Status: 440, intentional: false
[RECONNECT] Attempt 1/50 in 2000ms
[AUTH] Using MongoDB-backed auth state
[BAILEYS] Starting v2.3000.1033846690
[CRASH-GUARD] Unhandled rejection: Error: Connection Closed
    at sendRawMessage (file:///Users/mohankalburgi/swaryoga.com-db/swaryoga.com-db/deploy/wa-baileys/node_modules/@whiskeysockets/baileys/lib/Socket/socket.js:56:19)
    at sendNode (file:///Users/mohankalburgi/swaryoga.com-db/swaryoga.com-db/deploy/wa-baileys/node_modules/@whiskeysockets/baileys/lib/Socket/socket.js:75:16)
    at file:///Users/mohankalburgi/swaryoga.com-db/swaryoga.com-db/deploy/wa-baileys/node_modules/@whiskeysockets/baileys/lib/Socket/messages-send.js:487:19
    at process.processTicksAndRejections (node:internal/process/task_queues:103:5)
    at async Object.transaction (file:///Users/mohankalburgi/swaryoga.com-db/swaryoga.com-db/deploy/wa-baileys/node_modules/@whiskeysockets/baileys/lib/Utils/auth-utils.js:126:26)
    at async relayMessage (file:///Users/mohankalburgi/swaryoga.com-db/swaryoga.com-db/deploy/wa-baileys/node_modules/@whiskeysockets/baileys/lib/Socket/messages-send.js:288:9)
    at async sendPeerDataOperationMessage (file:///Users/mohankalburgi/swaryoga.com-db/swaryoga.com-db/deploy/wa-baileys/node_modules/@whiskeysockets/baileys/lib/Socket/messages-send.js:211:23)
    at async sendRetryRequest (file:///Users/mohankalburgi/swaryoga.com-db/swaryoga.com-db/deploy/wa-baileys/node_modules/@whiskeysockets/baileys/lib/Socket/messages-recv.js:100:27)
    at async file:///Users/mohankalburgi/swaryoga.com-db/swaryoga.com-db/deploy/wa-baileys/node_modules/@whiskeysockets/baileys/lib/Socket/messages-recv.js:661:33
    at async file:///Users/mohankalburgi/swaryoga.com-db/swaryoga.com-db/deploy/wa-baileys/node_modules/@whiskeysockets/baileys/lib/Utils/make-mutex.js:16:36 {
  data: null,
  isBoom: true,
  isServer: false,
  output: {
    statusCode: 428,
    payload: {
      statusCode: 428,
      error: 'Precondition Required',
      message: 'Connection Closed'
    },
    headers: {}
  }
}
{"level":50,"time":1772728399935,"pid":93202,"hostname":"Mohans-iMac.local","key":{"remoteJid":"status@broadcast","fromMe":false,"id":"ACF3A410161D804636FD1E59E08BCA7E","participant":"103508846067866@lid","participantPn":"919826262564@s.whatsapp.net"},"err":{"type":"Error","message":"Received message with old counter: 3, 2","stack":"Error: Received message with old counter: 3, 2\n    at GroupCipher.getSenderKey (file:///Users/mohankalburgi/swaryoga.com-db/swaryoga.com-db/deploy/wa-baileys/node_modules/@whiskeysockets/baileys/lib/Signal/Group/group_cipher.js:62:19)\n    at Object.awaitable (file:///Users/mohankalburgi/swaryoga.com-db/swaryoga.com-db/deploy/wa-baileys/node_modules/@whiskeysockets/baileys/lib/Signal/Group/group_cipher.js:46:36)\n    at process.processTicksAndRejections (node:internal/process/task_queues:103:5)\n    at async _asyncQueueExecutor (file:///Users/mohankalburgi/swaryoga.com-db/swaryoga.com-db/deploy/wa-baileys/node_modules/@whiskeysockets/baileys/lib/Signal/Group/queue-job.js:10:29)"},"msg":"failed to decrypt message"}
[CONNECTED] WhatsApp connected as: 919309986820:75@s.whatsapp.net Swar Yoga
{"level":40,"time":1772728400906,"pid":93202,"hostname":"Mohans-iMac.local","msg":"Timeout in AwaitingInitialSync, forcing state to Online and flushing buffer"}
{"level":50,"time":1772728403449,"pid":93202,"hostname":"Mohans-iMac.local","node":{"tag":"stream:error","attrs":{},"content":[{"tag":"conflict","attrs":{"type":"replaced"}}]},"msg":"stream errored out"}
[DISCONNECTED] Status: 440, intentional: false
[RECONNECT] Attempt 1/50 in 2000ms
[GROUPS] Prefetched 273 group names
[CRASH-GUARD] Unhandled rejection: Error: Connection Closed
    at sendRawMessage (file:///Users/mohankalburgi/swaryoga.com-db/swaryoga.com-db/deploy/wa-baileys/node_modules/@whiskeysockets/baileys/lib/Socket/socket.js:56:19)
    at sendNode (file:///Users/mohankalburgi/swaryoga.com-db/swaryoga.com-db/deploy/wa-baileys/node_modules/@whiskeysockets/baileys/lib/Socket/socket.js:75:16)
    at file:///Users/mohankalburgi/swaryoga.com-db/swaryoga.com-db/deploy/wa-baileys/node_modules/@whiskeysockets/baileys/lib/Socket/messages-send.js:487:19
    at process.processTicksAndRejections (node:internal/process/task_queues:103:5)
    at async Object.transaction (file:///Users/mohankalburgi/swaryoga.com-db/swaryoga.com-db/deploy/wa-baileys/node_modules/@whiskeysockets/baileys/lib/Utils/auth-utils.js:126:26)
    at async relayMessage (file:///Users/mohankalburgi/swaryoga.com-db/swaryoga.com-db/deploy/wa-baileys/node_modules/@whiskeysockets/baileys/lib/Socket/messages-send.js:288:9)
    at async sendPeerDataOperationMessage (file:///Users/mohankalburgi/swaryoga.com-db/swaryoga.com-db/deploy/wa-baileys/node_modules/@whiskeysockets/baileys/lib/Socket/messages-send.js:211:23)
    at async sendRetryRequest (file:///Users/mohankalburgi/swaryoga.com-db/swaryoga.com-db/deploy/wa-baileys/node_modules/@whiskeysockets/baileys/lib/Socket/messages-recv.js:100:27)
    at async file:///Users/mohankalburgi/swaryoga.com-db/swaryoga.com-db/deploy/wa-baileys/node_modules/@whiskeysockets/baileys/lib/Socket/messages-recv.js:661:33
    at async file:///Users/mohankalburgi/swaryoga.com-db/swaryoga.com-db/deploy/wa-baileys/node_modules/@whiskeysockets/baileys/lib/Utils/make-mutex.js:16:36 {
  data: null,
  isBoom: true,
  isServer: false,
  output: {
    statusCode: 428,
    payload: {
      statusCode: 428,
      error: 'Precondition Required',
      message: 'Connection Closed'
    },
    headers: {}
  }
}
[AUTH] Using MongoDB-backed auth state
[BAILEYS] Starting v2.3000.1033846690
{"level":50,"time":1772728406573,"pid":93202,"hostname":"Mohans-iMac.local","key":{"remoteJid":"status@broadcast","fromMe":false,"id":"ACF3A410161D804636FD1E59E08BCA7E","participant":"103508846067866@lid","participantPn":"919826262564@s.whatsapp.net"},"err":{"type":"Error","message":"Received message with old counter: 3, 2","stack":"Error: Received message with old counter: 3, 2\n    at GroupCipher.getSenderKey (file:///Users/mohankalburgi/swaryoga.com-db/swaryoga.com-db/deploy/wa-baileys/node_modules/@whiskeysockets/baileys/lib/Signal/Group/group_cipher.js:62:19)\n    at Object.awaitable (file:///Users/mohankalburgi/swaryoga.com-db/swaryoga.com-db/deploy/wa-baileys/node_modules/@whiskeysockets/baileys/lib/Signal/Group/group_cipher.js:46:36)\n    at process.processTicksAndRejections (node:internal/process/task_queues:103:5)\n    at async _asyncQueueExecutor (file:///Users/mohankalburgi/swaryoga.com-db/swaryoga.com-db/deploy/wa-baileys/node_modules/@whiskeysockets/baileys/lib/Signal/Group/queue-job.js:10:29)"},"msg":"failed to decrypt message"}
[CONNECTED] WhatsApp connected as: 919309986820:75@s.whatsapp.net Swar Yoga
{"level":40,"time":1772728407249,"pid":93202,"hostname":"Mohans-iMac.local","msg":"Timeout in AwaitingInitialSync, forcing state to Online and flushing buffer"}
{"level":50,"time":1772728409579,"pid":93202,"hostname":"Mohans-iMac.local","node":{"tag":"stream:error","attrs":{},"content":[{"tag":"conflict","attrs":{"type":"replaced"}}]},"msg":"stream errored out"}
[DISCONNECTED] Status: 440, intentional: false
[RECONNECT] Attempt 1/50 in 2000ms
[GROUPS] Prefetched 273 group names
{"level":50,"time":1772728409611,"pid":93202,"hostname":"Mohans-iMac.local","err":{"type":"Error","message":"Connection Closed","stack":"Error: Connection Closed\n    at sendRawMessage (file:///Users/mohankalburgi/swaryoga.com-db/swaryoga.com-db/deploy/wa-baileys/node_modules/@whiskeysockets/baileys/lib/Socket/socket.js:56:19)\n    at sendNode (file:///Users/mohankalburgi/swaryoga.com-db/swaryoga.com-db/deploy/wa-baileys/node_modules/@whiskeysockets/baileys/lib/Socket/socket.js:75:16)\n    at sendMessageAck (file:///Users/mohankalburgi/swaryoga.com-db/swaryoga.com-db/deploy/wa-baileys/node_modules/@whiskeysockets/baileys/lib/Socket/messages-recv.js:61:15)\n    at handleNotification (file:///Users/mohankalburgi/swaryoga.com-db/swaryoga.com-db/deploy/wa-baileys/node_modules/@whiskeysockets/baileys/lib/Socket/messages-recv.js:607:19)\n    at process.processTicksAndRejections (node:internal/process/task_queues:103:5)\n    at async processNodeWithBuffer (file:///Users/mohankalburgi/swaryoga.com-db/swaryoga.com-db/deploy/wa-baileys/node_modules/@whiskeysockets/baileys/lib/Socket/messages-recv.js:841:9)","data":null,"isBoom":true,"isServer":false,"output":{"statusCode":428,"payload":{"statusCode":428,"error":"Precondition Required","message":"Connection Closed"},"headers":{}}},"msg":"unexpected error in 'handling notification'"}
[AUTH] Using MongoDB-backed auth state
[CRASH-GUARD] Unhandled rejection: Error: Connection Closed
    at sendRawMessage (file:///Users/mohankalburgi/swaryoga.com-db/swaryoga.com-db/deploy/wa-baileys/node_modules/@whiskeysockets/baileys/lib/Socket/socket.js:56:19)
    at sendNode (file:///Users/mohankalburgi/swaryoga.com-db/swaryoga.com-db/deploy/wa-baileys/node_modules/@whiskeysockets/baileys/lib/Socket/socket.js:75:16)
    at file:///Users/mohankalburgi/swaryoga.com-db/swaryoga.com-db/deploy/wa-baileys/node_modules/@whiskeysockets/baileys/lib/Socket/messages-send.js:487:19
    at process.processTicksAndRejections (node:internal/process/task_queues:103:5)
    at async Object.transaction (file:///Users/mohankalburgi/swaryoga.com-db/swaryoga.com-db/deploy/wa-baileys/node_modules/@whiskeysockets/baileys/lib/Utils/auth-utils.js:126:26)
    at async relayMessage (file:///Users/mohankalburgi/swaryoga.com-db/swaryoga.com-db/deploy/wa-baileys/node_modules/@whiskeysockets/baileys/lib/Socket/messages-send.js:288:9)
    at async sendPeerDataOperationMessage (file:///Users/mohankalburgi/swaryoga.com-db/swaryoga.com-db/deploy/wa-baileys/node_modules/@whiskeysockets/baileys/lib/Socket/messages-send.js:211:23)
    at async sendRetryRequest (file:///Users/mohankalburgi/swaryoga.com-db/swaryoga.com-db/deploy/wa-baileys/node_modules/@whiskeysockets/baileys/lib/Socket/messages-recv.js:100:27)
    at async file:///Users/mohankalburgi/swaryoga.com-db/swaryoga.com-db/deploy/wa-baileys/node_modules/@whiskeysockets/baileys/lib/Socket/messages-recv.js:661:33
    at async file:///Users/mohankalburgi/swaryoga.com-db/swaryoga.com-db/deploy/wa-baileys/node_modules/@whiskeysockets/baileys/lib/Utils/make-mutex.js:16:36 {
  data: null,
  isBoom: true,
  isServer: false,
  output: {
    statusCode: 428,
    payload: {
      statusCode: 428,
      error: 'Precondition Required',
      message: 'Connection Closed'
    },
    headers: {}
  }
}
[BAILEYS] Starting v2.3000.1033846690
{"level":50,"time":1772728413225,"pid":93202,"hostname":"Mohans-iMac.local","key":{"remoteJid":"status@broadcast","fromMe":false,"id":"ACF3A410161D804636FD1E59E08BCA7E","participant":"103508846067866@lid","participantPn":"919826262564@s.whatsapp.net"},"err":{"type":"Error","message":"Received message with old counter: 3, 2","stack":"Error: Received message with old counter: 3, 2\n    at GroupCipher.getSenderKey (file:///Users/mohankalburgi/swaryoga.com-db/swaryoga.com-db/deploy/wa-baileys/node_modules/@whiskeysockets/baileys/lib/Signal/Group/group_cipher.js:62:19)\n    at Object.awaitable (file:///Users/mohankalburgi/swaryoga.com-db/swaryoga.com-db/deploy/wa-baileys/node_modules/@whiskeysockets/baileys/lib/Signal/Group/group_cipher.js:46:36)\n    at process.processTicksAndRejections (node:internal/process/task_queues:103:5)\n    at async _asyncQueueExecutor (file:///Users/mohankalburgi/swaryoga.com-db/swaryoga.com-db/deploy/wa-baileys/node_modules/@whiskeysockets/baileys/lib/Signal/Group/queue-job.js:10:29)"},"msg":"failed to decrypt message"}
[CONNECTED] WhatsApp connected as: 919309986820:75@s.whatsapp.net Swar Yoga
{"level":40,"time":1772728413615,"pid":93202,"hostname":"Mohans-iMac.local","msg":"Timeout in AwaitingInitialSync, forcing state to Online and flushing buffer"}
[GROUPS] Failed to prefetch group names: rate-overlimit
{"level":50,"time":1772728415842,"pid":93202,"hostname":"Mohans-iMac.local","node":{"tag":"stream:error","attrs":{},"content":[{"tag":"conflict","attrs":{"type":"replaced"}}]},"msg":"stream errored out"}
[DISCONNECTED] Status: 440, intentional: false
[RECONNECT] Attempt 1/50 in 2000ms
[AUTH] Using MongoDB-backed auth state
[BAILEYS] Starting v2.3000.1033846690
[CRASH-GUARD] Unhandled rejection: Error: Connection Closed
    at sendRawMessage (file:///Users/mohankalburgi/swaryoga.com-db/swaryoga.com-db/deploy/wa-baileys/node_modules/@whiskeysockets/baileys/lib/Socket/socket.js:56:19)
    at sendNode (file:///Users/mohankalburgi/swaryoga.com-db/swaryoga.com-db/deploy/wa-baileys/node_modules/@whiskeysockets/baileys/lib/Socket/socket.js:75:16)
    at file:///Users/mohankalburgi/swaryoga.com-db/swaryoga.com-db/deploy/wa-baileys/node_modules/@whiskeysockets/baileys/lib/Socket/messages-send.js:487:19
    at process.processTicksAndRejections (node:internal/process/task_queues:103:5)
    at async Object.transaction (file:///Users/mohankalburgi/swaryoga.com-db/swaryoga.com-db/deploy/wa-baileys/node_modules/@whiskeysockets/baileys/lib/Utils/auth-utils.js:126:26)
    at async relayMessage (file:///Users/mohankalburgi/swaryoga.com-db/swaryoga.com-db/deploy/wa-baileys/node_modules/@whiskeysockets/baileys/lib/Socket/messages-send.js:288:9)
    at async sendPeerDataOperationMessage (file:///Users/mohankalburgi/swaryoga.com-db/swaryoga.com-db/deploy/wa-baileys/node_modules/@whiskeysockets/baileys/lib/Socket/messages-send.js:211:23)
    at async sendRetryRequest (file:///Users/mohankalburgi/swaryoga.com-db/swaryoga.com-db/deploy/wa-baileys/node_modules/@whiskeysockets/baileys/lib/Socket/messages-recv.js:100:27)
    at async file:///Users/mohankalburgi/swaryoga.com-db/swaryoga.com-db/deploy/wa-baileys/node_modules/@whiskeysockets/baileys/lib/Socket/messages-recv.js:661:33
    at async file:///Users/mohankalburgi/swaryoga.com-db/swaryoga.com-db/deploy/wa-baileys/node_modules/@whiskeysockets/baileys/lib/Utils/make-mutex.js:16:36 {
  data: null,
  isBoom: true,
  isServer: false,
  output: {
    statusCode: 428,
    payload: {
      statusCode: 428,
      error: 'Precondition Required',
      message: 'Connection Closed'
    },
    headers: {}
  }
}
{"level":50,"time":1772728418971,"pid":93202,"hostname":"Mohans-iMac.local","key":{"remoteJid":"status@broadcast","fromMe":false,"id":"ACF3A410161D804636FD1E59E08BCA7E","participant":"103508846067866@lid","participantPn":"919826262564@s.whatsapp.net"},"err":{"type":"Error","message":"Received message with old counter: 3, 2","stack":"Error: Received message with old counter: 3, 2\n    at GroupCipher.getSenderKey (file:///Users/mohankalburgi/swaryoga.com-db/swaryoga.com-db/deploy/wa-baileys/node_modules/@whiskeysockets/baileys/lib/Signal/Group/group_cipher.js:62:19)\n    at Object.awaitable (file:///Users/mohankalburgi/swaryoga.com-db/swaryoga.com-db/deploy/wa-baileys/node_modules/@whiskeysockets/baileys/lib/Signal/Group/group_cipher.js:46:36)\n    at process.processTicksAndRejections (node:internal/process/task_queues:103:5)\n    at async _asyncQueueExecutor (file:///Users/mohankalburgi/swaryoga.com-db/swaryoga.com-db/deploy/wa-baileys/node_modules/@whiskeysockets/baileys/lib/Signal/Group/queue-job.js:10:29)"},"msg":"failed to decrypt message"}
[CONNECTED] WhatsApp connected as: 919309986820:75@s.whatsapp.net Swar Yoga
[GROUPS] Failed to prefetch group names: rate-overlimit
{"level":40,"time":1772728419922,"pid":93202,"hostname":"Mohans-iMac.local","msg":"Timeout in AwaitingInitialSync, forcing state to Online and flushing buffer"}
{"level":50,"time":1772728421793,"pid":93202,"hostname":"Mohans-iMac.local","node":{"tag":"stream:error","attrs":{},"content":[{"tag":"conflict","attrs":{"type":"replaced"}}]},"msg":"stream errored out"}
[DISCONNECTED] Status: 440, intentional: false
[RECONNECT] Attempt 1/50 in 2000ms
[AUTH] Using MongoDB-backed auth state
[BAILEYS] Starting v2.3000.1033846690
[CRASH-GUARD] Unhandled rejection: Error: Connection Closed
    at sendRawMessage (file:///Users/mohankalburgi/swaryoga.com-db/swaryoga.com-db/deploy/wa-baileys/node_modules/@whiskeysockets/baileys/lib/Socket/socket.js:56:19)
    at sendNode (file:///Users/mohankalburgi/swaryoga.com-db/swaryoga.com-db/deploy/wa-baileys/node_modules/@whiskeysockets/baileys/lib/Socket/socket.js:75:16)
    at file:///Users/mohankalburgi/swaryoga.com-db/swaryoga.com-db/deploy/wa-baileys/node_modules/@whiskeysockets/baileys/lib/Socket/messages-send.js:487:19
    at process.processTicksAndRejections (node:internal/process/task_queues:103:5)
    at async Object.transaction (file:///Users/mohankalburgi/swaryoga.com-db/swaryoga.com-db/deploy/wa-baileys/node_modules/@whiskeysockets/baileys/lib/Utils/auth-utils.js:126:26)
    at async relayMessage (file:///Users/mohankalburgi/swaryoga.com-db/swaryoga.com-db/deploy/wa-baileys/node_modules/@whiskeysockets/baileys/lib/Socket/messages-send.js:288:9)
    at async sendPeerDataOperationMessage (file:///Users/mohankalburgi/swaryoga.com-db/swaryoga.com-db/deploy/wa-baileys/node_modules/@whiskeysockets/baileys/lib/Socket/messages-send.js:211:23)
    at async sendRetryRequest (file:///Users/mohankalburgi/swaryoga.com-db/swaryoga.com-db/deploy/wa-baileys/node_modules/@whiskeysockets/baileys/lib/Socket/messages-recv.js:100:27)
    at async file:///Users/mohankalburgi/swaryoga.com-db/swaryoga.com-db/deploy/wa-baileys/node_modules/@whiskeysockets/baileys/lib/Socket/messages-recv.js:661:33
    at async file:///Users/mohankalburgi/swaryoga.com-db/swaryoga.com-db/deploy/wa-baileys/node_modules/@whiskeysockets/baileys/lib/Utils/make-mutex.js:16:36 {
  data: null,
  isBoom: true,
  isServer: false,
  output: {
    statusCode: 428,
    payload: {
      statusCode: 428,
      error: 'Precondition Required',
      message: 'Connection Closed'
    },
    headers: {}
  }
}
{"level":50,"time":1772728425301,"pid":93202,"hostname":"Mohans-iMac.local","key":{"remoteJid":"status@broadcast","fromMe":false,"id":"ACF3A410161D804636FD1E59E08BCA7E","participant":"103508846067866@lid","participantPn":"919826262564@s.whatsapp.net"},"err":{"type":"Error","message":"Received message with old counter: 3, 2","stack":"Error: Received message with old counter: 3, 2\n    at GroupCipher.getSenderKey (file:///Users/mohankalburgi/swaryoga.com-db/swaryoga.com-db/deploy/wa-baileys/node_modules/@whiskeysockets/baileys/lib/Signal/Group/group_cipher.js:62:19)\n    at Object.awaitable (file:///Users/mohankalburgi/swaryoga.com-db/swaryoga.com-db/deploy/wa-baileys/node_modules/@whiskeysockets/baileys/lib/Signal/Group/group_cipher.js:46:36)\n    at process.processTicksAndRejections (node:internal/process/task_queues:103:5)\n    at async _asyncQueueExecutor (file:///Users/mohankalburgi/swaryoga.com-db/swaryoga.com-db/deploy/wa-baileys/node_modules/@whiskeysockets/baileys/lib/Signal/Group/queue-job.js:10:29)"},"msg":"failed to decrypt message"}
[CONNECTED] WhatsApp connected as: 919309986820:75@s.whatsapp.net Swar Yoga
{"level":40,"time":1772728426559,"pid":93202,"hostname":"Mohans-iMac.local","msg":"Timeout in AwaitingInitialSync, forcing state to Online and flushing buffer"}
[GROUPS] Prefetched 273 group names
{"level":50,"time":1772728427867,"pid":93202,"hostname":"Mohans-iMac.local","node":{"tag":"stream:error","attrs":{},"content":[{"tag":"conflict","attrs":{"type":"replaced"}}]},"msg":"stream errored out"}
[DISCONNECTED] Status: 440, intentional: false
[RECONNECT] Attempt 1/50 in 2000ms
[AUTH] Using MongoDB-backed auth state
[BAILEYS] Starting v2.3000.1033846690
[CRASH-GUARD] Unhandled rejection: Error: Connection Closed
    at sendRawMessage (file:///Users/mohankalburgi/swaryoga.com-db/swaryoga.com-db/deploy/wa-baileys/node_modules/@whiskeysockets/baileys/lib/Socket/socket.js:56:19)
    at sendNode (file:///Users/mohankalburgi/swaryoga.com-db/swaryoga.com-db/deploy/wa-baileys/node_modules/@whiskeysockets/baileys/lib/Socket/socket.js:75:16)
    at file:///Users/mohankalburgi/swaryoga.com-db/swaryoga.com-db/deploy/wa-baileys/node_modules/@whiskeysockets/baileys/lib/Socket/messages-send.js:487:19
    at process.processTicksAndRejections (node:internal/process/task_queues:103:5)
    at async Object.transaction (file:///Users/mohankalburgi/swaryoga.com-db/swaryoga.com-db/deploy/wa-baileys/node_modules/@whiskeysockets/baileys/lib/Utils/auth-utils.js:126:26)
    at async relayMessage (file:///Users/mohankalburgi/swaryoga.com-db/swaryoga.com-db/deploy/wa-baileys/node_modules/@whiskeysockets/baileys/lib/Socket/messages-send.js:288:9)
    at async sendPeerDataOperationMessage (file:///Users/mohankalburgi/swaryoga.com-db/swaryoga.com-db/deploy/wa-baileys/node_modules/@whiskeysockets/baileys/lib/Socket/messages-send.js:211:23)
    at async sendRetryRequest (file:///Users/mohankalburgi/swaryoga.com-db/swaryoga.com-db/deploy/wa-baileys/node_modules/@whiskeysockets/baileys/lib/Socket/messages-recv.js:100:27)
    at async file:///Users/mohankalburgi/swaryoga.com-db/swaryoga.com-db/deploy/wa-baileys/node_modules/@whiskeysockets/baileys/lib/Socket/messages-recv.js:661:33
    at async file:///Users/mohankalburgi/swaryoga.com-db/swaryoga.com-db/deploy/wa-baileys/node_modules/@whiskeysockets/baileys/lib/Utils/make-mutex.js:16:36 {
  data: null,
  isBoom: true,
  isServer: false,
  output: {
    statusCode: 428,
    payload: {
      statusCode: 428,
      error: 'Precondition Required',
      message: 'Connection Closed'
    },
    headers: {}
  }
}
{"level":50,"time":1772728431086,"pid":93202,"hostname":"Mohans-iMac.local","key":{"remoteJid":"status@broadcast","fromMe":false,"id":"ACF3A410161D804636FD1E59E08BCA7E","participant":"103508846067866@lid","participantPn":"919826262564@s.whatsapp.net"},"err":{"type":"Error","message":"Received message with old counter: 3, 2","stack":"Error: Received message with old counter: 3, 2\n    at GroupCipher.getSenderKey (file:///Users/mohankalburgi/swaryoga.com-db/swaryoga.com-db/deploy/wa-baileys/node_modules/@whiskeysockets/baileys/lib/Signal/Group/group_cipher.js:62:19)\n    at Object.awaitable (file:///Users/mohankalburgi/swaryoga.com-db/swaryoga.com-db/deploy/wa-baileys/node_modules/@whiskeysockets/baileys/lib/Signal/Group/group_cipher.js:46:36)\n    at process.processTicksAndRejections (node:internal/process/task_queues:103:5)\n    at async _asyncQueueExecutor (file:///Users/mohankalburgi/swaryoga.com-db/swaryoga.com-db/deploy/wa-baileys/node_modules/@whiskeysockets/baileys/lib/Signal/Group/queue-job.js:10:29)"},"msg":"failed to decrypt message"}
[CONNECTED] WhatsApp connected as: 919309986820:75@s.whatsapp.net Swar Yoga
{"level":40,"time":1772728433206,"pid":93202,"hostname":"Mohans-iMac.local","msg":"Timeout in AwaitingInitialSync, forcing state to Online and flushing buffer"}
{"level":50,"time":1772728434392,"pid":93202,"hostname":"Mohans-iMac.local","node":{"tag":"stream:error","attrs":{},"content":[{"tag":"conflict","attrs":{"type":"replaced"}}]},"msg":"stream errored out"}
[DISCONNECTED] Status: 440, intentional: false
[RECONNECT] Attempt 1/50 in 2000ms
[GROUPS] Prefetched 273 group names
[CRASH-GUARD] Unhandled rejection: Error: Connection Closed
    at sendRawMessage (file:///Users/mohankalburgi/swaryoga.com-db/swaryoga.com-db/deploy/wa-baileys/node_modules/@whiskeysockets/baileys/lib/Socket/socket.js:56:19)
    at sendNode (file:///Users/mohankalburgi/swaryoga.com-db/swaryoga.com-db/deploy/wa-baileys/node_modules/@whiskeysockets/baileys/lib/Socket/socket.js:75:16)
    at file:///Users/mohankalburgi/swaryoga.com-db/swaryoga.com-db/deploy/wa-baileys/node_modules/@whiskeysockets/baileys/lib/Socket/messages-send.js:487:19
    at process.processTicksAndRejections (node:internal/process/task_queues:103:5)
    at async Object.transaction (file:///Users/mohankalburgi/swaryoga.com-db/swaryoga.com-db/deploy/wa-baileys/node_modules/@whiskeysockets/baileys/lib/Utils/auth-utils.js:126:26)
    at async relayMessage (file:///Users/mohankalburgi/swaryoga.com-db/swaryoga.com-db/deploy/wa-baileys/node_modules/@whiskeysockets/baileys/lib/Socket/messages-send.js:288:9)
    at async sendPeerDataOperationMessage (file:///Users/mohankalburgi/swaryoga.com-db/swaryoga.com-db/deploy/wa-baileys/node_modules/@whiskeysockets/baileys/lib/Socket/messages-send.js:211:23)
    at async sendRetryRequest (file:///Users/mohankalburgi/swaryoga.com-db/swaryoga.com-db/deploy/wa-baileys/node_modules/@whiskeysockets/baileys/lib/Socket/messages-recv.js:100:27)
    at async file:///Users/mohankalburgi/swaryoga.com-db/swaryoga.com-db/deploy/wa-baileys/node_modules/@whiskeysockets/baileys/lib/Socket/messages-recv.js:661:33
    at async file:///Users/mohankalburgi/swaryoga.com-db/swaryoga.com-db/deploy/wa-baileys/node_modules/@whiskeysockets/baileys/lib/Utils/make-mutex.js:16:36 {
  data: null,
  isBoom: true,
  isServer: false,
  output: {
    statusCode: 428,
    payload: {
      statusCode: 428,
      error: 'Precondition Required',
      message: 'Connection Closed'
    },
    headers: {}
  }
}
[AUTH] Using MongoDB-backed auth state
[BAILEYS] Starting v2.3000.1033846690
[CONNECTED] WhatsApp connected as: 919309986820:75@s.whatsapp.net Swar Yoga
{"level":40,"time":1772728438951,"pid":93202,"hostname":"Mohans-iMac.local","msg":"Timeout in AwaitingInitialSync, forcing state to Online and flushing buffer"}
[GROUPS] Prefetched 273 group names
{"level":50,"time":1772728441253,"pid":93202,"hostname":"Mohans-iMac.local","node":{"tag":"stream:error","attrs":{},"content":[{"tag":"conflict","attrs":{"type":"replaced"}}]},"msg":"stream errored out"}
[DISCONNECTED] Status: 440, intentional: false
[RECONNECT] Attempt 1/50 in 2000ms
[AUTH] Using MongoDB-backed auth state
[BAILEYS] Starting v2.3000.1033846690
[CONNECTED] WhatsApp connected as: 919309986820:75@s.whatsapp.net Swar Yoga
[GROUPS] Failed to prefetch group names: rate-overlimit
{"level":40,"time":1772728445284,"pid":93202,"hostname":"Mohans-iMac.local","msg":"Timeout in AwaitingInitialSync, forcing state to Online and flushing buffer"}
{"level":50,"time":1772728447187,"pid":93202,"hostname":"Mohans-iMac.local","node":{"tag":"stream:error","attrs":{},"content":[{"tag":"conflict","attrs":{"type":"replaced"}}]},"msg":"stream errored out"}
[DISCONNECTED] Status: 440, intentional: false
[RECONNECT] Attempt 1/50 in 2000ms
[AUTH] Using MongoDB-backed auth state
[BAILEYS] Starting v2.3000.1033846690
[CONNECTED] WhatsApp connected as: 919309986820:75@s.whatsapp.net Swar Yoga
{"level":40,"time":1772728451067,"pid":93202,"hostname":"Mohans-iMac.local","msg":"Timeout in AwaitingInitialSync, forcing state to Online and flushing buffer"}
{"level":50,"time":1772728453500,"pid":93202,"hostname":"Mohans-iMac.local","node":{"tag":"stream:error","attrs":{},"content":[{"tag":"conflict","attrs":{"type":"replaced"}}]},"msg":"stream errored out"}
[DISCONNECTED] Status: 440, intentional: false
[RECONNECT] Attempt 1/50 in 2000ms
[AUTH] Using MongoDB-backed auth state
[BAILEYS] Starting v2.3000.1033846690
[CONNECTED] WhatsApp connected as: 919309986820:75@s.whatsapp.net Swar Yoga
[GROUPS] Failed to prefetch group names: rate-overlimit
{"level":40,"time":1772728457569,"pid":93202,"hostname":"Mohans-iMac.local","msg":"Timeout in AwaitingInitialSync, forcing state to Online and flushing buffer"}
{"level":50,"time":1772728459529,"pid":93202,"hostname":"Mohans-iMac.local","node":{"tag":"stream:error","attrs":{},"content":[{"tag":"conflict","attrs":{"type":"replaced"}}]},"msg":"stream errored out"}
[DISCONNECTED] Status: 440, intentional: false
[RECONNECT] Attempt 1/50 in 2000ms
[AUTH] Using MongoDB-backed auth state
[BAILEYS] Starting v2.3000.1033846690
[CONNECTED] WhatsApp connected as: 919309986820:75@s.whatsapp.net Swar Yoga
{"level":40,"time":1772728464343,"pid":93202,"hostname":"Mohans-iMac.local","msg":"Timeout in AwaitingInitialSync, forcing state to Online and flushing buffer"}
{"level":50,"time":1772728466137,"pid":93202,"hostname":"Mohans-iMac.local","node":{"tag":"stream:error","attrs":{},"content":[{"tag":"conflict","attrs":{"type":"replaced"}}]},"msg":"stream errored out"}
[DISCONNECTED] Status: 440, intentional: false
[RECONNECT] Attempt 1/50 in 2000ms
[GROUPS] Prefetched 273 group names
[AUTH] Using MongoDB-backed auth state
[BAILEYS] Starting v2.3000.1033846690
[CONNECTED] WhatsApp connected as: 919309986820:75@s.whatsapp.net Swar Yoga
[GROUPS] Failed to prefetch group names: rate-overlimit
{"level":40,"time":1772728470661,"pid":93202,"hostname":"Mohans-iMac.local","msg":"Timeout in AwaitingInitialSync, forcing state to Online and flushing buffer"}
{"level":50,"time":1772728472365,"pid":93202,"hostname":"Mohans-iMac.local","node":{"tag":"stream:error","attrs":{},"content":[{"tag":"conflict","attrs":{"type":"replaced"}}]},"msg":"stream errored out"}
[DISCONNECTED] Status: 440, intentional: false
[RECONNECT] Attempt 1/50 in 2000ms
[AUTH] Using MongoDB-backed auth state
[BAILEYS] Starting v2.3000.1033846690
[CONNECTED] WhatsApp connected as: 919309986820:75@s.whatsapp.net Swar Yoga
{"level":40,"time":1772728476747,"pid":93202,"hostname":"Mohans-iMac.local","msg":"Timeout in AwaitingInitialSync, forcing state to Online and flushing buffer"}
{"level":50,"time":1772728478369,"pid":93202,"hostname":"Mohans-iMac.local","node":{"tag":"stream:error","attrs":{},"content":[{"tag":"conflict","attrs":{"type":"replaced"}}]},"msg":"stream errored out"}
[DISCONNECTED] Status: 440, intentional: false
[RECONNECT] Attempt 1/50 in 2000ms
[AUTH] Using MongoDB-backed auth state
[BAILEYS] Starting v2.3000.1033846690
[CONNECTED] WhatsApp connected as: 919309986820:75@s.whatsapp.net Swar Yoga
[GROUPS] Failed to prefetch group names: rate-overlimit
{"level":40,"time":1772728482541,"pid":93202,"hostname":"Mohans-iMac.local","msg":"Timeout in AwaitingInitialSync, forcing state to Online and flushing buffer"}
{"level":50,"time":1772728484564,"pid":93202,"hostname":"Mohans-iMac.local","node":{"tag":"stream:error","attrs":{},"content":[{"tag":"conflict","attrs":{"type":"replaced"}}]},"msg":"stream errored out"}
[DISCONNECTED] Status: 440, intentional: false
[RECONNECT] Attempt 1/50 in 2000ms
[AUTH] Using MongoDB-backed auth state
[BAILEYS] Starting v2.3000.1033846690
[CONNECTED] WhatsApp connected as: 919309986820:75@s.whatsapp.net Swar Yoga
[GROUPS] Failed to prefetch group names: rate-overlimit
{"level":40,"time":1772728489454,"pid":93202,"hostname":"Mohans-iMac.local","msg":"Timeout in AwaitingInitialSync, forcing state to Online and flushing buffer"}
{"level":50,"time":1772728490504,"pid":93202,"hostname":"Mohans-iMac.local","node":{"tag":"stream:error","attrs":{},"content":[{"tag":"conflict","attrs":{"type":"replaced"}}]},"msg":"stream errored out"}
[DISCONNECTED] Status: 440, intentional: false
[RECONNECT] Attempt 1/50 in 2000ms
[AUTH] Using MongoDB-backed auth state
[BAILEYS] Starting v2.3000.1033846690
[CONNECTED] WhatsApp connected as: 919309986820:75@s.whatsapp.net Swar Yoga
{"level":40,"time":1772728495326,"pid":93202,"hostname":"Mohans-iMac.local","msg":"Timeout in AwaitingInitialSync, forcing state to Online and flushing buffer"}
{"level":50,"time":1772728497019,"pid":93202,"hostname":"Mohans-iMac.local","node":{"tag":"stream:error","attrs":{},"content":[{"tag":"conflict","attrs":{"type":"replaced"}}]},"msg":"stream errored out"}
[DISCONNECTED] Status: 440, intentional: false
[RECONNECT] Attempt 1/50 in 2000ms
[GROUPS] Prefetched 273 group names
[AUTH] Using MongoDB-backed auth state
[BAILEYS] Starting v2.3000.1033846690
[CONNECTED] WhatsApp connected as: 919309986820:75@s.whatsapp.net Swar Yoga
{"level":40,"time":1772728501539,"pid":93202,"hostname":"Mohans-iMac.local","msg":"Timeout in AwaitingInitialSync, forcing state to Online and flushing buffer"}
[GROUPS] Prefetched 273 group names
{"level":50,"time":1772728502751,"pid":93202,"hostname":"Mohans-iMac.local","node":{"tag":"stream:error","attrs":{},"content":[{"tag":"conflict","attrs":{"type":"replaced"}}]},"msg":"stream errored out"}
[DISCONNECTED] Status: 440, intentional: false
[RECONNECT] Attempt 1/50 in 2000ms
[AUTH] Using MongoDB-backed auth state
[BAILEYS] Starting v2.3000.1033846690
[CONNECTED] WhatsApp connected as: 919309986820:75@s.whatsapp.net Swar Yoga
{"level":40,"time":1772728507715,"pid":93202,"hostname":"Mohans-iMac.local","msg":"Timeout in AwaitingInitialSync, forcing state to Online and flushing buffer"}
[GROUPS] Prefetched 273 group names
{"level":50,"time":1772728508827,"pid":93202,"hostname":"Mohans-iMac.local","node":{"tag":"stream:error","attrs":{},"content":[{"tag":"conflict","attrs":{"type":"replaced"}}]},"msg":"stream errored out"}
[DISCONNECTED] Status: 440, intentional: false
[RECONNECT] Attempt 1/50 in 2000ms
[AUTH] Using MongoDB-backed auth state
[GROUPS] Failed to prefetch group names: Timed Out
[BAILEYS] Starting v2.3000.1033846690
[CONNECTED] WhatsApp connected as: 919309986820:75@s.whatsapp.net Swar Yoga
[GROUPS] Failed to prefetch group names: rate-overlimit
{"level":40,"time":1772728513699,"pid":93202,"hostname":"Mohans-iMac.local","msg":"Timeout in AwaitingInitialSync, forcing state to Online and flushing buffer"}
{"level":50,"time":1772728514676,"pid":93202,"hostname":"Mohans-iMac.local","node":{"tag":"stream:error","attrs":{},"content":[{"tag":"conflict","attrs":{"type":"replaced"}}]},"msg":"stream errored out"}
[DISCONNECTED] Status: 440, intentional: false
[RECONNECT] Attempt 1/50 in 2000ms
[AUTH] Using MongoDB-backed auth state
[BAILEYS] Starting v2.3000.1033846690
[CONNECTED] WhatsApp connected as: 919309986820:75@s.whatsapp.net Swar Yoga
{"level":40,"time":1772728520140,"pid":93202,"hostname":"Mohans-iMac.local","msg":"Timeout in AwaitingInitialSync, forcing state to Online and flushing buffer"}
[GROUPS] Prefetched 273 group names
{"level":50,"time":1772728520658,"pid":93202,"hostname":"Mohans-iMac.local","node":{"tag":"stream:error","attrs":{},"content":[{"tag":"conflict","attrs":{"type":"replaced"}}]},"msg":"stream errored out"}
[DISCONNECTED] Status: 440, intentional: false
[RECONNECT] Attempt 1/50 in 2000ms
[AUTH] Using MongoDB-backed auth state
[BAILEYS] Starting v2.3000.1033846690
[CONNECTED] WhatsApp connected as: 919309986820:75@s.whatsapp.net Swar Yoga
{"level":40,"time":1772728525764,"pid":93202,"hostname":"Mohans-iMac.local","msg":"Timeout in AwaitingInitialSync, forcing state to Online and flushing buffer"}
[GROUPS] Prefetched 273 group names
{"level":50,"time":1772728526980,"pid":93202,"hostname":"Mohans-iMac.local","node":{"tag":"stream:error","attrs":{},"content":[{"tag":"conflict","attrs":{"type":"replaced"}}]},"msg":"stream errored out"}
[DISCONNECTED] Status: 440, intentional: false
[RECONNECT] Attempt 1/50 in 2000ms
[AUTH] Using MongoDB-backed auth state
[BAILEYS] Starting v2.3000.1033846690
[CONNECTED] WhatsApp connected as: 919309986820:75@s.whatsapp.net Swar Yoga
[GROUPS] Failed to prefetch group names: rate-overlimit
{"level":40,"time":1772728532087,"pid":93202,"hostname":"Mohans-iMac.local","msg":"Timeout in AwaitingInitialSync, forcing state to Online and flushing buffer"}
{"level":50,"time":1772728532897,"pid":93202,"hostname":"Mohans-iMac.local","node":{"tag":"stream:error","attrs":{},"content":[{"tag":"conflict","attrs":{"type":"replaced"}}]},"msg":"stream errored out"}
[DISCONNECTED] Status: 440, intentional: false
[RECONNECT] Attempt 1/50 in 2000ms
[AUTH] Using MongoDB-backed auth state
[BAILEYS] Starting v2.3000.1033846690
[GROUPS] Failed to prefetch group names: Timed Out
[CONNECTED] WhatsApp connected as: 919309986820:75@s.whatsapp.net Swar Yoga
{"level":40,"time":1772728537691,"pid":93202,"hostname":"Mohans-iMac.local","msg":"Timeout in AwaitingInitialSync, forcing state to Online and flushing buffer"}
[GROUPS] Prefetched 273 group names
{"level":50,"time":1772728539188,"pid":93202,"hostname":"Mohans-iMac.local","node":{"tag":"stream:error","attrs":{},"content":[{"tag":"conflict","attrs":{"type":"replaced"}}]},"msg":"stream errored out"}
[DISCONNECTED] Status: 440, intentional: false
[RECONNECT] Attempt 1/50 in 2000ms
[AUTH] Using MongoDB-backed auth state
[BAILEYS] Starting v2.3000.1033846690
[CONNECTED] WhatsApp connected as: 919309986820:75@s.whatsapp.net Swar Yoga
{"level":40,"time":1772728544007,"pid":93202,"hostname":"Mohans-iMac.local","msg":"Timeout in AwaitingInitialSync, forcing state to Online and flushing buffer"}
{"level":50,"time":1772728544201,"pid":93202,"hostname":"Mohans-iMac.local","err":{"type":"Error","message":"Connection Closed","stack":"Error: Connection Closed\n    at sendRawMessage (file:///Users/mohankalburgi/swaryoga.com-db/swaryoga.com-db/deploy/wa-baileys/node_modules/@whiskeysockets/baileys/lib/Socket/socket.js:56:19)\n    at sendNode (file:///Users/mohankalburgi/swaryoga.com-db/swaryoga.com-db/deploy/wa-baileys/node_modules/@whiskeysockets/baileys/lib/Socket/socket.js:75:16)\n    at file:///Users/mohankalburgi/swaryoga.com-db/swaryoga.com-db/deploy/wa-baileys/node_modules/@whiskeysockets/baileys/lib/Socket/messages-send.js:487:19\n    at process.processTicksAndRejections (node:internal/process/task_queues:103:5)\n    at async Object.transaction (file:///Users/mohankalburgi/swaryoga.com-db/swaryoga.com-db/deploy/wa-baileys/node_modules/@whiskeysockets/baileys/lib/Utils/auth-utils.js:126:26)\n    at async relayMessage (file:///Users/mohankalburgi/swaryoga.com-db/swaryoga.com-db/deploy/wa-baileys/node_modules/@whiskeysockets/baileys/lib/Socket/messages-send.js:288:9)\n    at async sendPeerDataOperationMessage (file:///Users/mohankalburgi/swaryoga.com-db/swaryoga.com-db/deploy/wa-baileys/node_modules/@whiskeysockets/baileys/lib/Socket/messages-send.js:211:23)\n    at async handleMessage (file:///Users/mohankalburgi/swaryoga.com-db/swaryoga.com-db/deploy/wa-baileys/node_modules/@whiskeysockets/baileys/lib/Socket/messages-recv.js:627:24)\n    at async processNodeWithBuffer (file:///Users/mohankalburgi/swaryoga.com-db/swaryoga.com-db/deploy/wa-baileys/node_modules/@whiskeysockets/baileys/lib/Socket/messages-recv.js:841:9)","data":null,"isBoom":true,"isServer":false,"output":{"statusCode":428,"payload":{"statusCode":428,"error":"Precondition Required","message":"Connection Closed"},"headers":{}}},"msg":"unexpected error in 'processing message'"}
[GROUPS] Prefetched 273 group names
{"level":50,"time":1772728546005,"pid":93202,"hostname":"Mohans-iMac.local","node":{"tag":"stream:error","attrs":{},"content":[{"tag":"conflict","attrs":{"type":"replaced"}}]},"msg":"stream errored out"}
[DISCONNECTED] Status: 440, intentional: false
[RECONNECT] Attempt 1/50 in 2000ms
[AUTH] Using MongoDB-backed auth state
[BAILEYS] Starting v2.3000.1033846690
[CONNECTED] WhatsApp connected as: 919309986820:75@s.whatsapp.net Swar Yoga
[LID-MAP] 72877122519089 → 917219523692
{"level":40,"time":1772728550043,"pid":93202,"hostname":"Mohans-iMac.local","msg":"Timeout in AwaitingInitialSync, forcing state to Online and flushing buffer"}
{"level":50,"time":1772728552396,"pid":93202,"hostname":"Mohans-iMac.local","node":{"tag":"stream:error","attrs":{},"content":[{"tag":"conflict","attrs":{"type":"replaced"}}]},"msg":"stream errored out"}
[DISCONNECTED] Status: 440, intentional: false
[RECONNECT] Attempt 1/50 in 2000ms
[GROUPS] Prefetched 273 group names
[AUTH] Using MongoDB-backed auth state
[BAILEYS] Starting v2.3000.1033846690
[CONNECTED] WhatsApp connected as: 919309986820:75@s.whatsapp.net Swar Yoga
{"level":40,"time":1772728556049,"pid":93202,"hostname":"Mohans-iMac.local","msg":"Timeout in AwaitingInitialSync, forcing state to Online and flushing buffer"}
[GROUPS] Failed to prefetch group names: rate-overlimit
{"level":50,"time":1772728560159,"pid":93202,"hostname":"Mohans-iMac.local","node":{"tag":"stream:error","attrs":{},"content":[{"tag":"conflict","attrs":{"type":"replaced"}}]},"msg":"stream errored out"}
[DISCONNECTED] Status: 440, intentional: false
[RECONNECT] Attempt 1/50 in 2000ms
[AUTH] Using MongoDB-backed auth state
[BAILEYS] Starting v2.3000.1033846690
{"level":40,"time":1772728562687,"pid":93202,"hostname":"Mohans-iMac.local","msg":"Timeout in AwaitingInitialSync, forcing state to Online and flushing buffer"}
[CONNECTED] WhatsApp connected as: 919309986820:75@s.whatsapp.net Swar Yoga
[GROUPS] Prefetched 273 group names
{"level":50,"time":1772728566153,"pid":93202,"hostname":"Mohans-iMac.local","node":{"tag":"stream:error","attrs":{},"content":[{"tag":"conflict","attrs":{"type":"replaced"}}]},"msg":"stream errored out"}
[DISCONNECTED] Status: 440, intentional: false
[RECONNECT] Attempt 1/50 in 2000ms
{"level":50,"time":1772728566154,"pid":93202,"hostname":"Mohans-iMac.local","err":{"type":"Error","message":"Connection Closed","stack":"Error: Connection Closed\n    at sendRawMessage (file:///Users/mohankalburgi/swaryoga.com-db/swaryoga.com-db/deploy/wa-baileys/node_modules/@whiskeysockets/baileys/lib/Socket/socket.js:56:19)\n    at sendNode (file:///Users/mohankalburgi/swaryoga.com-db/swaryoga.com-db/deploy/wa-baileys/node_modules/@whiskeysockets/baileys/lib/Socket/socket.js:75:16)\n    at sendMessageAck (file:///Users/mohankalburgi/swaryoga.com-db/swaryoga.com-db/deploy/wa-baileys/node_modules/@whiskeysockets/baileys/lib/Socket/messages-recv.js:61:15)\n    at handleNotification (file:///Users/mohankalburgi/swaryoga.com-db/swaryoga.com-db/deploy/wa-baileys/node_modules/@whiskeysockets/baileys/lib/Socket/messages-recv.js:607:19)\n    at process.processTicksAndRejections (node:internal/process/task_queues:103:5)\n    at async processNodeWithBuffer (file:///Users/mohankalburgi/swaryoga.com-db/swaryoga.com-db/deploy/wa-baileys/node_modules/@whiskeysockets/baileys/lib/Socket/messages-recv.js:841:9)","data":null,"isBoom":true,"isServer":false,"output":{"statusCode":428,"payload":{"statusCode":428,"error":"Precondition Required","message":"Connection Closed"},"headers":{}}},"msg":"unexpected error in 'handling notification'"}
[AUTH] Using MongoDB-backed auth state
[BAILEYS] Starting v2.3000.1033846690
{"level":40,"time":1772728569054,"pid":93202,"hostname":"Mohans-iMac.local","msg":"Timeout in AwaitingInitialSync, forcing state to Online and flushing buffer"}
[CONNECTED] WhatsApp connected as: 919309986820:75@s.whatsapp.net Swar Yoga
[GROUPS] Failed to prefetch group names: rate-overlimit
{"level":50,"time":1772728571167,"pid":93202,"hostname":"Mohans-iMac.local","node":{"tag":"stream:error","attrs":{},"content":[{"tag":"conflict","attrs":{"type":"replaced"}}]},"msg":"stream errored out"}
[DISCONNECTED] Status: 440, intentional: false
[RECONNECT] Attempt 1/50 in 2000ms
[AUTH] Using MongoDB-backed auth state
[BAILEYS] Starting v2.3000.1033846690
[CONNECTED] WhatsApp connected as: 919309986820:75@s.whatsapp.net Swar Yoga
[LID-RESOLVE-DB] Found 18 unresolved LID contacts, querying DB...
[LID-RESOLVE-DB] Found 115 unique phone numbers in DB
[LID-MAP] 45101569028331 → 917875877083
[LID-MAP] 73628775387137 → 917766841117
[LID-MAP] 145994545103008 → 917738093173
[LID-MAP] 275449221521484 → 917588040535
[LID-MAP] 167297650040911 → 917428375992
[LID-MAP] 276626076086489 → 917217674566
[LID-MAP] 247587768688773 → 917000789090
[LID-MAP] 266494382481478 → 23058287667
{"level":40,"time":1772728575488,"pid":93202,"hostname":"Mohans-iMac.local","msg":"Timeout in AwaitingInitialSync, forcing state to Online and flushing buffer"}
{"level":50,"time":1772728576568,"pid":93202,"hostname":"Mohans-iMac.local","node":{"tag":"stream:error","attrs":{},"content":[{"tag":"conflict","attrs":{"type":"replaced"}}]},"msg":"stream errored out"}
[DISCONNECTED] Status: 440, intentional: false
[RECONNECT] Attempt 1/50 in 2000ms
[GROUPS] Prefetched 273 group names
[LID-MAP] 89575905038462 → 918968545566
[LID-MAP] 170312700284988 → 918962400660
[LID-MAP] 187389624459383 → 918920112808
[LID-MAP] 133719612465382 → 918888889078
[LID-MAP] 165244655648775 → 918767574117
[LID-MAP] 111867070537746 → 918765432100
[LID-MAP] 17811330060419 → 918668771411
[LID-MAP] 19761161347137 → 918511669921
[LID-MAP] 67744686952493 → 918427616270
[LID-MAP] 254129087742107 → 918308886918
[LID-MAP] 158355611992084 → 918275281029
[LID-MAP] 230098594713709 → 918223899969
[LID-MAP] 190202660306996 → 918180898066
[LID-MAP] 190185832714267 → 918149549354
[LID-MAP] 186689410596935 → 918149238319
[LID-MAP] 155151516098776 → 918130910321
[LID-MAP] 187746559766560 → 917999774008
[LID-MAP] 162336895688852 → 917891119495
[LID-RESOLVE-DB] Batch query error: Connection Closed
[LID-RESOLVE-DB] Batch query error: Connection Closed
[LID-RESOLVE-DB] Batch query error: Connection Closed
[AUTH] Using MongoDB-backed auth state
[LID-RESOLVE-DB] Batch query error: Cannot read properties of null (reading 'onWhatsApp')
[LID-RESOLVE-DB] ✅ Resolved 26 phone→LID mappings (total map: 54)
[LID-RESOLVE-DB] ✅ Updated 3 chat entries with phone numbers
[BAILEYS] Starting v2.3000.1033846690
[CONNECTED] WhatsApp connected as: 919309986820:75@s.whatsapp.net Swar Yoga
[GROUPS] Failed to prefetch group names: rate-overlimit
{"level":50,"time":1772728581384,"pid":93202,"hostname":"Mohans-iMac.local","node":{"tag":"stream:error","attrs":{},"content":[{"tag":"conflict","attrs":{"type":"replaced"}}]},"msg":"stream errored out"}
[DISCONNECTED] Status: 440, intentional: false
[RECONNECT] Attempt 1/50 in 2000ms
{"level":40,"time":1772728583308,"pid":93202,"hostname":"Mohans-iMac.local","msg":"Timeout in AwaitingInitialSync, forcing state to Online and flushing buffer"}
[AUTH] Using MongoDB-backed auth state
[BAILEYS] Starting v2.3000.1033846690
[CONNECTED] WhatsApp connected as: 919309986820:75@s.whatsapp.net Swar Yoga
[LID-RESOLVE-DB] Found 15 unresolved LID contacts, querying DB...
[LID-RESOLVE-DB] Found 115 unique phone numbers in DB
[LID-MAP] 45101569028331 → 917875877083
[LID-MAP] 73628775387137 → 917766841117
[LID-MAP] 145994545103008 → 917738093173
[LID-MAP] 275449221521484 → 917588040535
[LID-MAP] 167297650040911 → 917428375992
[LID-MAP] 276626076086489 → 917217674566
[LID-MAP] 247587768688773 → 917000789090
[LID-MAP] 266494382481478 → 23058287667
[LID-MAP] 89575905038462 → 918968545566
[LID-MAP] 170312700284988 → 918962400660
[LID-MAP] 187389624459383 → 918920112808
[LID-MAP] 133719612465382 → 918888889078
[LID-MAP] 165244655648775 → 918767574117
[LID-MAP] 111867070537746 → 918765432100
[LID-MAP] 17811330060419 → 918668771411
[LID-MAP] 19761161347137 → 918511669921
[LID-MAP] 67744686952493 → 918427616270
[LID-MAP] 254129087742107 → 918308886918
[LID-MAP] 158355611992084 → 918275281029
[LID-MAP] 230098594713709 → 918223899969
[LID-MAP] 190202660306996 → 918180898066
[LID-MAP] 190185832714267 → 918149549354
[LID-MAP] 186689410596935 → 918149238319
[LID-MAP] 155151516098776 → 918130910321
[LID-MAP] 187746559766560 → 917999774008
[LID-MAP] 162336895688852 → 917891119495
{"level":50,"time":1772728585939,"pid":93202,"hostname":"Mohans-iMac.local","node":{"tag":"stream:error","attrs":{},"content":[{"tag":"conflict","attrs":{"type":"replaced"}}]},"msg":"stream errored out"}
[DISCONNECTED] Status: 440, intentional: false
[RECONNECT] Attempt 1/50 in 2000ms
[LID-RESOLVE-DB] Batch query error: Connection Closed
[LID-RESOLVE-DB] Batch query error: Connection Closed
[LID-RESOLVE-DB] Batch query error: Connection Closed
[LID-RESOLVE-DB] Batch query error: Connection Closed
[LID-RESOLVE-DB] ✅ Resolved 26 phone→LID mappings (total map: 54)
[LID-RESOLVE-DB] ✅ Updated 3 chat entries with phone numbers
[AUTH] Using MongoDB-backed auth state
[BAILEYS] Starting v2.3000.1033846690
[CONNECTED] WhatsApp connected as: 919309986820:75@s.whatsapp.net Swar Yoga
{"level":40,"time":1772728589358,"pid":93202,"hostname":"Mohans-iMac.local","msg":"Timeout in AwaitingInitialSync, forcing state to Online and flushing buffer"}
[LID-RESOLVE-DB] Found 15 unresolved LID contacts, querying DB...
[LID-RESOLVE-DB] Found 115 unique phone numbers in DB
[LID-MAP] 45101569028331 → 917875877083
[LID-MAP] 73628775387137 → 917766841117
[LID-MAP] 145994545103008 → 917738093173
[LID-MAP] 275449221521484 → 917588040535
[LID-MAP] 167297650040911 → 917428375992
[LID-MAP] 276626076086489 → 917217674566
[LID-MAP] 247587768688773 → 917000789090
[LID-MAP] 266494382481478 → 23058287667
{"level":50,"time":1772728591921,"pid":93202,"hostname":"Mohans-iMac.local","node":{"tag":"stream:error","attrs":{},"content":[{"tag":"conflict","attrs":{"type":"replaced"}}]},"msg":"stream errored out"}
[DISCONNECTED] Status: 440, intentional: false
[RECONNECT] Attempt 1/50 in 2000ms
[GROUPS] Prefetched 273 group names
[AUTH] Using MongoDB-backed auth state
[BAILEYS] Starting v2.3000.1033846690
{"level":40,"time":1772728594314,"pid":93202,"hostname":"Mohans-iMac.local","msg":"Timeout in AwaitingInitialSync, forcing state to Online and flushing buffer"}
[CONNECTED] WhatsApp connected as: 919309986820:75@s.whatsapp.net Swar Yoga
{"level":50,"time":1772728596727,"pid":93202,"hostname":"Mohans-iMac.local","node":{"tag":"stream:error","attrs":{},"content":[{"tag":"conflict","attrs":{"type":"replaced"}}]},"msg":"stream errored out"}
[DISCONNECTED] Status: 440, intentional: false
[RECONNECT] Attempt 1/50 in 2000ms
[AUTH] Using MongoDB-backed auth state
[BAILEYS] Starting v2.3000.1033846690
{"level":40,"time":1772728599628,"pid":93202,"hostname":"Mohans-iMac.local","msg":"Timeout in AwaitingInitialSync, forcing state to Online and flushing buffer"}
[CONNECTED] WhatsApp connected as: 919309986820:75@s.whatsapp.net Swar Yoga
[LID-RESOLVE-DB] Found 15 unresolved LID contacts, querying DB...
[LID-RESOLVE-DB] Found 115 unique phone numbers in DB
[GROUPS] Failed to prefetch group names: rate-overlimit
[LID-MAP] 45101569028331 → 917875877083
[LID-MAP] 73628775387137 → 917766841117
[LID-MAP] 145994545103008 → 917738093173
[LID-MAP] 275449221521484 → 917588040535
[LID-MAP] 167297650040911 → 917428375992
[LID-MAP] 276626076086489 → 917217674566
[LID-MAP] 247587768688773 → 917000789090
[LID-MAP] 266494382481478 → 23058287667
[LID-MAP] 89575905038462 → 918968545566
[LID-MAP] 170312700284988 → 918962400660
[LID-MAP] 187389624459383 → 918920112808
[LID-MAP] 133719612465382 → 918888889078
[LID-MAP] 165244655648775 → 918767574117
[LID-MAP] 111867070537746 → 918765432100
[LID-MAP] 17811330060419 → 918668771411
[LID-MAP] 19761161347137 → 918511669921
[LID-MAP] 67744686952493 → 918427616270
[LID-MAP] 254129087742107 → 918308886918
[LID-MAP] 158355611992084 → 918275281029
[LID-MAP] 230098594713709 → 918223899969
[LID-MAP] 190202660306996 → 918180898066
[LID-MAP] 190185832714267 → 918149549354
[LID-MAP] 186689410596935 → 918149238319
[LID-MAP] 155151516098776 → 918130910321
[LID-MAP] 187746559766560 → 917999774008
[LID-MAP] 162336895688852 → 917891119495
{"level":50,"time":1772728601471,"pid":93202,"hostname":"Mohans-iMac.local","node":{"tag":"stream:error","attrs":{},"content":[{"tag":"conflict","attrs":{"type":"replaced"}}]},"msg":"stream errored out"}
[DISCONNECTED] Status: 440, intentional: false
[RECONNECT] Attempt 1/50 in 2000ms
[LID-RESOLVE-DB] Batch query error: Connection Closed
[LID-RESOLVE-DB] Batch query error: Connection Closed
[LID-RESOLVE-DB] Batch query error: Connection Closed
[LID-RESOLVE-DB] Batch query error: Connection Closed
[LID-RESOLVE-DB] ✅ Resolved 26 phone→LID mappings (total map: 54)
[LID-RESOLVE-DB] ✅ Updated 3 chat entries with phone numbers
[AUTH] Using MongoDB-backed auth state
[BAILEYS] Starting v2.3000.1033846690
{"level":40,"time":1772728604443,"pid":93202,"hostname":"Mohans-iMac.local","msg":"Timeout in AwaitingInitialSync, forcing state to Online and flushing buffer"}
[CONNECTED] WhatsApp connected as: 919309986820:75@s.whatsapp.net Swar Yoga
[LID-RESOLVE-DB] Found 15 unresolved LID contacts, querying DB...
[LID-RESOLVE-DB] Found 115 unique phone numbers in DB
[LID-MAP] 45101569028331 → 917875877083
[LID-MAP] 73628775387137 → 917766841117
[LID-MAP] 145994545103008 → 917738093173
[LID-MAP] 275449221521484 → 917588040535
[LID-MAP] 167297650040911 → 917428375992
[LID-MAP] 276626076086489 → 917217674566
[LID-MAP] 247587768688773 → 917000789090
[LID-MAP] 266494382481478 → 23058287667
[LID-MAP] 89575905038462 → 918968545566
[LID-MAP] 170312700284988 → 918962400660
[LID-MAP] 187389624459383 → 918920112808
[LID-MAP] 133719612465382 → 918888889078
[LID-MAP] 165244655648775 → 918767574117
[LID-MAP] 111867070537746 → 918765432100
[LID-MAP] 17811330060419 → 918668771411
[LID-MAP] 19761161347137 → 918511669921
[LID-MAP] 67744686952493 → 918427616270
[LID-MAP] 254129087742107 → 918308886918
[LID-MAP] 158355611992084 → 918275281029
[LID-MAP] 230098594713709 → 918223899969
[LID-MAP] 190202660306996 → 918180898066
[LID-MAP] 190185832714267 → 918149549354
[LID-MAP] 186689410596935 → 918149238319
[LID-MAP] 155151516098776 → 918130910321
[LID-MAP] 187746559766560 → 917999774008
[LID-MAP] 162336895688852 → 917891119495
{"level":50,"time":1772728607697,"pid":93202,"hostname":"Mohans-iMac.local","node":{"tag":"stream:error","attrs":{},"content":[{"tag":"conflict","attrs":{"type":"replaced"}}]},"msg":"stream errored out"}
[DISCONNECTED] Status: 440, intentional: false
[RECONNECT] Attempt 1/50 in 2000ms
[GROUPS] Prefetched 273 group names
{"level":40,"time":1772728608999,"pid":93202,"hostname":"Mohans-iMac.local","msg":"Timeout in AwaitingInitialSync, forcing state to Online and flushing buffer"}
[AUTH] Using MongoDB-backed auth state
[BAILEYS] Starting v2.3000.1033846690
[CONNECTED] WhatsApp connected as: 919309986820:75@s.whatsapp.net Swar Yoga
{"level":50,"time":1772728612731,"pid":93202,"hostname":"Mohans-iMac.local","key":{"remoteJid":"258038028099636@lid","fromMe":true,"id":"A55900F774E304AC19E444D6EFBF9EEB"},"err":{"type":"PreKeyError","message":"Invalid PreKey ID","stack":"PreKeyError: Invalid PreKey ID\n    at SessionBuilder.initIncoming (/Users/mohankalburgi/swaryoga.com-db/swaryoga.com-db/deploy/wa-baileys/node_modules/libsignal/src/session_builder.js:66:19)\n    at process.processTicksAndRejections (node:internal/process/task_queues:103:5)\n    at async 1606351380725.0 [as awaitable] (/Users/mohankalburgi/swaryoga.com-db/swaryoga.com-db/deploy/wa-baileys/node_modules/libsignal/src/session_cipher.js:205:30)\n    at async _asyncQueueExecutor (/Users/mohankalburgi/swaryoga.com-db/swaryoga.com-db/deploy/wa-baileys/node_modules/libsignal/src/queue_job.js:20:29)","name":"PreKeyError"},"msg":"failed to decrypt message"}
[MSG] Skipping unhandled message type from 258038028099636@lid: 
[GROUPS] Prefetched 273 group names
{"level":50,"time":1772728614313,"pid":93202,"hostname":"Mohans-iMac.local","node":{"tag":"stream:error","attrs":{},"content":[{"tag":"conflict","attrs":{"type":"replaced"}}]},"msg":"stream errored out"}
[DISCONNECTED] Status: 440, intentional: false
[RECONNECT] Attempt 1/50 in 2000ms
{"level":40,"time":1772728614938,"pid":93202,"hostname":"Mohans-iMac.local","msg":"Timeout in AwaitingInitialSync, forcing state to Online and flushing buffer"}
[AUTH] Using MongoDB-backed auth state
[BAILEYS] Starting v2.3000.1033846690
{"level":50,"time":1772728617352,"pid":93202,"hostname":"Mohans-iMac.local","key":{"remoteJid":"258038028099636@lid","fromMe":true,"id":"A55900F774E304AC19E444D6EFBF9EEB"},"err":{"type":"PreKeyError","message":"Invalid PreKey ID","stack":"PreKeyError: Invalid PreKey ID\n    at SessionBuilder.initIncoming (/Users/mohankalburgi/swaryoga.com-db/swaryoga.com-db/deploy/wa-baileys/node_modules/libsignal/src/session_builder.js:66:19)\n    at process.processTicksAndRejections (node:internal/process/task_queues:103:5)\n    at async 1606351380725.0 [as awaitable] (/Users/mohankalburgi/swaryoga.com-db/swaryoga.com-db/deploy/wa-baileys/node_modules/libsignal/src/session_cipher.js:205:30)\n    at async _asyncQueueExecutor (/Users/mohankalburgi/swaryoga.com-db/swaryoga.com-db/deploy/wa-baileys/node_modules/libsignal/src/queue_job.js:20:29)","name":"PreKeyError"},"msg":"failed to decrypt message"}
[CONNECTED] WhatsApp connected as: 919309986820:75@s.whatsapp.net Swar Yoga
[CRASH-GUARD] Unhandled rejection: Error: Connection Closed
    at sendRawMessage (file:///Users/mohankalburgi/swaryoga.com-db/swaryoga.com-db/deploy/wa-baileys/node_modules/@whiskeysockets/baileys/lib/Socket/socket.js:56:19)
    at sendNode (file:///Users/mohankalburgi/swaryoga.com-db/swaryoga.com-db/deploy/wa-baileys/node_modules/@whiskeysockets/baileys/lib/Socket/socket.js:75:16)
    at file:///Users/mohankalburgi/swaryoga.com-db/swaryoga.com-db/deploy/wa-baileys/node_modules/@whiskeysockets/baileys/lib/Socket/messages-send.js:487:19
    at process.processTicksAndRejections (node:internal/process/task_queues:103:5)
    at async Object.transaction (file:///Users/mohankalburgi/swaryoga.com-db/swaryoga.com-db/deploy/wa-baileys/node_modules/@whiskeysockets/baileys/lib/Utils/auth-utils.js:126:26)
    at async relayMessage (file:///Users/mohankalburgi/swaryoga.com-db/swaryoga.com-db/deploy/wa-baileys/node_modules/@whiskeysockets/baileys/lib/Socket/messages-send.js:288:9)
    at async sendPeerDataOperationMessage (file:///Users/mohankalburgi/swaryoga.com-db/swaryoga.com-db/deploy/wa-baileys/node_modules/@whiskeysockets/baileys/lib/Socket/messages-send.js:211:23)
    at async sendRetryRequest (file:///Users/mohankalburgi/swaryoga.com-db/swaryoga.com-db/deploy/wa-baileys/node_modules/@whiskeysockets/baileys/lib/Socket/messages-recv.js:100:27)
    at async file:///Users/mohankalburgi/swaryoga.com-db/swaryoga.com-db/deploy/wa-baileys/node_modules/@whiskeysockets/baileys/lib/Socket/messages-recv.js:661:33
    at async file:///Users/mohankalburgi/swaryoga.com-db/swaryoga.com-db/deploy/wa-baileys/node_modules/@whiskeysockets/baileys/lib/Utils/make-mutex.js:16:36 {
  data: null,
  isBoom: true,
  isServer: false,
  output: {
    statusCode: 428,
    payload: {
      statusCode: 428,
      error: 'Precondition Required',
      message: 'Connection Closed'
    },
    headers: {}
  }
}
{"level":50,"time":1772728619245,"pid":93202,"hostname":"Mohans-iMac.local","node":{"tag":"stream:error","attrs":{},"content":[{"tag":"conflict","attrs":{"type":"replaced"}}]},"msg":"stream errored out"}
[DISCONNECTED] Status: 440, intentional: false
[RECONNECT] Attempt 1/50 in 2000ms
{"level":40,"time":1772728619906,"pid":93202,"hostname":"Mohans-iMac.local","msg":"Timeout in AwaitingInitialSync, forcing state to Online and flushing buffer"}
[AUTH] Using MongoDB-backed auth state
[BAILEYS] Starting v2.3000.1033846690
{"level":50,"time":1772728622207,"pid":93202,"hostname":"Mohans-iMac.local","key":{"remoteJid":"258038028099636@lid","fromMe":true,"id":"A55900F774E304AC19E444D6EFBF9EEB"},"err":{"type":"PreKeyError","message":"Invalid PreKey ID","stack":"PreKeyError: Invalid PreKey ID\n    at SessionBuilder.initIncoming (/Users/mohankalburgi/swaryoga.com-db/swaryoga.com-db/deploy/wa-baileys/node_modules/libsignal/src/session_builder.js:66:19)\n    at process.processTicksAndRejections (node:internal/process/task_queues:103:5)\n    at async 1606351380725.0 [as awaitable] (/Users/mohankalburgi/swaryoga.com-db/swaryoga.com-db/deploy/wa-baileys/node_modules/libsignal/src/session_cipher.js:205:30)\n    at async _asyncQueueExecutor (/Users/mohankalburgi/swaryoga.com-db/swaryoga.com-db/deploy/wa-baileys/node_modules/libsignal/src/queue_job.js:20:29)","name":"PreKeyError"},"msg":"failed to decrypt message"}
[CRASH-GUARD] Unhandled rejection: Error: Connection Closed
    at sendRawMessage (file:///Users/mohankalburgi/swaryoga.com-db/swaryoga.com-db/deploy/wa-baileys/node_modules/@whiskeysockets/baileys/lib/Socket/socket.js:56:19)
    at sendNode (file:///Users/mohankalburgi/swaryoga.com-db/swaryoga.com-db/deploy/wa-baileys/node_modules/@whiskeysockets/baileys/lib/Socket/socket.js:75:16)
    at file:///Users/mohankalburgi/swaryoga.com-db/swaryoga.com-db/deploy/wa-baileys/node_modules/@whiskeysockets/baileys/lib/Socket/messages-send.js:487:19
    at process.processTicksAndRejections (node:internal/process/task_queues:103:5)
    at async Object.transaction (file:///Users/mohankalburgi/swaryoga.com-db/swaryoga.com-db/deploy/wa-baileys/node_modules/@whiskeysockets/baileys/lib/Utils/auth-utils.js:126:26)
    at async relayMessage (file:///Users/mohankalburgi/swaryoga.com-db/swaryoga.com-db/deploy/wa-baileys/node_modules/@whiskeysockets/baileys/lib/Socket/messages-send.js:288:9)
    at async sendPeerDataOperationMessage (file:///Users/mohankalburgi/swaryoga.com-db/swaryoga.com-db/deploy/wa-baileys/node_modules/@whiskeysockets/baileys/lib/Socket/messages-send.js:211:23)
    at async sendRetryRequest (file:///Users/mohankalburgi/swaryoga.com-db/swaryoga.com-db/deploy/wa-baileys/node_modules/@whiskeysockets/baileys/lib/Socket/messages-recv.js:100:27)
    at async file:///Users/mohankalburgi/swaryoga.com-db/swaryoga.com-db/deploy/wa-baileys/node_modules/@whiskeysockets/baileys/lib/Socket/messages-recv.js:661:33
    at async file:///Users/mohankalburgi/swaryoga.com-db/swaryoga.com-db/deploy/wa-baileys/node_modules/@whiskeysockets/baileys/lib/Utils/make-mutex.js:16:36 {
  data: null,
  isBoom: true,
  isServer: false,
  output: {
    statusCode: 428,
    payload: {
      statusCode: 428,
      error: 'Precondition Required',
      message: 'Connection Closed'
    },
    headers: {}
  }
}
[CONNECTED] WhatsApp connected as: 919309986820:75@s.whatsapp.net Swar Yoga
[LID-RESOLVE-DB] Found 15 unresolved LID contacts, querying DB...
[LID-RESOLVE-DB] Found 115 unique phone numbers in DB
[LID-MAP] 45101569028331 → 917875877083
[LID-MAP] 73628775387137 → 917766841117
[LID-MAP] 145994545103008 → 917738093173
[LID-MAP] 275449221521484 → 917588040535
[LID-MAP] 167297650040911 → 917428375992
[LID-MAP] 276626076086489 → 917217674566
[LID-MAP] 247587768688773 → 917000789090
[LID-MAP] 266494382481478 → 23058287667
{"level":40,"time":1772728624543,"pid":93202,"hostname":"Mohans-iMac.local","msg":"Timeout in AwaitingInitialSync, forcing state to Online and flushing buffer"}
{"level":50,"time":1772728625764,"pid":93202,"hostname":"Mohans-iMac.local","node":{"tag":"stream:error","attrs":{},"content":[{"tag":"conflict","attrs":{"type":"replaced"}}]},"msg":"stream errored out"}
[DISCONNECTED] Status: 440, intentional: false
[RECONNECT] Attempt 1/50 in 2000ms
[GROUPS] Prefetched 273 group names
[CRASH-GUARD] Unhandled rejection: Error: Connection Closed
    at sendRawMessage (file:///Users/mohankalburgi/swaryoga.com-db/swaryoga.com-db/deploy/wa-baileys/node_modules/@whiskeysockets/baileys/lib/Socket/socket.js:56:19)
    at sendNode (file:///Users/mohankalburgi/swaryoga.com-db/swaryoga.com-db/deploy/wa-baileys/node_modules/@whiskeysockets/baileys/lib/Socket/socket.js:75:16)
    at file:///Users/mohankalburgi/swaryoga.com-db/swaryoga.com-db/deploy/wa-baileys/node_modules/@whiskeysockets/baileys/lib/Socket/messages-send.js:487:19
    at process.processTicksAndRejections (node:internal/process/task_queues:103:5)
    at async Object.transaction (file:///Users/mohankalburgi/swaryoga.com-db/swaryoga.com-db/deploy/wa-baileys/node_modules/@whiskeysockets/baileys/lib/Utils/auth-utils.js:126:26)
    at async relayMessage (file:///Users/mohankalburgi/swaryoga.com-db/swaryoga.com-db/deploy/wa-baileys/node_modules/@whiskeysockets/baileys/lib/Socket/messages-send.js:288:9)
    at async sendPeerDataOperationMessage (file:///Users/mohankalburgi/swaryoga.com-db/swaryoga.com-db/deploy/wa-baileys/node_modules/@whiskeysockets/baileys/lib/Socket/messages-send.js:211:23)
    at async sendRetryRequest (file:///Users/mohankalburgi/swaryoga.com-db/swaryoga.com-db/deploy/wa-baileys/node_modules/@whiskeysockets/baileys/lib/Socket/messages-recv.js:100:27)
    at async file:///Users/mohankalburgi/swaryoga.com-db/swaryoga.com-db/deploy/wa-baileys/node_modules/@whiskeysockets/baileys/lib/Socket/messages-recv.js:661:33
    at async file:///Users/mohankalburgi/swaryoga.com-db/swaryoga.com-db/deploy/wa-baileys/node_modules/@whiskeysockets/baileys/lib/Utils/make-mutex.js:16:36 {
  data: null,
  isBoom: true,
  isServer: false,
  output: {
    statusCode: 428,
    payload: {
      statusCode: 428,
      error: 'Precondition Required',
      message: 'Connection Closed'
    },
    headers: {}
  }
}
[AUTH] Using MongoDB-backed auth state
[BAILEYS] Starting v2.3000.1033846690
{"level":50,"time":1772728628890,"pid":93202,"hostname":"Mohans-iMac.local","key":{"remoteJid":"258038028099636@lid","fromMe":true,"id":"A55900F774E304AC19E444D6EFBF9EEB"},"err":{"type":"PreKeyError","message":"Invalid PreKey ID","stack":"PreKeyError: Invalid PreKey ID\n    at SessionBuilder.initIncoming (/Users/mohankalburgi/swaryoga.com-db/swaryoga.com-db/deploy/wa-baileys/node_modules/libsignal/src/session_builder.js:66:19)\n    at process.processTicksAndRejections (node:internal/process/task_queues:103:5)\n    at async 1606351380725.0 [as awaitable] (/Users/mohankalburgi/swaryoga.com-db/swaryoga.com-db/deploy/wa-baileys/node_modules/libsignal/src/session_cipher.js:205:30)\n    at async _asyncQueueExecutor (/Users/mohankalburgi/swaryoga.com-db/swaryoga.com-db/deploy/wa-baileys/node_modules/libsignal/src/queue_job.js:20:29)","name":"PreKeyError"},"msg":"failed to decrypt message"}
[CONNECTED] WhatsApp connected as: 919309986820:75@s.whatsapp.net Swar Yoga
{"level":40,"time":1772728630804,"pid":93202,"hostname":"Mohans-iMac.local","msg":"Timeout in AwaitingInitialSync, forcing state to Online and flushing buffer"}
{"level":50,"time":1772728631045,"pid":93202,"hostname":"Mohans-iMac.local","node":{"tag":"stream:error","attrs":{},"content":[{"tag":"conflict","attrs":{"type":"replaced"}}]},"msg":"stream errored out"}
[DISCONNECTED] Status: 440, intentional: false
[RECONNECT] Attempt 1/50 in 2000ms
[GROUPS] Prefetched 273 group names
[AUTH] Using MongoDB-backed auth state
[BAILEYS] Starting v2.3000.1033846690
[CRASH-GUARD] Unhandled rejection: Error: Connection Closed
    at sendRawMessage (file:///Users/mohankalburgi/swaryoga.com-db/swaryoga.com-db/deploy/wa-baileys/node_modules/@whiskeysockets/baileys/lib/Socket/socket.js:56:19)
    at sendNode (file:///Users/mohankalburgi/swaryoga.com-db/swaryoga.com-db/deploy/wa-baileys/node_modules/@whiskeysockets/baileys/lib/Socket/socket.js:75:16)
    at file:///Users/mohankalburgi/swaryoga.com-db/swaryoga.com-db/deploy/wa-baileys/node_modules/@whiskeysockets/baileys/lib/Socket/messages-send.js:487:19
    at process.processTicksAndRejections (node:internal/process/task_queues:103:5)
    at async Object.transaction (file:///Users/mohankalburgi/swaryoga.com-db/swaryoga.com-db/deploy/wa-baileys/node_modules/@whiskeysockets/baileys/lib/Utils/auth-utils.js:126:26)
    at async relayMessage (file:///Users/mohankalburgi/swaryoga.com-db/swaryoga.com-db/deploy/wa-baileys/node_modules/@whiskeysockets/baileys/lib/Socket/messages-send.js:288:9)
    at async sendPeerDataOperationMessage (file:///Users/mohankalburgi/swaryoga.com-db/swaryoga.com-db/deploy/wa-baileys/node_modules/@whiskeysockets/baileys/lib/Socket/messages-send.js:211:23)
    at async sendRetryRequest (file:///Users/mohankalburgi/swaryoga.com-db/swaryoga.com-db/deploy/wa-baileys/node_modules/@whiskeysockets/baileys/lib/Socket/messages-recv.js:100:27)
    at async file:///Users/mohankalburgi/swaryoga.com-db/swaryoga.com-db/deploy/wa-baileys/node_modules/@whiskeysockets/baileys/lib/Socket/messages-recv.js:661:33
    at async file:///Users/mohankalburgi/swaryoga.com-db/swaryoga.com-db/deploy/wa-baileys/node_modules/@whiskeysockets/baileys/lib/Utils/make-mutex.js:16:36 {
  data: null,
  isBoom: true,
  isServer: false,
  output: {
    statusCode: 428,
    payload: {
      statusCode: 428,
      error: 'Precondition Required',
      message: 'Connection Closed'
    },
    headers: {}
  }
}
{"level":50,"time":1772728634167,"pid":93202,"hostname":"Mohans-iMac.local","key":{"remoteJid":"258038028099636@lid","fromMe":true,"id":"A55900F774E304AC19E444D6EFBF9EEB"},"err":{"type":"PreKeyError","message":"Invalid PreKey ID","stack":"PreKeyError: Invalid PreKey ID\n    at SessionBuilder.initIncoming (/Users/mohankalburgi/swaryoga.com-db/swaryoga.com-db/deploy/wa-baileys/node_modules/libsignal/src/session_builder.js:66:19)\n    at process.processTicksAndRejections (node:internal/process/task_queues:103:5)\n    at async 1606351380725.0 [as awaitable] (/Users/mohankalburgi/swaryoga.com-db/swaryoga.com-db/deploy/wa-baileys/node_modules/libsignal/src/session_cipher.js:205:30)\n    at async _asyncQueueExecutor (/Users/mohankalburgi/swaryoga.com-db/swaryoga.com-db/deploy/wa-baileys/node_modules/libsignal/src/queue_job.js:20:29)","name":"PreKeyError"},"msg":"failed to decrypt message"}
[CONNECTED] WhatsApp connected as: 919309986820:75@s.whatsapp.net Swar Yoga
{"level":50,"time":1772728635981,"pid":93202,"hostname":"Mohans-iMac.local","node":{"tag":"stream:error","attrs":{},"content":[{"tag":"conflict","attrs":{"type":"replaced"}}]},"msg":"stream errored out"}
[DISCONNECTED] Status: 440, intentional: false
[RECONNECT] Attempt 1/50 in 2000ms
{"level":40,"time":1772728637332,"pid":93202,"hostname":"Mohans-iMac.local","msg":"Timeout in AwaitingInitialSync, forcing state to Online and flushing buffer"}
[AUTH] Using MongoDB-backed auth state
[BAILEYS] Starting v2.3000.1033846690
[CRASH-GUARD] Unhandled rejection: Error: Connection Closed
    at sendRawMessage (file:///Users/mohankalburgi/swaryoga.com-db/swaryoga.com-db/deploy/wa-baileys/node_modules/@whiskeysockets/baileys/lib/Socket/socket.js:56:19)
    at sendNode (file:///Users/mohankalburgi/swaryoga.com-db/swaryoga.com-db/deploy/wa-baileys/node_modules/@whiskeysockets/baileys/lib/Socket/socket.js:75:16)
    at file:///Users/mohankalburgi/swaryoga.com-db/swaryoga.com-db/deploy/wa-baileys/node_modules/@whiskeysockets/baileys/lib/Socket/messages-send.js:487:19
    at process.processTicksAndRejections (node:internal/process/task_queues:103:5)
    at async Object.transaction (file:///Users/mohankalburgi/swaryoga.com-db/swaryoga.com-db/deploy/wa-baileys/node_modules/@whiskeysockets/baileys/lib/Utils/auth-utils.js:126:26)
    at async relayMessage (file:///Users/mohankalburgi/swaryoga.com-db/swaryoga.com-db/deploy/wa-baileys/node_modules/@whiskeysockets/baileys/lib/Socket/messages-send.js:288:9)
    at async sendPeerDataOperationMessage (file:///Users/mohankalburgi/swaryoga.com-db/swaryoga.com-db/deploy/wa-baileys/node_modules/@whiskeysockets/baileys/lib/Socket/messages-send.js:211:23)
    at async sendRetryRequest (file:///Users/mohankalburgi/swaryoga.com-db/swaryoga.com-db/deploy/wa-baileys/node_modules/@whiskeysockets/baileys/lib/Socket/messages-recv.js:100:27)
    at async file:///Users/mohankalburgi/swaryoga.com-db/swaryoga.com-db/deploy/wa-baileys/node_modules/@whiskeysockets/baileys/lib/Socket/messages-recv.js:661:33
    at async file:///Users/mohankalburgi/swaryoga.com-db/swaryoga.com-db/deploy/wa-baileys/node_modules/@whiskeysockets/baileys/lib/Utils/make-mutex.js:16:36 {
  data: null,
  isBoom: true,
  isServer: false,
  output: {
    statusCode: 428,
    payload: {
      statusCode: 428,
      error: 'Precondition Required',
      message: 'Connection Closed'
    },
    headers: {}
  }
}
{"level":50,"time":1772728639353,"pid":93202,"hostname":"Mohans-iMac.local","key":{"remoteJid":"258038028099636@lid","fromMe":true,"id":"A55900F774E304AC19E444D6EFBF9EEB"},"err":{"type":"PreKeyError","message":"Invalid PreKey ID","stack":"PreKeyError: Invalid PreKey ID\n    at SessionBuilder.initIncoming (/Users/mohankalburgi/swaryoga.com-db/swaryoga.com-db/deploy/wa-baileys/node_modules/libsignal/src/session_builder.js:66:19)\n    at process.processTicksAndRejections (node:internal/process/task_queues:103:5)\n    at async 1606351380725.0 [as awaitable] (/Users/mohankalburgi/swaryoga.com-db/swaryoga.com-db/deploy/wa-baileys/node_modules/libsignal/src/session_cipher.js:205:30)\n    at async _asyncQueueExecutor (/Users/mohankalburgi/swaryoga.com-db/swaryoga.com-db/deploy/wa-baileys/node_modules/libsignal/src/queue_job.js:20:29)","name":"PreKeyError"},"msg":"failed to decrypt message"}
[CONNECTED] WhatsApp connected as: 919309986820:75@s.whatsapp.net Swar Yoga
{"level":50,"time":1772728640960,"pid":93202,"hostname":"Mohans-iMac.local","node":{"tag":"stream:error","attrs":{},"content":[{"tag":"conflict","attrs":{"type":"replaced"}}]},"msg":"stream errored out"}
[DISCONNECTED] Status: 440, intentional: false
[RECONNECT] Attempt 1/50 in 2000ms
{"level":40,"time":1772728642192,"pid":93202,"hostname":"Mohans-iMac.local","msg":"Timeout in AwaitingInitialSync, forcing state to Online and flushing buffer"}
[AUTH] Using MongoDB-backed auth state
[BAILEYS] Starting v2.3000.1033846690
{"level":50,"time":1772728644126,"pid":93202,"hostname":"Mohans-iMac.local","key":{"remoteJid":"258038028099636@lid","fromMe":true,"id":"A55900F774E304AC19E444D6EFBF9EEB"},"err":{"type":"PreKeyError","message":"Invalid PreKey ID","stack":"PreKeyError: Invalid PreKey ID\n    at SessionBuilder.initIncoming (/Users/mohankalburgi/swaryoga.com-db/swaryoga.com-db/deploy/wa-baileys/node_modules/libsignal/src/session_builder.js:66:19)\n    at process.processTicksAndRejections (node:internal/process/task_queues:103:5)\n    at async 1606351380725.0 [as awaitable] (/Users/mohankalburgi/swaryoga.com-db/swaryoga.com-db/deploy/wa-baileys/node_modules/libsignal/src/session_cipher.js:205:30)\n    at async _asyncQueueExecutor (/Users/mohankalburgi/swaryoga.com-db/swaryoga.com-db/deploy/wa-baileys/node_modules/libsignal/src/queue_job.js:20:29)","name":"PreKeyError"},"msg":"failed to decrypt message"}
[CONNECTED] WhatsApp connected as: 919309986820:75@s.whatsapp.net Swar Yoga
[CRASH-GUARD] Unhandled rejection: Error: Connection Closed
    at sendRawMessage (file:///Users/mohankalburgi/swaryoga.com-db/swaryoga.com-db/deploy/wa-baileys/node_modules/@whiskeysockets/baileys/lib/Socket/socket.js:56:19)
    at sendNode (file:///Users/mohankalburgi/swaryoga.com-db/swaryoga.com-db/deploy/wa-baileys/node_modules/@whiskeysockets/baileys/lib/Socket/socket.js:75:16)
    at file:///Users/mohankalburgi/swaryoga.com-db/swaryoga.com-db/deploy/wa-baileys/node_modules/@whiskeysockets/baileys/lib/Socket/messages-send.js:487:19
    at process.processTicksAndRejections (node:internal/process/task_queues:103:5)
    at async Object.transaction (file:///Users/mohankalburgi/swaryoga.com-db/swaryoga.com-db/deploy/wa-baileys/node_modules/@whiskeysockets/baileys/lib/Utils/auth-utils.js:126:26)
    at async relayMessage (file:///Users/mohankalburgi/swaryoga.com-db/swaryoga.com-db/deploy/wa-baileys/node_modules/@whiskeysockets/baileys/lib/Socket/messages-send.js:288:9)
    at async sendPeerDataOperationMessage (file:///Users/mohankalburgi/swaryoga.com-db/swaryoga.com-db/deploy/wa-baileys/node_modules/@whiskeysockets/baileys/lib/Socket/messages-send.js:211:23)
    at async sendRetryRequest (file:///Users/mohankalburgi/swaryoga.com-db/swaryoga.com-db/deploy/wa-baileys/node_modules/@whiskeysockets/baileys/lib/Socket/messages-recv.js:100:27)
    at async file:///Users/mohankalburgi/swaryoga.com-db/swaryoga.com-db/deploy/wa-baileys/node_modules/@whiskeysockets/baileys/lib/Socket/messages-recv.js:661:33
    at async file:///Users/mohankalburgi/swaryoga.com-db/swaryoga.com-db/deploy/wa-baileys/node_modules/@whiskeysockets/baileys/lib/Utils/make-mutex.js:16:36 {
  data: null,
  isBoom: true,
  isServer: false,
  output: {
    statusCode: 428,
    payload: {
      statusCode: 428,
      error: 'Precondition Required',
      message: 'Connection Closed'
    },
    headers: {}
  }
}
[GROUPS] Failed to prefetch group names: Timed Out
[GROUPS] Failed to prefetch group names: rate-overlimit
[LID-RESOLVE-DB] Found 15 unresolved LID contacts, querying DB...
[LID-RESOLVE-DB] Found 115 unique phone numbers in DB
[LID-MAP] 45101569028331 → 917875877083
[LID-MAP] 73628775387137 → 917766841117
[LID-MAP] 145994545103008 → 917738093173
[LID-MAP] 275449221521484 → 917588040535
[LID-MAP] 167297650040911 → 917428375992
[LID-MAP] 276626076086489 → 917217674566
[LID-MAP] 247587768688773 → 917000789090
[LID-MAP] 266494382481478 → 23058287667
[LID-MAP] 89575905038462 → 918968545566
[LID-MAP] 170312700284988 → 918962400660
[LID-MAP] 187389624459383 → 918920112808
[LID-MAP] 133719612465382 → 918888889078
[LID-MAP] 165244655648775 → 918767574117
[LID-MAP] 111867070537746 → 918765432100
[LID-MAP] 17811330060419 → 918668771411
[LID-MAP] 19761161347137 → 918511669921
[LID-MAP] 67744686952493 → 918427616270
[LID-MAP] 254129087742107 → 918308886918
[LID-MAP] 158355611992084 → 918275281029
[LID-MAP] 230098594713709 → 918223899969
[LID-MAP] 190202660306996 → 918180898066
[LID-MAP] 190185832714267 → 918149549354
[LID-MAP] 186689410596935 → 918149238319
[LID-MAP] 155151516098776 → 918130910321
[LID-MAP] 187746559766560 → 917999774008
[LID-MAP] 162336895688852 → 917891119495
{"level":50,"time":1772728645948,"pid":93202,"hostname":"Mohans-iMac.local","node":{"tag":"stream:error","attrs":{},"content":[{"tag":"conflict","attrs":{"type":"replaced"}}]},"msg":"stream errored out"}
[DISCONNECTED] Status: 440, intentional: false
[RECONNECT] Attempt 1/50 in 2000ms
[LID-RESOLVE-DB] Batch query error: Connection Closed
[LID-RESOLVE-DB] Batch query error: Connection Closed
[LID-RESOLVE-DB] Batch query error: Connection Closed
[LID-RESOLVE-DB] Batch query error: Connection Closed
[LID-RESOLVE-DB] ✅ Resolved 26 phone→LID mappings (total map: 54)
[LID-RESOLVE-DB] ✅ Updated 3 chat entries with phone numbers
[AUTH] Using MongoDB-backed auth state
[BAILEYS] Starting v2.3000.1033846690
{"level":40,"time":1772728648873,"pid":93202,"hostname":"Mohans-iMac.local","msg":"Timeout in AwaitingInitialSync, forcing state to Online and flushing buffer"}
{"level":50,"time":1772728649101,"pid":93202,"hostname":"Mohans-iMac.local","key":{"remoteJid":"258038028099636@lid","fromMe":true,"id":"A55900F774E304AC19E444D6EFBF9EEB"},"err":{"type":"PreKeyError","message":"Invalid PreKey ID","stack":"PreKeyError: Invalid PreKey ID\n    at SessionBuilder.initIncoming (/Users/mohankalburgi/swaryoga.com-db/swaryoga.com-db/deploy/wa-baileys/node_modules/libsignal/src/session_builder.js:66:19)\n    at process.processTicksAndRejections (node:internal/process/task_queues:103:5)\n    at async 1606351380725.0 [as awaitable] (/Users/mohankalburgi/swaryoga.com-db/swaryoga.com-db/deploy/wa-baileys/node_modules/libsignal/src/session_cipher.js:205:30)\n    at async _asyncQueueExecutor (/Users/mohankalburgi/swaryoga.com-db/swaryoga.com-db/deploy/wa-baileys/node_modules/libsignal/src/queue_job.js:20:29)","name":"PreKeyError"},"msg":"failed to decrypt message"}
[CRASH-GUARD] Unhandled rejection: Error: Connection Closed
    at sendRawMessage (file:///Users/mohankalburgi/swaryoga.com-db/swaryoga.com-db/deploy/wa-baileys/node_modules/@whiskeysockets/baileys/lib/Socket/socket.js:56:19)
    at sendNode (file:///Users/mohankalburgi/swaryoga.com-db/swaryoga.com-db/deploy/wa-baileys/node_modules/@whiskeysockets/baileys/lib/Socket/socket.js:75:16)
    at file:///Users/mohankalburgi/swaryoga.com-db/swaryoga.com-db/deploy/wa-baileys/node_modules/@whiskeysockets/baileys/lib/Socket/messages-send.js:487:19
    at process.processTicksAndRejections (node:internal/process/task_queues:103:5)
    at async Object.transaction (file:///Users/mohankalburgi/swaryoga.com-db/swaryoga.com-db/deploy/wa-baileys/node_modules/@whiskeysockets/baileys/lib/Utils/auth-utils.js:126:26)
    at async relayMessage (file:///Users/mohankalburgi/swaryoga.com-db/swaryoga.com-db/deploy/wa-baileys/node_modules/@whiskeysockets/baileys/lib/Socket/messages-send.js:288:9)
    at async sendPeerDataOperationMessage (file:///Users/mohankalburgi/swaryoga.com-db/swaryoga.com-db/deploy/wa-baileys/node_modules/@whiskeysockets/baileys/lib/Socket/messages-send.js:211:23)
    at async sendRetryRequest (file:///Users/mohankalburgi/swaryoga.com-db/swaryoga.com-db/deploy/wa-baileys/node_modules/@whiskeysockets/baileys/lib/Socket/messages-recv.js:100:27)
    at async file:///Users/mohankalburgi/swaryoga.com-db/swaryoga.com-db/deploy/wa-baileys/node_modules/@whiskeysockets/baileys/lib/Socket/messages-recv.js:661:33
    at async file:///Users/mohankalburgi/swaryoga.com-db/swaryoga.com-db/deploy/wa-baileys/node_modules/@whiskeysockets/baileys/lib/Utils/make-mutex.js:16:36 {
  data: null,
  isBoom: true,
  isServer: false,
  output: {
    statusCode: 428,
    payload: {
      statusCode: 428,
      error: 'Precondition Required',
      message: 'Connection Closed'
    },
    headers: {}
  }
}
[CONNECTED] WhatsApp connected as: 919309986820:75@s.whatsapp.net Swar Yoga
[GROUPS] Failed to prefetch group names: rate-overlimit
[LID-RESOLVE-DB] Batch query error: Timed Out
[LID-MAP] 104032781742301 → 919423784888
[LID-MAP] 211385556439229 → 919422880177
[LID-MAP] 232112967930011 → 919414888892
[LID-MAP] 128729380597926 → 919410838239
[LID-MAP] 232641383129333 → 919376770333
[LID-MAP] 262280868589677 → 919368675024
[LID-MAP] 70102540095695 → 919362802237
[LID-MAP] 57599990968399 → 919322331757
[LID-MAP] 1606351380725 → 919309986820
[LID-MAP] 38379962023988 → 919172552833
[LID-MAP] 173611587477549 → 919136052699
[LID-MAP] 249297601839190 → 919130692255
[LID-MAP] 79864933654620 → 919099874959
[LID-MAP] 75265074004185 → 919090030345
[LID-MAP] 258038028099636 → 919075358557
[LID-MAP] 29935938859035 → 919049855593
[LID-MAP] 190241314971715 → 919024212652
[LID-MAP] 38779477823516 → 919019239946
[LID-MAP] 117519029371104 → 918968562430
{"level":50,"time":1772728651286,"pid":93202,"hostname":"Mohans-iMac.local","node":{"tag":"stream:error","attrs":{},"content":[{"tag":"conflict","attrs":{"type":"replaced"}}]},"msg":"stream errored out"}
[DISCONNECTED] Status: 440, intentional: false
[RECONNECT] Attempt 1/50 in 2000ms
[LID-RESOLVE-DB] Batch query error: Connection Closed
[LID-RESOLVE-DB] Batch query error: Connection Closed
[LID-RESOLVE-DB] Batch query error: Connection Closed
[LID-RESOLVE-DB] ✅ Resolved 27 phone→LID mappings (total map: 92)
[LID-RESOLVE-DB] ✅ Updated 5 chat entries with phone numbers
[AUTH] Using MongoDB-backed auth state
[BAILEYS] Starting v2.3000.1033846690
[CRASH-GUARD] Unhandled rejection: Error: Connection Closed
    at sendRawMessage (file:///Users/mohankalburgi/swaryoga.com-db/swaryoga.com-db/deploy/wa-baileys/node_modules/@whiskeysockets/baileys/lib/Socket/socket.js:56:19)
    at sendNode (file:///Users/mohankalburgi/swaryoga.com-db/swaryoga.com-db/deploy/wa-baileys/node_modules/@whiskeysockets/baileys/lib/Socket/socket.js:75:16)
    at file:///Users/mohankalburgi/swaryoga.com-db/swaryoga.com-db/deploy/wa-baileys/node_modules/@whiskeysockets/baileys/lib/Socket/messages-send.js:487:19
    at process.processTicksAndRejections (node:internal/process/task_queues:103:5)
    at async Object.transaction (file:///Users/mohankalburgi/swaryoga.com-db/swaryoga.com-db/deploy/wa-baileys/node_modules/@whiskeysockets/baileys/lib/Utils/auth-utils.js:126:26)
    at async relayMessage (file:///Users/mohankalburgi/swaryoga.com-db/swaryoga.com-db/deploy/wa-baileys/node_modules/@whiskeysockets/baileys/lib/Socket/messages-send.js:288:9)
    at async sendPeerDataOperationMessage (file:///Users/mohankalburgi/swaryoga.com-db/swaryoga.com-db/deploy/wa-baileys/node_modules/@whiskeysockets/baileys/lib/Socket/messages-send.js:211:23)
    at async sendRetryRequest (file:///Users/mohankalburgi/swaryoga.com-db/swaryoga.com-db/deploy/wa-baileys/node_modules/@whiskeysockets/baileys/lib/Socket/messages-recv.js:100:27)
    at async file:///Users/mohankalburgi/swaryoga.com-db/swaryoga.com-db/deploy/wa-baileys/node_modules/@whiskeysockets/baileys/lib/Socket/messages-recv.js:661:33
    at async file:///Users/mohankalburgi/swaryoga.com-db/swaryoga.com-db/deploy/wa-baileys/node_modules/@whiskeysockets/baileys/lib/Utils/make-mutex.js:16:36 {
  data: null,
  isBoom: true,
  isServer: false,
  output: {
    statusCode: 428,
    payload: {
      statusCode: 428,
      error: 'Precondition Required',
      message: 'Connection Closed'
    },
    headers: {}
  }
}
{"level":40,"time":1772728654153,"pid":93202,"hostname":"Mohans-iMac.local","msg":"Timeout in AwaitingInitialSync, forcing state to Online and flushing buffer"}
{"level":50,"time":1772728654312,"pid":93202,"hostname":"Mohans-iMac.local","key":{"remoteJid":"258038028099636@lid","fromMe":true,"id":"A55900F774E304AC19E444D6EFBF9EEB"},"err":{"type":"PreKeyError","message":"Invalid PreKey ID","stack":"PreKeyError: Invalid PreKey ID\n    at SessionBuilder.initIncoming (/Users/mohankalburgi/swaryoga.com-db/swaryoga.com-db/deploy/wa-baileys/node_modules/libsignal/src/session_builder.js:66:19)\n    at process.processTicksAndRejections (node:internal/process/task_queues:103:5)\n    at async 1606351380725.0 [as awaitable] (/Users/mohankalburgi/swaryoga.com-db/swaryoga.com-db/deploy/wa-baileys/node_modules/libsignal/src/session_cipher.js:205:30)\n    at async _asyncQueueExecutor (/Users/mohankalburgi/swaryoga.com-db/swaryoga.com-db/deploy/wa-baileys/node_modules/libsignal/src/queue_job.js:20:29)","name":"PreKeyError"},"msg":"failed to decrypt message"}
[CONNECTED] WhatsApp connected as: 919309986820:75@s.whatsapp.net Swar Yoga
[GROUPS] Failed to prefetch group names: Timed Out
[GROUPS] Prefetched 273 group names
{"level":50,"time":1772728657316,"pid":93202,"hostname":"Mohans-iMac.local","node":{"tag":"stream:error","attrs":{},"content":[{"tag":"conflict","attrs":{"type":"replaced"}}]},"msg":"stream errored out"}
[DISCONNECTED] Status: 440, intentional: false
[RECONNECT] Attempt 1/50 in 2000ms
[AUTH] Using MongoDB-backed auth state
[CRASH-GUARD] Unhandled rejection: Error: Connection Closed
    at sendRawMessage (file:///Users/mohankalburgi/swaryoga.com-db/swaryoga.com-db/deploy/wa-baileys/node_modules/@whiskeysockets/baileys/lib/Socket/socket.js:56:19)
    at sendNode (file:///Users/mohankalburgi/swaryoga.com-db/swaryoga.com-db/deploy/wa-baileys/node_modules/@whiskeysockets/baileys/lib/Socket/socket.js:75:16)
    at file:///Users/mohankalburgi/swaryoga.com-db/swaryoga.com-db/deploy/wa-baileys/node_modules/@whiskeysockets/baileys/lib/Socket/messages-send.js:487:19
    at process.processTicksAndRejections (node:internal/process/task_queues:103:5)
    at async Object.transaction (file:///Users/mohankalburgi/swaryoga.com-db/swaryoga.com-db/deploy/wa-baileys/node_modules/@whiskeysockets/baileys/lib/Utils/auth-utils.js:126:26)
    at async relayMessage (file:///Users/mohankalburgi/swaryoga.com-db/swaryoga.com-db/deploy/wa-baileys/node_modules/@whiskeysockets/baileys/lib/Socket/messages-send.js:288:9)
    at async sendPeerDataOperationMessage (file:///Users/mohankalburgi/swaryoga.com-db/swaryoga.com-db/deploy/wa-baileys/node_modules/@whiskeysockets/baileys/lib/Socket/messages-send.js:211:23)
    at async sendRetryRequest (file:///Users/mohankalburgi/swaryoga.com-db/swaryoga.com-db/deploy/wa-baileys/node_modules/@whiskeysockets/baileys/lib/Socket/messages-recv.js:100:27)
    at async file:///Users/mohankalburgi/swaryoga.com-db/swaryoga.com-db/deploy/wa-baileys/node_modules/@whiskeysockets/baileys/lib/Socket/messages-recv.js:661:33
    at async file:///Users/mohankalburgi/swaryoga.com-db/swaryoga.com-db/deploy/wa-baileys/node_modules/@whiskeysockets/baileys/lib/Utils/make-mutex.js:16:36 {
  data: null,
  isBoom: true,
  isServer: false,
  output: {
    statusCode: 428,
    payload: {
      statusCode: 428,
      error: 'Precondition Required',
      message: 'Connection Closed'
    },
    headers: {}
  }
}
{"level":40,"time":1772728659333,"pid":93202,"hostname":"Mohans-iMac.local","msg":"Timeout in AwaitingInitialSync, forcing state to Online and flushing buffer"}
[BAILEYS] Starting v2.3000.1033846690
{"level":50,"time":1772728660648,"pid":93202,"hostname":"Mohans-iMac.local","key":{"remoteJid":"258038028099636@lid","fromMe":true,"id":"A55900F774E304AC19E444D6EFBF9EEB"},"err":{"type":"PreKeyError","message":"Invalid PreKey ID","stack":"PreKeyError: Invalid PreKey ID\n    at SessionBuilder.initIncoming (/Users/mohankalburgi/swaryoga.com-db/swaryoga.com-db/deploy/wa-baileys/node_modules/libsignal/src/session_builder.js:66:19)\n    at process.processTicksAndRejections (node:internal/process/task_queues:103:5)\n    at async 1606351380725.0 [as awaitable] (/Users/mohankalburgi/swaryoga.com-db/swaryoga.com-db/deploy/wa-baileys/node_modules/libsignal/src/session_cipher.js:205:30)\n    at async _asyncQueueExecutor (/Users/mohankalburgi/swaryoga.com-db/swaryoga.com-db/deploy/wa-baileys/node_modules/libsignal/src/queue_job.js:20:29)","name":"PreKeyError"},"msg":"failed to decrypt message"}
[CONNECTED] WhatsApp connected as: 919309986820:75@s.whatsapp.net Swar Yoga
[GROUPS] Failed to prefetch group names: rate-overlimit
{"level":50,"time":1772728662396,"pid":93202,"hostname":"Mohans-iMac.local","node":{"tag":"stream:error","attrs":{},"content":[{"tag":"conflict","attrs":{"type":"replaced"}}]},"msg":"stream errored out"}
[DISCONNECTED] Status: 440, intentional: false
[RECONNECT] Attempt 1/50 in 2000ms
{"level":40,"time":1772728664108,"pid":93202,"hostname":"Mohans-iMac.local","msg":"Timeout in AwaitingInitialSync, forcing state to Online and flushing buffer"}
[AUTH] Using MongoDB-backed auth state
[BAILEYS] Starting v2.3000.1033846690
{"level":50,"time":1772728665584,"pid":93202,"hostname":"Mohans-iMac.local","key":{"remoteJid":"258038028099636@lid","fromMe":true,"id":"A55900F774E304AC19E444D6EFBF9EEB"},"err":{"type":"PreKeyError","message":"Invalid PreKey ID","stack":"PreKeyError: Invalid PreKey ID\n    at SessionBuilder.initIncoming (/Users/mohankalburgi/swaryoga.com-db/swaryoga.com-db/deploy/wa-baileys/node_modules/libsignal/src/session_builder.js:66:19)\n    at process.processTicksAndRejections (node:internal/process/task_queues:103:5)\n    at async 1606351380725.0 [as awaitable] (/Users/mohankalburgi/swaryoga.com-db/swaryoga.com-db/deploy/wa-baileys/node_modules/libsignal/src/session_cipher.js:205:30)\n    at async _asyncQueueExecutor (/Users/mohankalburgi/swaryoga.com-db/swaryoga.com-db/deploy/wa-baileys/node_modules/libsignal/src/queue_job.js:20:29)","name":"PreKeyError"},"msg":"failed to decrypt message"}
{"level":50,"time":1772728665607,"pid":93202,"hostname":"Mohans-iMac.local","key":{"remoteJid":"status@broadcast","fromMe":false,"id":"ACFE1D1B527DC9DF588A1E83A1E738FC","participant":"67551262413037@lid","participantPn":"919422322498@s.whatsapp.net"},"err":{"type":"Error","message":"Received message with old counter: 100, 99","stack":"Error: Received message with old counter: 100, 99\n    at GroupCipher.getSenderKey (file:///Users/mohankalburgi/swaryoga.com-db/swaryoga.com-db/deploy/wa-baileys/node_modules/@whiskeysockets/baileys/lib/Signal/Group/group_cipher.js:62:19)\n    at Object.awaitable (file:///Users/mohankalburgi/swaryoga.com-db/swaryoga.com-db/deploy/wa-baileys/node_modules/@whiskeysockets/baileys/lib/Signal/Group/group_cipher.js:46:36)\n    at process.processTicksAndRejections (node:internal/process/task_queues:103:5)\n    at async _asyncQueueExecutor (file:///Users/mohankalburgi/swaryoga.com-db/swaryoga.com-db/deploy/wa-baileys/node_modules/@whiskeysockets/baileys/lib/Signal/Group/queue-job.js:10:29)"},"msg":"failed to decrypt message"}
[CRASH-GUARD] Unhandled rejection: Error: Connection Closed
    at sendRawMessage (file:///Users/mohankalburgi/swaryoga.com-db/swaryoga.com-db/deploy/wa-baileys/node_modules/@whiskeysockets/baileys/lib/Socket/socket.js:56:19)
    at sendNode (file:///Users/mohankalburgi/swaryoga.com-db/swaryoga.com-db/deploy/wa-baileys/node_modules/@whiskeysockets/baileys/lib/Socket/socket.js:75:16)
    at file:///Users/mohankalburgi/swaryoga.com-db/swaryoga.com-db/deploy/wa-baileys/node_modules/@whiskeysockets/baileys/lib/Socket/messages-send.js:487:19
    at process.processTicksAndRejections (node:internal/process/task_queues:103:5)
    at async Object.transaction (file:///Users/mohankalburgi/swaryoga.com-db/swaryoga.com-db/deploy/wa-baileys/node_modules/@whiskeysockets/baileys/lib/Utils/auth-utils.js:126:26)
    at async relayMessage (file:///Users/mohankalburgi/swaryoga.com-db/swaryoga.com-db/deploy/wa-baileys/node_modules/@whiskeysockets/baileys/lib/Socket/messages-send.js:288:9)
    at async sendPeerDataOperationMessage (file:///Users/mohankalburgi/swaryoga.com-db/swaryoga.com-db/deploy/wa-baileys/node_modules/@whiskeysockets/baileys/lib/Socket/messages-send.js:211:23)
    at async sendRetryRequest (file:///Users/mohankalburgi/swaryoga.com-db/swaryoga.com-db/deploy/wa-baileys/node_modules/@whiskeysockets/baileys/lib/Socket/messages-recv.js:100:27)
    at async file:///Users/mohankalburgi/swaryoga.com-db/swaryoga.com-db/deploy/wa-baileys/node_modules/@whiskeysockets/baileys/lib/Socket/messages-recv.js:661:33
    at async file:///Users/mohankalburgi/swaryoga.com-db/swaryoga.com-db/deploy/wa-baileys/node_modules/@whiskeysockets/baileys/lib/Utils/make-mutex.js:16:36 {
  data: null,
  isBoom: true,
  isServer: false,
  output: {
    statusCode: 428,
    payload: {
      statusCode: 428,
      error: 'Precondition Required',
      message: 'Connection Closed'
    },
    headers: {}
  }
}
{"level":50,"time":1772728665723,"pid":93202,"hostname":"Mohans-iMac.local","key":{"remoteJid":"status@broadcast","fromMe":false,"id":"AC9AC4E0DD57943C2910B7C4C7678819","participant":"67551262413037@lid","participantPn":"919422322498@s.whatsapp.net"},"err":{"type":"Error","message":"Received message with old counter: 101, 100","stack":"Error: Received message with old counter: 101, 100\n    at GroupCipher.getSenderKey (file:///Users/mohankalburgi/swaryoga.com-db/swaryoga.com-db/deploy/wa-baileys/node_modules/@whiskeysockets/baileys/lib/Signal/Group/group_cipher.js:62:19)\n    at Object.awaitable (file:///Users/mohankalburgi/swaryoga.com-db/swaryoga.com-db/deploy/wa-baileys/node_modules/@whiskeysockets/baileys/lib/Signal/Group/group_cipher.js:46:36)\n    at process.processTicksAndRejections (node:internal/process/task_queues:103:5)\n    at async _asyncQueueExecutor (file:///Users/mohankalburgi/swaryoga.com-db/swaryoga.com-db/deploy/wa-baileys/node_modules/@whiskeysockets/baileys/lib/Signal/Group/queue-job.js:10:29)"},"msg":"failed to decrypt message"}
[CONNECTED] WhatsApp connected as: 919309986820:75@s.whatsapp.net Swar Yoga
[LID-RESOLVE-DB] Batch query error: Timed Out
{"level":50,"time":1772728667375,"pid":93202,"hostname":"Mohans-iMac.local","node":{"tag":"stream:error","attrs":{},"content":[{"tag":"conflict","attrs":{"type":"replaced"}}]},"msg":"stream errored out"}
[DISCONNECTED] Status: 440, intentional: false
[RECONNECT] Attempt 1/50 in 2000ms
{"level":40,"time":1772728669083,"pid":93202,"hostname":"Mohans-iMac.local","msg":"Timeout in AwaitingInitialSync, forcing state to Online and flushing buffer"}
[AUTH] Using MongoDB-backed auth state
[BAILEYS] Starting v2.3000.1033846690
{"level":50,"time":1772728670816,"pid":93202,"hostname":"Mohans-iMac.local","key":{"remoteJid":"258038028099636@lid","fromMe":true,"id":"A55900F774E304AC19E444D6EFBF9EEB"},"err":{"type":"PreKeyError","message":"Invalid PreKey ID","stack":"PreKeyError: Invalid PreKey ID\n    at SessionBuilder.initIncoming (/Users/mohankalburgi/swaryoga.com-db/swaryoga.com-db/deploy/wa-baileys/node_modules/libsignal/src/session_builder.js:66:19)\n    at process.processTicksAndRejections (node:internal/process/task_queues:103:5)\n    at async 1606351380725.0 [as awaitable] (/Users/mohankalburgi/swaryoga.com-db/swaryoga.com-db/deploy/wa-baileys/node_modules/libsignal/src/session_cipher.js:205:30)\n    at async _asyncQueueExecutor (/Users/mohankalburgi/swaryoga.com-db/swaryoga.com-db/deploy/wa-baileys/node_modules/libsignal/src/queue_job.js:20:29)","name":"PreKeyError"},"msg":"failed to decrypt message"}
{"level":50,"time":1772728670831,"pid":93202,"hostname":"Mohans-iMac.local","key":{"remoteJid":"status@broadcast","fromMe":false,"id":"ACFE1D1B527DC9DF588A1E83A1E738FC","participant":"67551262413037@lid","participantPn":"919422322498@s.whatsapp.net"},"err":{"type":"Error","message":"Received message with old counter: 105, 99","stack":"Error: Received message with old counter: 105, 99\n    at GroupCipher.getSenderKey (file:///Users/mohankalburgi/swaryoga.com-db/swaryoga.com-db/deploy/wa-baileys/node_modules/@whiskeysockets/baileys/lib/Signal/Group/group_cipher.js:62:19)\n    at Object.awaitable (file:///Users/mohankalburgi/swaryoga.com-db/swaryoga.com-db/deploy/wa-baileys/node_modules/@whiskeysockets/baileys/lib/Signal/Group/group_cipher.js:46:36)\n    at process.processTicksAndRejections (node:internal/process/task_queues:103:5)\n    at async _asyncQueueExecutor (file:///Users/mohankalburgi/swaryoga.com-db/swaryoga.com-db/deploy/wa-baileys/node_modules/@whiskeysockets/baileys/lib/Signal/Group/queue-job.js:10:29)"},"msg":"failed to decrypt message"}
[CONNECTED] WhatsApp connected as: 919309986820:75@s.whatsapp.net Swar Yoga
{"level":50,"time":1772728673492,"pid":93202,"hostname":"Mohans-iMac.local","node":{"tag":"stream:error","attrs":{},"content":[{"tag":"conflict","attrs":{"type":"replaced"}}]},"msg":"stream errored out"}
[DISCONNECTED] Status: 440, intentional: false
[RECONNECT] Attempt 1/50 in 2000ms
[GROUPS] Prefetched 273 group names
{"level":40,"time":1772728674296,"pid":93202,"hostname":"Mohans-iMac.local","msg":"Timeout in AwaitingInitialSync, forcing state to Online and flushing buffer"}
[AUTH] Using MongoDB-backed auth state
[BAILEYS] Starting v2.3000.1033846690
{"level":50,"time":1772728676575,"pid":93202,"hostname":"Mohans-iMac.local","key":{"remoteJid":"258038028099636@lid","fromMe":true,"id":"A55900F774E304AC19E444D6EFBF9EEB"},"err":{"type":"PreKeyError","message":"Invalid PreKey ID","stack":"PreKeyError: Invalid PreKey ID\n    at SessionBuilder.initIncoming (/Users/mohankalburgi/swaryoga.com-db/swaryoga.com-db/deploy/wa-baileys/node_modules/libsignal/src/session_builder.js:66:19)\n    at process.processTicksAndRejections (node:internal/process/task_queues:103:5)\n    at async 1606351380725.0 [as awaitable] (/Users/mohankalburgi/swaryoga.com-db/swaryoga.com-db/deploy/wa-baileys/node_modules/libsignal/src/session_cipher.js:205:30)\n    at async _asyncQueueExecutor (/Users/mohankalburgi/swaryoga.com-db/swaryoga.com-db/deploy/wa-baileys/node_modules/libsignal/src/queue_job.js:20:29)","name":"PreKeyError"},"msg":"failed to decrypt message"}
{"level":50,"time":1772728676593,"pid":93202,"hostname":"Mohans-iMac.local","key":{"remoteJid":"status@broadcast","fromMe":false,"id":"ACFE1D1B527DC9DF588A1E83A1E738FC","participant":"67551262413037@lid","participantPn":"919422322498@s.whatsapp.net"},"err":{"type":"Error","message":"Received message with old counter: 109, 99","stack":"Error: Received message with old counter: 109, 99\n    at GroupCipher.getSenderKey (file:///Users/mohankalburgi/swaryoga.com-db/swaryoga.com-db/deploy/wa-baileys/node_modules/@whiskeysockets/baileys/lib/Signal/Group/group_cipher.js:62:19)\n    at Object.awaitable (file:///Users/mohankalburgi/swaryoga.com-db/swaryoga.com-db/deploy/wa-baileys/node_modules/@whiskeysockets/baileys/lib/Signal/Group/group_cipher.js:46:36)\n    at process.processTicksAndRejections (node:internal/process/task_queues:103:5)\n    at async _asyncQueueExecutor (file:///Users/mohankalburgi/swaryoga.com-db/swaryoga.com-db/deploy/wa-baileys/node_modules/@whiskeysockets/baileys/lib/Signal/Group/queue-job.js:10:29)"},"msg":"failed to decrypt message"}
[CONNECTED] WhatsApp connected as: 919309986820:75@s.whatsapp.net Swar Yoga
[GROUPS] Failed to prefetch group names: Timed Out
{"level":50,"time":1772728679757,"pid":93202,"hostname":"Mohans-iMac.local","node":{"tag":"stream:error","attrs":{},"content":[{"tag":"conflict","attrs":{"type":"replaced"}}]},"msg":"stream errored out"}
[DISCONNECTED] Status: 440, intentional: false
[RECONNECT] Attempt 1/50 in 2000ms
[GROUPS] Prefetched 273 group names
{"level":40,"time":1772728680631,"pid":93202,"hostname":"Mohans-iMac.local","msg":"Timeout in AwaitingInitialSync, forcing state to Online and flushing buffer"}
[AUTH] Using MongoDB-backed auth state
[BAILEYS] Starting v2.3000.1033846690
{"level":50,"time":1772728682922,"pid":93202,"hostname":"Mohans-iMac.local","key":{"remoteJid":"258038028099636@lid","fromMe":true,"id":"A55900F774E304AC19E444D6EFBF9EEB"},"err":{"type":"PreKeyError","message":"Invalid PreKey ID","stack":"PreKeyError: Invalid PreKey ID\n    at SessionBuilder.initIncoming (/Users/mohankalburgi/swaryoga.com-db/swaryoga.com-db/deploy/wa-baileys/node_modules/libsignal/src/session_builder.js:66:19)\n    at process.processTicksAndRejections (node:internal/process/task_queues:103:5)\n    at async 1606351380725.0 [as awaitable] (/Users/mohankalburgi/swaryoga.com-db/swaryoga.com-db/deploy/wa-baileys/node_modules/libsignal/src/session_cipher.js:205:30)\n    at async _asyncQueueExecutor (/Users/mohankalburgi/swaryoga.com-db/swaryoga.com-db/deploy/wa-baileys/node_modules/libsignal/src/queue_job.js:20:29)","name":"PreKeyError"},"msg":"failed to decrypt message"}
{"level":50,"time":1772728682936,"pid":93202,"hostname":"Mohans-iMac.local","key":{"remoteJid":"status@broadcast","fromMe":false,"id":"ACFE1D1B527DC9DF588A1E83A1E738FC","participant":"67551262413037@lid","participantPn":"919422322498@s.whatsapp.net"},"err":{"type":"Error","message":"Received message with old counter: 114, 99","stack":"Error: Received message with old counter: 114, 99\n    at GroupCipher.getSenderKey (file:///Users/mohankalburgi/swaryoga.com-db/swaryoga.com-db/deploy/wa-baileys/node_modules/@whiskeysockets/baileys/lib/Signal/Group/group_cipher.js:62:19)\n    at Object.awaitable (file:///Users/mohankalburgi/swaryoga.com-db/swaryoga.com-db/deploy/wa-baileys/node_modules/@whiskeysockets/baileys/lib/Signal/Group/group_cipher.js:46:36)\n    at process.processTicksAndRejections (node:internal/process/task_queues:103:5)\n    at async _asyncQueueExecutor (file:///Users/mohankalburgi/swaryoga.com-db/swaryoga.com-db/deploy/wa-baileys/node_modules/@whiskeysockets/baileys/lib/Signal/Group/queue-job.js:10:29)"},"msg":"failed to decrypt message"}
{"level":50,"time":1772728682941,"pid":93202,"hostname":"Mohans-iMac.local","key":{"remoteJid":"status@broadcast","fromMe":false,"id":"AC3100A8A54D564233253FE8D7548E2E","participant":"67551262413037@lid","participantPn":"919422322498@s.whatsapp.net"},"err":{"type":"Error","message":"Received message with old counter: 114, 113","stack":"Error: Received message with old counter: 114, 113\n    at GroupCipher.getSenderKey (file:///Users/mohankalburgi/swaryoga.com-db/swaryoga.com-db/deploy/wa-baileys/node_modules/@whiskeysockets/baileys/lib/Signal/Group/group_cipher.js:62:19)\n    at Object.awaitable (file:///Users/mohankalburgi/swaryoga.com-db/swaryoga.com-db/deploy/wa-baileys/node_modules/@whiskeysockets/baileys/lib/Signal/Group/group_cipher.js:46:36)\n    at process.processTicksAndRejections (node:internal/process/task_queues:103:5)\n    at async _asyncQueueExecutor (file:///Users/mohankalburgi/swaryoga.com-db/swaryoga.com-db/deploy/wa-baileys/node_modules/@whiskeysockets/baileys/lib/Signal/Group/queue-job.js:10:29)"},"msg":"failed to decrypt message"}
[CONNECTED] WhatsApp connected as: 919309986820:75@s.whatsapp.net Swar Yoga
[GROUPS] Failed to prefetch group names: rate-overlimit
[LID-RESOLVE-DB] Batch query error: Timed Out
[LID-MAP] 104032781742301 → 919423784888
[LID-MAP] 211385556439229 → 919422880177
[LID-MAP] 232112967930011 → 919414888892
[LID-MAP] 128729380597926 → 919410838239
[LID-MAP] 232641383129333 → 919376770333
[LID-MAP] 262280868589677 → 919368675024
[LID-MAP] 70102540095695 → 919362802237
[LID-MAP] 57599990968399 → 919322331757
[LID-MAP] 1606351380725 → 919309986820
[LID-MAP] 38379962023988 → 919172552833
[LID-MAP] 173611587477549 → 919136052699
[LID-MAP] 249297601839190 → 919130692255
[LID-MAP] 79864933654620 → 919099874959
[LID-MAP] 75265074004185 → 919090030345
[LID-MAP] 258038028099636 → 919075358557
[LID-MAP] 29935938859035 → 919049855593
[LID-MAP] 190241314971715 → 919024212652
[LID-MAP] 38779477823516 → 919019239946
[LID-MAP] 117519029371104 → 918968562430
{"level":50,"time":1772728684541,"pid":93202,"hostname":"Mohans-iMac.local","node":{"tag":"stream:error","attrs":{},"content":[{"tag":"conflict","attrs":{"type":"replaced"}}]},"msg":"stream errored out"}
[DISCONNECTED] Status: 440, intentional: false
[RECONNECT] Attempt 1/50 in 2000ms
[LID-RESOLVE-DB] Batch query error: Connection Closed
[LID-RESOLVE-DB] Batch query error: Connection Closed
{"level":40,"time":1772728685583,"pid":93202,"hostname":"Mohans-iMac.local","msg":"Timeout in AwaitingInitialSync, forcing state to Online and flushing buffer"}
[LID-RESOLVE-DB] Batch query error: Connection Closed
[LID-RESOLVE-DB] ✅ Resolved 27 phone→LID mappings (total map: 92)
[LID-RESOLVE-DB] ✅ Updated 5 chat entries with phone numbers
[AUTH] Using MongoDB-backed auth state
[BAILEYS] Starting v2.3000.1033846690
{"level":50,"time":1772728687582,"pid":93202,"hostname":"Mohans-iMac.local","key":{"remoteJid":"258038028099636@lid","fromMe":true,"id":"A55900F774E304AC19E444D6EFBF9EEB"},"err":{"type":"PreKeyError","message":"Invalid PreKey ID","stack":"PreKeyError: Invalid PreKey ID\n    at SessionBuilder.initIncoming (/Users/mohankalburgi/swaryoga.com-db/swaryoga.com-db/deploy/wa-baileys/node_modules/libsignal/src/session_builder.js:66:19)\n    at process.processTicksAndRejections (node:internal/process/task_queues:103:5)\n    at async 1606351380725.0 [as awaitable] (/Users/mohankalburgi/swaryoga.com-db/swaryoga.com-db/deploy/wa-baileys/node_modules/libsignal/src/session_cipher.js:205:30)\n    at async _asyncQueueExecutor (/Users/mohankalburgi/swaryoga.com-db/swaryoga.com-db/deploy/wa-baileys/node_modules/libsignal/src/queue_job.js:20:29)","name":"PreKeyError"},"msg":"failed to decrypt message"}
{"level":50,"time":1772728687603,"pid":93202,"hostname":"Mohans-iMac.local","key":{"remoteJid":"status@broadcast","fromMe":false,"id":"ACFE1D1B527DC9DF588A1E83A1E738FC","participant":"67551262413037@lid","participantPn":"919422322498@s.whatsapp.net"},"err":{"type":"Error","message":"Received message with old counter: 117, 99","stack":"Error: Received message with old counter: 117, 99\n    at GroupCipher.getSenderKey (file:///Users/mohankalburgi/swaryoga.com-db/swaryoga.com-db/deploy/wa-baileys/node_modules/@whiskeysockets/baileys/lib/Signal/Group/group_cipher.js:62:19)\n    at Object.awaitable (file:///Users/mohankalburgi/swaryoga.com-db/swaryoga.com-db/deploy/wa-baileys/node_modules/@whiskeysockets/baileys/lib/Signal/Group/group_cipher.js:46:36)\n    at process.processTicksAndRejections (node:internal/process/task_queues:103:5)\n    at async _asyncQueueExecutor (file:///Users/mohankalburgi/swaryoga.com-db/swaryoga.com-db/deploy/wa-baileys/node_modules/@whiskeysockets/baileys/lib/Signal/Group/queue-job.js:10:29)"},"msg":"failed to decrypt message"}
{"level":50,"time":1772728687610,"pid":93202,"hostname":"Mohans-iMac.local","key":{"remoteJid":"status@broadcast","fromMe":false,"id":"AC3100A8A54D564233253FE8D7548E2E","participant":"67551262413037@lid","participantPn":"919422322498@s.whatsapp.net"},"err":{"type":"Error","message":"Received message with old counter: 117, 113","stack":"Error: Received message with old counter: 117, 113\n    at GroupCipher.getSenderKey (file:///Users/mohankalburgi/swaryoga.com-db/swaryoga.com-db/deploy/wa-baileys/node_modules/@whiskeysockets/baileys/lib/Signal/Group/group_cipher.js:62:19)\n    at Object.awaitable (file:///Users/mohankalburgi/swaryoga.com-db/swaryoga.com-db/deploy/wa-baileys/node_modules/@whiskeysockets/baileys/lib/Signal/Group/group_cipher.js:46:36)\n    at process.processTicksAndRejections (node:internal/process/task_queues:103:5)\n    at async _asyncQueueExecutor (file:///Users/mohankalburgi/swaryoga.com-db/swaryoga.com-db/deploy/wa-baileys/node_modules/@whiskeysockets/baileys/lib/Signal/Group/queue-job.js:10:29)"},"msg":"failed to decrypt message"}
{"level":50,"time":1772728687693,"pid":93202,"hostname":"Mohans-iMac.local","key":{"remoteJid":"status@broadcast","fromMe":false,"id":"ACBC58409FBB2A1F0E6AA73D8AF4AAB4","participant":"67551262413037@lid","participantPn":"919422322498@s.whatsapp.net"},"err":{"type":"Error","message":"Received message with old counter: 118, 117","stack":"Error: Received message with old counter: 118, 117\n    at GroupCipher.getSenderKey (file:///Users/mohankalburgi/swaryoga.com-db/swaryoga.com-db/deploy/wa-baileys/node_modules/@whiskeysockets/baileys/lib/Signal/Group/group_cipher.js:62:19)\n    at Object.awaitable (file:///Users/mohankalburgi/swaryoga.com-db/swaryoga.com-db/deploy/wa-baileys/node_modules/@whiskeysockets/baileys/lib/Signal/Group/group_cipher.js:46:36)\n    at async _asyncQueueExecutor (file:///Users/mohankalburgi/swaryoga.com-db/swaryoga.com-db/deploy/wa-baileys/node_modules/@whiskeysockets/baileys/lib/Signal/Group/queue-job.js:10:29)"},"msg":"failed to decrypt message"}
[CONNECTED] WhatsApp connected as: 919309986820:75@s.whatsapp.net Swar Yoga
[LID-RESOLVE-DB] Found 13 unresolved LID contacts, querying DB...
[LID-RESOLVE-DB] Found 115 unique phone numbers in DB
[LID-MAP] 45101569028331 → 917875877083
[LID-MAP] 73628775387137 → 917766841117
[LID-MAP] 145994545103008 → 917738093173
[LID-MAP] 275449221521484 → 917588040535
[LID-MAP] 167297650040911 → 917428375992
[LID-MAP] 276626076086489 → 917217674566
[LID-MAP] 247587768688773 → 917000789090
[LID-MAP] 266494382481478 → 23058287667
{"level":50,"time":1772728690275,"pid":93202,"hostname":"Mohans-iMac.local","node":{"tag":"stream:error","attrs":{},"content":[{"tag":"conflict","attrs":{"type":"replaced"}}]},"msg":"stream errored out"}
[DISCONNECTED] Status: 440, intentional: false
[RECONNECT] Attempt 1/50 in 2000ms
[GROUPS] Prefetched 273 group names
[LID-MAP] 89575905038462 → 918968545566
[LID-MAP] 170312700284988 → 918962400660
[LID-MAP] 187389624459383 → 918920112808
[LID-MAP] 133719612465382 → 918888889078
[LID-MAP] 165244655648775 → 918767574117
[LID-MAP] 111867070537746 → 918765432100
[LID-MAP] 17811330060419 → 918668771411
[LID-MAP] 19761161347137 → 918511669921
[LID-MAP] 67744686952493 → 918427616270
[LID-MAP] 254129087742107 → 918308886918
[LID-MAP] 158355611992084 → 918275281029
[LID-MAP] 230098594713709 → 918223899969
[LID-MAP] 190202660306996 → 918180898066
[LID-MAP] 190185832714267 → 918149549354
[LID-MAP] 186689410596935 → 918149238319
[LID-MAP] 155151516098776 → 918130910321
[LID-MAP] 187746559766560 → 917999774008
[LID-MAP] 162336895688852 → 917891119495
[LID-RESOLVE-DB] Batch query error: Connection Closed
{"level":40,"time":1772728690807,"pid":93202,"hostname":"Mohans-iMac.local","msg":"Timeout in AwaitingInitialSync, forcing state to Online and flushing buffer"}
[LID-RESOLVE-DB] Batch query error: Connection Closed
[LID-RESOLVE-DB] Batch query error: Connection Closed
[AUTH] Using MongoDB-backed auth state
[LID-RESOLVE-DB] Batch query error: Cannot read properties of null (reading 'onWhatsApp')
[LID-RESOLVE-DB] ✅ Resolved 26 phone→LID mappings (total map: 92)
[LID-RESOLVE-DB] ✅ Updated 5 chat entries with phone numbers
[BAILEYS] Starting v2.3000.1033846690
{"level":50,"time":1772728693348,"pid":93202,"hostname":"Mohans-iMac.local","key":{"remoteJid":"258038028099636@lid","fromMe":true,"id":"A55900F774E304AC19E444D6EFBF9EEB"},"err":{"type":"PreKeyError","message":"Invalid PreKey ID","stack":"PreKeyError: Invalid PreKey ID\n    at SessionBuilder.initIncoming (/Users/mohankalburgi/swaryoga.com-db/swaryoga.com-db/deploy/wa-baileys/node_modules/libsignal/src/session_builder.js:66:19)\n    at process.processTicksAndRejections (node:internal/process/task_queues:103:5)\n    at async 1606351380725.0 [as awaitable] (/Users/mohankalburgi/swaryoga.com-db/swaryoga.com-db/deploy/wa-baileys/node_modules/libsignal/src/session_cipher.js:205:30)\n    at async _asyncQueueExecutor (/Users/mohankalburgi/swaryoga.com-db/swaryoga.com-db/deploy/wa-baileys/node_modules/libsignal/src/queue_job.js:20:29)","name":"PreKeyError"},"msg":"failed to decrypt message"}
{"level":50,"time":1772728693370,"pid":93202,"hostname":"Mohans-iMac.local","key":{"remoteJid":"status@broadcast","fromMe":false,"id":"ACFE1D1B527DC9DF588A1E83A1E738FC","participant":"67551262413037@lid","participantPn":"919422322498@s.whatsapp.net"},"err":{"type":"Error","message":"Received message with old counter: 122, 99","stack":"Error: Received message with old counter: 122, 99\n    at GroupCipher.getSenderKey (file:///Users/mohankalburgi/swaryoga.com-db/swaryoga.com-db/deploy/wa-baileys/node_modules/@whiskeysockets/baileys/lib/Signal/Group/group_cipher.js:62:19)\n    at Object.awaitable (file:///Users/mohankalburgi/swaryoga.com-db/swaryoga.com-db/deploy/wa-baileys/node_modules/@whiskeysockets/baileys/lib/Signal/Group/group_cipher.js:46:36)\n    at process.processTicksAndRejections (node:internal/process/task_queues:103:5)\n    at async _asyncQueueExecutor (file:///Users/mohankalburgi/swaryoga.com-db/swaryoga.com-db/deploy/wa-baileys/node_modules/@whiskeysockets/baileys/lib/Signal/Group/queue-job.js:10:29)"},"msg":"failed to decrypt message"}
{"level":50,"time":1772728693380,"pid":93202,"hostname":"Mohans-iMac.local","key":{"remoteJid":"status@broadcast","fromMe":false,"id":"AC3100A8A54D564233253FE8D7548E2E","participant":"67551262413037@lid","participantPn":"919422322498@s.whatsapp.net"},"err":{"type":"Error","message":"Received message with old counter: 122, 113","stack":"Error: Received message with old counter: 122, 113\n    at GroupCipher.getSenderKey (file:///Users/mohankalburgi/swaryoga.com-db/swaryoga.com-db/deploy/wa-baileys/node_modules/@whiskeysockets/baileys/lib/Signal/Group/group_cipher.js:62:19)\n    at Object.awaitable (file:///Users/mohankalburgi/swaryoga.com-db/swaryoga.com-db/deploy/wa-baileys/node_modules/@whiskeysockets/baileys/lib/Signal/Group/group_cipher.js:46:36)\n    at process.processTicksAndRejections (node:internal/process/task_queues:103:5)\n    at async _asyncQueueExecutor (file:///Users/mohankalburgi/swaryoga.com-db/swaryoga.com-db/deploy/wa-baileys/node_modules/@whiskeysockets/baileys/lib/Signal/Group/queue-job.js:10:29)"},"msg":"failed to decrypt message"}
[CONNECTED] WhatsApp connected as: 919309986820:75@s.whatsapp.net Swar Yoga
[GROUPS] Failed to prefetch group names: Timed Out
{"level":50,"time":1772728696044,"pid":93202,"hostname":"Mohans-iMac.local","node":{"tag":"stream:error","attrs":{},"content":[{"tag":"conflict","attrs":{"type":"replaced"}}]},"msg":"stream errored out"}
[DISCONNECTED] Status: 440, intentional: false
[RECONNECT] Attempt 1/50 in 2000ms
[GROUPS] Prefetched 273 group names
{"level":40,"time":1772728696557,"pid":93202,"hostname":"Mohans-iMac.local","msg":"Timeout in AwaitingInitialSync, forcing state to Online and flushing buffer"}
[AUTH] Using MongoDB-backed auth state
[BAILEYS] Starting v2.3000.1033846690
{"level":50,"time":1772728699281,"pid":93202,"hostname":"Mohans-iMac.local","key":{"remoteJid":"258038028099636@lid","fromMe":true,"id":"A55900F774E304AC19E444D6EFBF9EEB"},"err":{"type":"PreKeyError","message":"Invalid PreKey ID","stack":"PreKeyError: Invalid PreKey ID\n    at SessionBuilder.initIncoming (/Users/mohankalburgi/swaryoga.com-db/swaryoga.com-db/deploy/wa-baileys/node_modules/libsignal/src/session_builder.js:66:19)\n    at process.processTicksAndRejections (node:internal/process/task_queues:103:5)\n    at async 1606351380725.0 [as awaitable] (/Users/mohankalburgi/swaryoga.com-db/swaryoga.com-db/deploy/wa-baileys/node_modules/libsignal/src/session_cipher.js:205:30)\n    at async _asyncQueueExecutor (/Users/mohankalburgi/swaryoga.com-db/swaryoga.com-db/deploy/wa-baileys/node_modules/libsignal/src/queue_job.js:20:29)","name":"PreKeyError"},"msg":"failed to decrypt message"}
{"level":50,"time":1772728699307,"pid":93202,"hostname":"Mohans-iMac.local","key":{"remoteJid":"status@broadcast","fromMe":false,"id":"ACFE1D1B527DC9DF588A1E83A1E738FC","participant":"67551262413037@lid","participantPn":"919422322498@s.whatsapp.net"},"err":{"type":"Error","message":"Received message with old counter: 126, 99","stack":"Error: Received message with old counter: 126, 99\n    at GroupCipher.getSenderKey (file:///Users/mohankalburgi/swaryoga.com-db/swaryoga.com-db/deploy/wa-baileys/node_modules/@whiskeysockets/baileys/lib/Signal/Group/group_cipher.js:62:19)\n    at Object.awaitable (file:///Users/mohankalburgi/swaryoga.com-db/swaryoga.com-db/deploy/wa-baileys/node_modules/@whiskeysockets/baileys/lib/Signal/Group/group_cipher.js:46:36)\n    at process.processTicksAndRejections (node:internal/process/task_queues:103:5)\n    at async _asyncQueueExecutor (file:///Users/mohankalburgi/swaryoga.com-db/swaryoga.com-db/deploy/wa-baileys/node_modules/@whiskeysockets/baileys/lib/Signal/Group/queue-job.js:10:29)"},"msg":"failed to decrypt message"}
{"level":50,"time":1772728699317,"pid":93202,"hostname":"Mohans-iMac.local","key":{"remoteJid":"status@broadcast","fromMe":false,"id":"AC3100A8A54D564233253FE8D7548E2E","participant":"67551262413037@lid","participantPn":"919422322498@s.whatsapp.net"},"err":{"type":"Error","message":"Received message with old counter: 126, 113","stack":"Error: Received message with old counter: 126, 113\n    at GroupCipher.getSenderKey (file:///Users/mohankalburgi/swaryoga.com-db/swaryoga.com-db/deploy/wa-baileys/node_modules/@whiskeysockets/baileys/lib/Signal/Group/group_cipher.js:62:19)\n    at Object.awaitable (file:///Users/mohankalburgi/swaryoga.com-db/swaryoga.com-db/deploy/wa-baileys/node_modules/@whiskeysockets/baileys/lib/Signal/Group/group_cipher.js:46:36)\n    at process.processTicksAndRejections (node:internal/process/task_queues:103:5)\n    at async _asyncQueueExecutor (file:///Users/mohankalburgi/swaryoga.com-db/swaryoga.com-db/deploy/wa-baileys/node_modules/@whiskeysockets/baileys/lib/Signal/Group/queue-job.js:10:29)"},"msg":"failed to decrypt message"}
{"level":50,"time":1772728699404,"pid":93202,"hostname":"Mohans-iMac.local","key":{"remoteJid":"status@broadcast","fromMe":false,"id":"AC13AE1D2FDB0D0945120D7209F7265F","participant":"67551262413037@lid","participantPn":"919422322498@s.whatsapp.net"},"err":{"type":"Error","message":"Received message with old counter: 127, 126","stack":"Error: Received message with old counter: 127, 126\n    at GroupCipher.getSenderKey (file:///Users/mohankalburgi/swaryoga.com-db/swaryoga.com-db/deploy/wa-baileys/node_modules/@whiskeysockets/baileys/lib/Signal/Group/group_cipher.js:62:19)\n    at Object.awaitable (file:///Users/mohankalburgi/swaryoga.com-db/swaryoga.com-db/deploy/wa-baileys/node_modules/@whiskeysockets/baileys/lib/Signal/Group/group_cipher.js:46:36)\n    at async _asyncQueueExecutor (file:///Users/mohankalburgi/swaryoga.com-db/swaryoga.com-db/deploy/wa-baileys/node_modules/@whiskeysockets/baileys/lib/Signal/Group/queue-job.js:10:29)"},"msg":"failed to decrypt message"}
[CONNECTED] WhatsApp connected as: 919309986820:75@s.whatsapp.net Swar Yoga
[GROUPS] Failed to prefetch group names: Timed Out
[GROUPS] Failed to prefetch group names: rate-overlimit
{"level":50,"time":1772728700987,"pid":93202,"hostname":"Mohans-iMac.local","node":{"tag":"stream:error","attrs":{},"content":[{"tag":"conflict","attrs":{"type":"replaced"}}]},"msg":"stream errored out"}
[DISCONNECTED] Status: 440, intentional: false
[RECONNECT] Attempt 1/50 in 2000ms
{"level":40,"time":1772728702914,"pid":93202,"hostname":"Mohans-iMac.local","msg":"Timeout in AwaitingInitialSync, forcing state to Online and flushing buffer"}
[AUTH] Using MongoDB-backed auth state
[BAILEYS] Starting v2.3000.1033846690
{"level":50,"time":1772728704125,"pid":93202,"hostname":"Mohans-iMac.local","key":{"remoteJid":"258038028099636@lid","fromMe":true,"id":"A55900F774E304AC19E444D6EFBF9EEB"},"err":{"type":"PreKeyError","message":"Invalid PreKey ID","stack":"PreKeyError: Invalid PreKey ID\n    at SessionBuilder.initIncoming (/Users/mohankalburgi/swaryoga.com-db/swaryoga.com-db/deploy/wa-baileys/node_modules/libsignal/src/session_builder.js:66:19)\n    at process.processTicksAndRejections (node:internal/process/task_queues:103:5)\n    at async 1606351380725.0 [as awaitable] (/Users/mohankalburgi/swaryoga.com-db/swaryoga.com-db/deploy/wa-baileys/node_modules/libsignal/src/session_cipher.js:205:30)\n    at async _asyncQueueExecutor (/Users/mohankalburgi/swaryoga.com-db/swaryoga.com-db/deploy/wa-baileys/node_modules/libsignal/src/queue_job.js:20:29)","name":"PreKeyError"},"msg":"failed to decrypt message"}
{"level":50,"time":1772728704140,"pid":93202,"hostname":"Mohans-iMac.local","key":{"remoteJid":"status@broadcast","fromMe":false,"id":"ACFE1D1B527DC9DF588A1E83A1E738FC","participant":"67551262413037@lid","participantPn":"919422322498@s.whatsapp.net"},"err":{"type":"Error","message":"Received message with old counter: 130, 99","stack":"Error: Received message with old counter: 130, 99\n    at GroupCipher.getSenderKey (file:///Users/mohankalburgi/swaryoga.com-db/swaryoga.com-db/deploy/wa-baileys/node_modules/@whiskeysockets/baileys/lib/Signal/Group/group_cipher.js:62:19)\n    at Object.awaitable (file:///Users/mohankalburgi/swaryoga.com-db/swaryoga.com-db/deploy/wa-baileys/node_modules/@whiskeysockets/baileys/lib/Signal/Group/group_cipher.js:46:36)\n    at process.processTicksAndRejections (node:internal/process/task_queues:103:5)\n    at async _asyncQueueExecutor (file:///Users/mohankalburgi/swaryoga.com-db/swaryoga.com-db/deploy/wa-baileys/node_modules/@whiskeysockets/baileys/lib/Signal/Group/queue-job.js:10:29)"},"msg":"failed to decrypt message"}
{"level":50,"time":1772728704147,"pid":93202,"hostname":"Mohans-iMac.local","key":{"remoteJid":"status@broadcast","fromMe":false,"id":"AC3100A8A54D564233253FE8D7548E2E","participant":"67551262413037@lid","participantPn":"919422322498@s.whatsapp.net"},"err":{"type":"Error","message":"Received message with old counter: 130, 113","stack":"Error: Received message with old counter: 130, 113\n    at GroupCipher.getSenderKey (file:///Users/mohankalburgi/swaryoga.com-db/swaryoga.com-db/deploy/wa-baileys/node_modules/@whiskeysockets/baileys/lib/Signal/Group/group_cipher.js:62:19)\n    at Object.awaitable (file:///Users/mohankalburgi/swaryoga.com-db/swaryoga.com-db/deploy/wa-baileys/node_modules/@whiskeysockets/baileys/lib/Signal/Group/group_cipher.js:46:36)\n    at process.processTicksAndRejections (node:internal/process/task_queues:103:5)\n    at async _asyncQueueExecutor (file:///Users/mohankalburgi/swaryoga.com-db/swaryoga.com-db/deploy/wa-baileys/node_modules/@whiskeysockets/baileys/lib/Signal/Group/queue-job.js:10:29)"},"msg":"failed to decrypt message"}
[CONNECTED] WhatsApp connected as: 919309986820:75@s.whatsapp.net Swar Yoga
[LID-RESOLVE-DB] Found 13 unresolved LID contacts, querying DB...
[LID-RESOLVE-DB] Found 115 unique phone numbers in DB
[GROUPS] Failed to prefetch group names: rate-overlimit
[LID-MAP] 45101569028331 → 917875877083
[LID-MAP] 73628775387137 → 917766841117
[LID-MAP] 145994545103008 → 917738093173
[LID-MAP] 275449221521484 → 917588040535
[LID-MAP] 167297650040911 → 917428375992
[LID-MAP] 276626076086489 → 917217674566
[LID-MAP] 247587768688773 → 917000789090
[LID-MAP] 266494382481478 → 23058287667
[LID-MAP] 89575905038462 → 918968545566
[LID-MAP] 170312700284988 → 918962400660
[LID-MAP] 187389624459383 → 918920112808
[LID-MAP] 133719612465382 → 918888889078
[LID-MAP] 165244655648775 → 918767574117
[LID-MAP] 111867070537746 → 918765432100
[LID-MAP] 17811330060419 → 918668771411
[LID-MAP] 19761161347137 → 918511669921
[LID-MAP] 67744686952493 → 918427616270
[LID-MAP] 254129087742107 → 918308886918
[LID-MAP] 158355611992084 → 918275281029
[LID-MAP] 230098594713709 → 918223899969
[LID-MAP] 190202660306996 → 918180898066
[LID-MAP] 190185832714267 → 918149549354
[LID-MAP] 186689410596935 → 918149238319
[LID-MAP] 155151516098776 → 918130910321
[LID-MAP] 187746559766560 → 917999774008
[LID-MAP] 162336895688852 → 917891119495
{"level":50,"time":1772728705912,"pid":93202,"hostname":"Mohans-iMac.local","node":{"tag":"stream:error","attrs":{},"content":[{"tag":"conflict","attrs":{"type":"replaced"}}]},"msg":"stream errored out"}
[DISCONNECTED] Status: 440, intentional: false
[RECONNECT] Attempt 1/50 in 2000ms
[LID-RESOLVE-DB] Batch query error: Connection Closed
[LID-RESOLVE-DB] Batch query error: Connection Closed
[LID-RESOLVE-DB] Batch query error: Connection Closed
[LID-RESOLVE-DB] Batch query error: Connection Closed
[LID-RESOLVE-DB] ✅ Resolved 26 phone→LID mappings (total map: 92)
[LID-RESOLVE-DB] ✅ Updated 5 chat entries with phone numbers
{"level":40,"time":1772728707565,"pid":93202,"hostname":"Mohans-iMac.local","msg":"Timeout in AwaitingInitialSync, forcing state to Online and flushing buffer"}
[AUTH] Using MongoDB-backed auth state
[BAILEYS] Starting v2.3000.1033846690
{"level":50,"time":1772728709326,"pid":93202,"hostname":"Mohans-iMac.local","key":{"remoteJid":"258038028099636@lid","fromMe":true,"id":"A55900F774E304AC19E444D6EFBF9EEB"},"err":{"type":"PreKeyError","message":"Invalid PreKey ID","stack":"PreKeyError: Invalid PreKey ID\n    at SessionBuilder.initIncoming (/Users/mohankalburgi/swaryoga.com-db/swaryoga.com-db/deploy/wa-baileys/node_modules/libsignal/src/session_builder.js:66:19)\n    at process.processTicksAndRejections (node:internal/process/task_queues:103:5)\n    at async 1606351380725.0 [as awaitable] (/Users/mohankalburgi/swaryoga.com-db/swaryoga.com-db/deploy/wa-baileys/node_modules/libsignal/src/session_cipher.js:205:30)\n    at async _asyncQueueExecutor (/Users/mohankalburgi/swaryoga.com-db/swaryoga.com-db/deploy/wa-baileys/node_modules/libsignal/src/queue_job.js:20:29)","name":"PreKeyError"},"msg":"failed to decrypt message"}
{"level":50,"time":1772728709350,"pid":93202,"hostname":"Mohans-iMac.local","key":{"remoteJid":"status@broadcast","fromMe":false,"id":"ACFE1D1B527DC9DF588A1E83A1E738FC","participant":"67551262413037@lid","participantPn":"919422322498@s.whatsapp.net"},"err":{"type":"Error","message":"Received message with old counter: 134, 99","stack":"Error: Received message with old counter: 134, 99\n    at GroupCipher.getSenderKey (file:///Users/mohankalburgi/swaryoga.com-db/swaryoga.com-db/deploy/wa-baileys/node_modules/@whiskeysockets/baileys/lib/Signal/Group/group_cipher.js:62:19)\n    at Object.awaitable (file:///Users/mohankalburgi/swaryoga.com-db/swaryoga.com-db/deploy/wa-baileys/node_modules/@whiskeysockets/baileys/lib/Signal/Group/group_cipher.js:46:36)\n    at process.processTicksAndRejections (node:internal/process/task_queues:103:5)\n    at async _asyncQueueExecutor (file:///Users/mohankalburgi/swaryoga.com-db/swaryoga.com-db/deploy/wa-baileys/node_modules/@whiskeysockets/baileys/lib/Signal/Group/queue-job.js:10:29)"},"msg":"failed to decrypt message"}
{"level":50,"time":1772728709361,"pid":93202,"hostname":"Mohans-iMac.local","key":{"remoteJid":"status@broadcast","fromMe":false,"id":"AC3100A8A54D564233253FE8D7548E2E","participant":"67551262413037@lid","participantPn":"919422322498@s.whatsapp.net"},"err":{"type":"Error","message":"Received message with old counter: 134, 113","stack":"Error: Received message with old counter: 134, 113\n    at GroupCipher.getSenderKey (file:///Users/mohankalburgi/swaryoga.com-db/swaryoga.com-db/deploy/wa-baileys/node_modules/@whiskeysockets/baileys/lib/Signal/Group/group_cipher.js:62:19)\n    at Object.awaitable (file:///Users/mohankalburgi/swaryoga.com-db/swaryoga.com-db/deploy/wa-baileys/node_modules/@whiskeysockets/baileys/lib/Signal/Group/group_cipher.js:46:36)\n    at process.processTicksAndRejections (node:internal/process/task_queues:103:5)\n    at async _asyncQueueExecutor (file:///Users/mohankalburgi/swaryoga.com-db/swaryoga.com-db/deploy/wa-baileys/node_modules/@whiskeysockets/baileys/lib/Signal/Group/queue-job.js:10:29)"},"msg":"failed to decrypt message"}
{"level":50,"time":1772728709370,"pid":93202,"hostname":"Mohans-iMac.local","key":{"remoteJid":"status@broadcast","fromMe":false,"id":"ACE62F16DA1471581C576E58D25D036C","participant":"67551262413037@lid","participantPn":"919422322498@s.whatsapp.net"},"err":{"type":"Error","message":"Received message with old counter: 134, 133","stack":"Error: Received message with old counter: 134, 133\n    at GroupCipher.getSenderKey (file:///Users/mohankalburgi/swaryoga.com-db/swaryoga.com-db/deploy/wa-baileys/node_modules/@whiskeysockets/baileys/lib/Signal/Group/group_cipher.js:62:19)\n    at Object.awaitable (file:///Users/mohankalburgi/swaryoga.com-db/swaryoga.com-db/deploy/wa-baileys/node_modules/@whiskeysockets/baileys/lib/Signal/Group/group_cipher.js:46:36)\n    at process.processTicksAndRejections (node:internal/process/task_queues:103:5)\n    at async _asyncQueueExecutor (file:///Users/mohankalburgi/swaryoga.com-db/swaryoga.com-db/deploy/wa-baileys/node_modules/@whiskeysockets/baileys/lib/Signal/Group/queue-job.js:10:29)"},"msg":"failed to decrypt message"}
[CONNECTED] WhatsApp connected as: 919309986820:75@s.whatsapp.net Swar Yoga
[GROUPS] Failed to prefetch group names: rate-overlimit
{"level":50,"time":1772728711153,"pid":93202,"hostname":"Mohans-iMac.local","node":{"tag":"stream:error","attrs":{},"content":[{"tag":"conflict","attrs":{"type":"replaced"}}]},"msg":"stream errored out"}
[DISCONNECTED] Status: 440, intentional: false
[RECONNECT] Attempt 1/50 in 2000ms
[AUTH] Using MongoDB-backed auth state
[BAILEYS] Starting v2.3000.1033846690
{"level":40,"time":1772728713331,"pid":93202,"hostname":"Mohans-iMac.local","msg":"Timeout in AwaitingInitialSync, forcing state to Online and flushing buffer"}
{"level":50,"time":1772728714463,"pid":93202,"hostname":"Mohans-iMac.local","key":{"remoteJid":"258038028099636@lid","fromMe":true,"id":"A55900F774E304AC19E444D6EFBF9EEB"},"err":{"type":"PreKeyError","message":"Invalid PreKey ID","stack":"PreKeyError: Invalid PreKey ID\n    at SessionBuilder.initIncoming (/Users/mohankalburgi/swaryoga.com-db/swaryoga.com-db/deploy/wa-baileys/node_modules/libsignal/src/session_builder.js:66:19)\n    at process.processTicksAndRejections (node:internal/process/task_queues:103:5)\n    at async 1606351380725.0 [as awaitable] (/Users/mohankalburgi/swaryoga.com-db/swaryoga.com-db/deploy/wa-baileys/node_modules/libsignal/src/session_cipher.js:205:30)\n    at async _asyncQueueExecutor (/Users/mohankalburgi/swaryoga.com-db/swaryoga.com-db/deploy/wa-baileys/node_modules/libsignal/src/queue_job.js:20:29)","name":"PreKeyError"},"msg":"failed to decrypt message"}
{"level":50,"time":1772728714481,"pid":93202,"hostname":"Mohans-iMac.local","key":{"remoteJid":"status@broadcast","fromMe":false,"id":"ACFE1D1B527DC9DF588A1E83A1E738FC","participant":"67551262413037@lid","participantPn":"919422322498@s.whatsapp.net"},"err":{"type":"Error","message":"Received message with old counter: 135, 99","stack":"Error: Received message with old counter: 135, 99\n    at GroupCipher.getSenderKey (file:///Users/mohankalburgi/swaryoga.com-db/swaryoga.com-db/deploy/wa-baileys/node_modules/@whiskeysockets/baileys/lib/Signal/Group/group_cipher.js:62:19)\n    at Object.awaitable (file:///Users/mohankalburgi/swaryoga.com-db/swaryoga.com-db/deploy/wa-baileys/node_modules/@whiskeysockets/baileys/lib/Signal/Group/group_cipher.js:46:36)\n    at process.processTicksAndRejections (node:internal/process/task_queues:103:5)\n    at async _asyncQueueExecutor (file:///Users/mohankalburgi/swaryoga.com-db/swaryoga.com-db/deploy/wa-baileys/node_modules/@whiskeysockets/baileys/lib/Signal/Group/queue-job.js:10:29)"},"msg":"failed to decrypt message"}
{"level":50,"time":1772728714489,"pid":93202,"hostname":"Mohans-iMac.local","key":{"remoteJid":"status@broadcast","fromMe":false,"id":"AC3100A8A54D564233253FE8D7548E2E","participant":"67551262413037@lid","participantPn":"919422322498@s.whatsapp.net"},"err":{"type":"Error","message":"Received message with old counter: 135, 113","stack":"Error: Received message with old counter: 135, 113\n    at GroupCipher.getSenderKey (file:///Users/mohankalburgi/swaryoga.com-db/swaryoga.com-db/deploy/wa-baileys/node_modules/@whiskeysockets/baileys/lib/Signal/Group/group_cipher.js:62:19)\n    at Object.awaitable (file:///Users/mohankalburgi/swaryoga.com-db/swaryoga.com-db/deploy/wa-baileys/node_modules/@whiskeysockets/baileys/lib/Signal/Group/group_cipher.js:46:36)\n    at process.processTicksAndRejections (node:internal/process/task_queues:103:5)\n    at async _asyncQueueExecutor (file:///Users/mohankalburgi/swaryoga.com-db/swaryoga.com-db/deploy/wa-baileys/node_modules/@whiskeysockets/baileys/lib/Signal/Group/queue-job.js:10:29)"},"msg":"failed to decrypt message"}
{"level":50,"time":1772728714496,"pid":93202,"hostname":"Mohans-iMac.local","key":{"remoteJid":"status@broadcast","fromMe":false,"id":"ACE62F16DA1471581C576E58D25D036C","participant":"67551262413037@lid","participantPn":"919422322498@s.whatsapp.net"},"err":{"type":"Error","message":"Received message with old counter: 135, 133","stack":"Error: Received message with old counter: 135, 133\n    at GroupCipher.getSenderKey (file:///Users/mohankalburgi/swaryoga.com-db/swaryoga.com-db/deploy/wa-baileys/node_modules/@whiskeysockets/baileys/lib/Signal/Group/group_cipher.js:62:19)\n    at Object.awaitable (file:///Users/mohankalburgi/swaryoga.com-db/swaryoga.com-db/deploy/wa-baileys/node_modules/@whiskeysockets/baileys/lib/Signal/Group/group_cipher.js:46:36)\n    at process.processTicksAndRejections (node:internal/process/task_queues:103:5)\n    at async _asyncQueueExecutor (file:///Users/mohankalburgi/swaryoga.com-db/swaryoga.com-db/deploy/wa-baileys/node_modules/@whiskeysockets/baileys/lib/Signal/Group/queue-job.js:10:29)"},"msg":"failed to decrypt message"}
[CONNECTED] WhatsApp connected as: 919309986820:75@s.whatsapp.net Swar Yoga
{"level":50,"time":1772728716957,"pid":93202,"hostname":"Mohans-iMac.local","node":{"tag":"stream:error","attrs":{},"content":[{"tag":"conflict","attrs":{"type":"replaced"}}]},"msg":"stream errored out"}
[DISCONNECTED] Status: 440, intentional: false
[RECONNECT] Attempt 1/50 in 2000ms
[GROUPS] Prefetched 273 group names
[AUTH] Using MongoDB-backed auth state
[BAILEYS] Starting v2.3000.1033846690
{"level":40,"time":1772728719275,"pid":93202,"hostname":"Mohans-iMac.local","msg":"Timeout in AwaitingInitialSync, forcing state to Online and flushing buffer"}
{"level":50,"time":1772728720083,"pid":93202,"hostname":"Mohans-iMac.local","key":{"remoteJid":"status@broadcast","fromMe":false,"id":"ACFE1D1B527DC9DF588A1E83A1E738FC","participant":"67551262413037@lid","participantPn":"919422322498@s.whatsapp.net"},"err":{"type":"Error","message":"Received message with old counter: 135, 99","stack":"Error: Received message with old counter: 135, 99\n    at GroupCipher.getSenderKey (file:///Users/mohankalburgi/swaryoga.com-db/swaryoga.com-db/deploy/wa-baileys/node_modules/@whiskeysockets/baileys/lib/Signal/Group/group_cipher.js:62:19)\n    at Object.awaitable (file:///Users/mohankalburgi/swaryoga.com-db/swaryoga.com-db/deploy/wa-baileys/node_modules/@whiskeysockets/baileys/lib/Signal/Group/group_cipher.js:46:36)\n    at process.processTicksAndRejections (node:internal/process/task_queues:103:5)\n    at async _asyncQueueExecutor (file:///Users/mohankalburgi/swaryoga.com-db/swaryoga.com-db/deploy/wa-baileys/node_modules/@whiskeysockets/baileys/lib/Signal/Group/queue-job.js:10:29)"},"msg":"failed to decrypt message"}
{"level":50,"time":1772728720088,"pid":93202,"hostname":"Mohans-iMac.local","key":{"remoteJid":"status@broadcast","fromMe":false,"id":"AC3100A8A54D564233253FE8D7548E2E","participant":"67551262413037@lid","participantPn":"919422322498@s.whatsapp.net"},"err":{"type":"Error","message":"Received message with old counter: 135, 113","stack":"Error: Received message with old counter: 135, 113\n    at GroupCipher.getSenderKey (file:///Users/mohankalburgi/swaryoga.com-db/swaryoga.com-db/deploy/wa-baileys/node_modules/@whiskeysockets/baileys/lib/Signal/Group/group_cipher.js:62:19)\n    at Object.awaitable (file:///Users/mohankalburgi/swaryoga.com-db/swaryoga.com-db/deploy/wa-baileys/node_modules/@whiskeysockets/baileys/lib/Signal/Group/group_cipher.js:46:36)\n    at process.processTicksAndRejections (node:internal/process/task_queues:103:5)\n    at async _asyncQueueExecutor (file:///Users/mohankalburgi/swaryoga.com-db/swaryoga.com-db/deploy/wa-baileys/node_modules/@whiskeysockets/baileys/lib/Signal/Group/queue-job.js:10:29)"},"msg":"failed to decrypt message"}
{"level":50,"time":1772728720093,"pid":93202,"hostname":"Mohans-iMac.local","key":{"remoteJid":"status@broadcast","fromMe":false,"id":"ACE62F16DA1471581C576E58D25D036C","participant":"67551262413037@lid","participantPn":"919422322498@s.whatsapp.net"},"err":{"type":"Error","message":"Received message with old counter: 135, 133","stack":"Error: Received message with old counter: 135, 133\n    at GroupCipher.getSenderKey (file:///Users/mohankalburgi/swaryoga.com-db/swaryoga.com-db/deploy/wa-baileys/node_modules/@whiskeysockets/baileys/lib/Signal/Group/group_cipher.js:62:19)\n    at Object.awaitable (file:///Users/mohankalburgi/swaryoga.com-db/swaryoga.com-db/deploy/wa-baileys/node_modules/@whiskeysockets/baileys/lib/Signal/Group/group_cipher.js:46:36)\n    at process.processTicksAndRejections (node:internal/process/task_queues:103:5)\n    at async _asyncQueueExecutor (file:///Users/mohankalburgi/swaryoga.com-db/swaryoga.com-db/deploy/wa-baileys/node_modules/@whiskeysockets/baileys/lib/Signal/Group/queue-job.js:10:29)"},"msg":"failed to decrypt message"}
[CONNECTED] WhatsApp connected as: 919309986820:75@s.whatsapp.net Swar Yoga
[GROUPS] Prefetched 273 group names
{"level":50,"time":1772728722572,"pid":93202,"hostname":"Mohans-iMac.local","node":{"tag":"stream:error","attrs":{},"content":[{"tag":"conflict","attrs":{"type":"replaced"}}]},"msg":"stream errored out"}
[DISCONNECTED] Status: 440, intentional: false
[RECONNECT] Attempt 1/50 in 2000ms
{"level":40,"time":1772728724128,"pid":93202,"hostname":"Mohans-iMac.local","msg":"Timeout in AwaitingInitialSync, forcing state to Online and flushing buffer"}
[AUTH] Using MongoDB-backed auth state
[BAILEYS] Starting v2.3000.1033846690
{"level":50,"time":1772728725644,"pid":93202,"hostname":"Mohans-iMac.local","key":{"remoteJid":"status@broadcast","fromMe":false,"id":"ACFE1D1B527DC9DF588A1E83A1E738FC","participant":"67551262413037@lid","participantPn":"919422322498@s.whatsapp.net"},"err":{"type":"Error","message":"Received message with old counter: 135, 99","stack":"Error: Received message with old counter: 135, 99\n    at GroupCipher.getSenderKey (file:///Users/mohankalburgi/swaryoga.com-db/swaryoga.com-db/deploy/wa-baileys/node_modules/@whiskeysockets/baileys/lib/Signal/Group/group_cipher.js:62:19)\n    at Object.awaitable (file:///Users/mohankalburgi/swaryoga.com-db/swaryoga.com-db/deploy/wa-baileys/node_modules/@whiskeysockets/baileys/lib/Signal/Group/group_cipher.js:46:36)\n    at process.processTicksAndRejections (node:internal/process/task_queues:103:5)\n    at async _asyncQueueExecutor (file:///Users/mohankalburgi/swaryoga.com-db/swaryoga.com-db/deploy/wa-baileys/node_modules/@whiskeysockets/baileys/lib/Signal/Group/queue-job.js:10:29)"},"msg":"failed to decrypt message"}
{"level":50,"time":1772728725651,"pid":93202,"hostname":"Mohans-iMac.local","key":{"remoteJid":"status@broadcast","fromMe":false,"id":"AC3100A8A54D564233253FE8D7548E2E","participant":"67551262413037@lid","participantPn":"919422322498@s.whatsapp.net"},"err":{"type":"Error","message":"Received message with old counter: 135, 113","stack":"Error: Received message with old counter: 135, 113\n    at GroupCipher.getSenderKey (file:///Users/mohankalburgi/swaryoga.com-db/swaryoga.com-db/deploy/wa-baileys/node_modules/@whiskeysockets/baileys/lib/Signal/Group/group_cipher.js:62:19)\n    at Object.awaitable (file:///Users/mohankalburgi/swaryoga.com-db/swaryoga.com-db/deploy/wa-baileys/node_modules/@whiskeysockets/baileys/lib/Signal/Group/group_cipher.js:46:36)\n    at process.processTicksAndRejections (node:internal/process/task_queues:103:5)\n    at async _asyncQueueExecutor (file:///Users/mohankalburgi/swaryoga.com-db/swaryoga.com-db/deploy/wa-baileys/node_modules/@whiskeysockets/baileys/lib/Signal/Group/queue-job.js:10:29)"},"msg":"failed to decrypt message"}
{"level":50,"time":1772728725657,"pid":93202,"hostname":"Mohans-iMac.local","key":{"remoteJid":"status@broadcast","fromMe":false,"id":"ACE62F16DA1471581C576E58D25D036C","participant":"67551262413037@lid","participantPn":"919422322498@s.whatsapp.net"},"err":{"type":"Error","message":"Received message with old counter: 135, 133","stack":"Error: Received message with old counter: 135, 133\n    at GroupCipher.getSenderKey (file:///Users/mohankalburgi/swaryoga.com-db/swaryoga.com-db/deploy/wa-baileys/node_modules/@whiskeysockets/baileys/lib/Signal/Group/group_cipher.js:62:19)\n    at Object.awaitable (file:///Users/mohankalburgi/swaryoga.com-db/swaryoga.com-db/deploy/wa-baileys/node_modules/@whiskeysockets/baileys/lib/Signal/Group/group_cipher.js:46:36)\n    at process.processTicksAndRejections (node:internal/process/task_queues:103:5)\n    at async _asyncQueueExecutor (file:///Users/mohankalburgi/swaryoga.com-db/swaryoga.com-db/deploy/wa-baileys/node_modules/@whiskeysockets/baileys/lib/Signal/Group/queue-job.js:10:29)"},"msg":"failed to decrypt message"}
[CONNECTED] WhatsApp connected as: 919309986820:75@s.whatsapp.net Swar Yoga
[GROUPS] Failed to prefetch group names: Timed Out
[LID-RESOLVE-DB] Batch query error: Timed Out
{"level":50,"time":1772728728161,"pid":93202,"hostname":"Mohans-iMac.local","node":{"tag":"stream:error","attrs":{},"content":[{"tag":"conflict","attrs":{"type":"replaced"}}]},"msg":"stream errored out"}
[DISCONNECTED] Status: 440, intentional: false
[RECONNECT] Attempt 1/50 in 2000ms
[GROUPS] Prefetched 273 group names
{"level":40,"time":1772728729307,"pid":93202,"hostname":"Mohans-iMac.local","msg":"Timeout in AwaitingInitialSync, forcing state to Online and flushing buffer"}
[AUTH] Using MongoDB-backed auth state
[BAILEYS] Starting v2.3000.1033846690
{"level":50,"time":1772728731623,"pid":93202,"hostname":"Mohans-iMac.local","key":{"remoteJid":"status@broadcast","fromMe":false,"id":"ACFE1D1B527DC9DF588A1E83A1E738FC","participant":"67551262413037@lid","participantPn":"919422322498@s.whatsapp.net"},"err":{"type":"Error","message":"Received message with old counter: 135, 99","stack":"Error: Received message with old counter: 135, 99\n    at GroupCipher.getSenderKey (file:///Users/mohankalburgi/swaryoga.com-db/swaryoga.com-db/deploy/wa-baileys/node_modules/@whiskeysockets/baileys/lib/Signal/Group/group_cipher.js:62:19)\n    at Object.awaitable (file:///Users/mohankalburgi/swaryoga.com-db/swaryoga.com-db/deploy/wa-baileys/node_modules/@whiskeysockets/baileys/lib/Signal/Group/group_cipher.js:46:36)\n    at process.processTicksAndRejections (node:internal/process/task_queues:103:5)\n    at async _asyncQueueExecutor (file:///Users/mohankalburgi/swaryoga.com-db/swaryoga.com-db/deploy/wa-baileys/node_modules/@whiskeysockets/baileys/lib/Signal/Group/queue-job.js:10:29)"},"msg":"failed to decrypt message"}
{"level":50,"time":1772728731630,"pid":93202,"hostname":"Mohans-iMac.local","key":{"remoteJid":"status@broadcast","fromMe":false,"id":"AC3100A8A54D564233253FE8D7548E2E","participant":"67551262413037@lid","participantPn":"919422322498@s.whatsapp.net"},"err":{"type":"Error","message":"Received message with old counter: 135, 113","stack":"Error: Received message with old counter: 135, 113\n    at GroupCipher.getSenderKey (file:///Users/mohankalburgi/swaryoga.com-db/swaryoga.com-db/deploy/wa-baileys/node_modules/@whiskeysockets/baileys/lib/Signal/Group/group_cipher.js:62:19)\n    at Object.awaitable (file:///Users/mohankalburgi/swaryoga.com-db/swaryoga.com-db/deploy/wa-baileys/node_modules/@whiskeysockets/baileys/lib/Signal/Group/group_cipher.js:46:36)\n    at process.processTicksAndRejections (node:internal/process/task_queues:103:5)\n    at async _asyncQueueExecutor (file:///Users/mohankalburgi/swaryoga.com-db/swaryoga.com-db/deploy/wa-baileys/node_modules/@whiskeysockets/baileys/lib/Signal/Group/queue-job.js:10:29)"},"msg":"failed to decrypt message"}
{"level":50,"time":1772728731637,"pid":93202,"hostname":"Mohans-iMac.local","key":{"remoteJid":"status@broadcast","fromMe":false,"id":"ACE62F16DA1471581C576E58D25D036C","participant":"67551262413037@lid","participantPn":"919422322498@s.whatsapp.net"},"err":{"type":"Error","message":"Received message with old counter: 135, 133","stack":"Error: Received message with old counter: 135, 133\n    at GroupCipher.getSenderKey (file:///Users/mohankalburgi/swaryoga.com-db/swaryoga.com-db/deploy/wa-baileys/node_modules/@whiskeysockets/baileys/lib/Signal/Group/group_cipher.js:62:19)\n    at Object.awaitable (file:///Users/mohankalburgi/swaryoga.com-db/swaryoga.com-db/deploy/wa-baileys/node_modules/@whiskeysockets/baileys/lib/Signal/Group/group_cipher.js:46:36)\n    at process.processTicksAndRejections (node:internal/process/task_queues:103:5)\n    at async _asyncQueueExecutor (file:///Users/mohankalburgi/swaryoga.com-db/swaryoga.com-db/deploy/wa-baileys/node_modules/@whiskeysockets/baileys/lib/Signal/Group/queue-job.js:10:29)"},"msg":"failed to decrypt message"}
[CONNECTED] WhatsApp connected as: 919309986820:75@s.whatsapp.net Swar Yoga
{"level":40,"time":1772728734447,"pid":93202,"hostname":"Mohans-iMac.local","msg":"Timeout in AwaitingInitialSync, forcing state to Online and flushing buffer"}
{"level":50,"time":1772728734507,"pid":93202,"hostname":"Mohans-iMac.local","node":{"tag":"stream:error","attrs":{},"content":[{"tag":"conflict","attrs":{"type":"replaced"}}]},"msg":"stream errored out"}
[DISCONNECTED] Status: 440, intentional: false
[RECONNECT] Attempt 1/50 in 2000ms
[GROUPS] Prefetched 273 group names
[AUTH] Using MongoDB-backed auth state
[BAILEYS] Starting v2.3000.1033846690
{"level":50,"time":1772728737909,"pid":93202,"hostname":"Mohans-iMac.local","key":{"remoteJid":"status@broadcast","fromMe":false,"id":"ACFE1D1B527DC9DF588A1E83A1E738FC","participant":"67551262413037@lid","participantPn":"919422322498@s.whatsapp.net"},"err":{"type":"Error","message":"Received message with old counter: 135, 99","stack":"Error: Received message with old counter: 135, 99\n    at GroupCipher.getSenderKey (file:///Users/mohankalburgi/swaryoga.com-db/swaryoga.com-db/deploy/wa-baileys/node_modules/@whiskeysockets/baileys/lib/Signal/Group/group_cipher.js:62:19)\n    at Object.awaitable (file:///Users/mohankalburgi/swaryoga.com-db/swaryoga.com-db/deploy/wa-baileys/node_modules/@whiskeysockets/baileys/lib/Signal/Group/group_cipher.js:46:36)\n    at process.processTicksAndRejections (node:internal/process/task_queues:103:5)\n    at async _asyncQueueExecutor (file:///Users/mohankalburgi/swaryoga.com-db/swaryoga.com-db/deploy/wa-baileys/node_modules/@whiskeysockets/baileys/lib/Signal/Group/queue-job.js:10:29)"},"msg":"failed to decrypt message"}
{"level":50,"time":1772728737915,"pid":93202,"hostname":"Mohans-iMac.local","key":{"remoteJid":"status@broadcast","fromMe":false,"id":"AC3100A8A54D564233253FE8D7548E2E","participant":"67551262413037@lid","participantPn":"919422322498@s.whatsapp.net"},"err":{"type":"Error","message":"Received message with old counter: 135, 113","stack":"Error: Received message with old counter: 135, 113\n    at GroupCipher.getSenderKey (file:///Users/mohankalburgi/swaryoga.com-db/swaryoga.com-db/deploy/wa-baileys/node_modules/@whiskeysockets/baileys/lib/Signal/Group/group_cipher.js:62:19)\n    at Object.awaitable (file:///Users/mohankalburgi/swaryoga.com-db/swaryoga.com-db/deploy/wa-baileys/node_modules/@whiskeysockets/baileys/lib/Signal/Group/group_cipher.js:46:36)\n    at process.processTicksAndRejections (node:internal/process/task_queues:103:5)\n    at async _asyncQueueExecutor (file:///Users/mohankalburgi/swaryoga.com-db/swaryoga.com-db/deploy/wa-baileys/node_modules/@whiskeysockets/baileys/lib/Signal/Group/queue-job.js:10:29)"},"msg":"failed to decrypt message"}
{"level":50,"time":1772728737920,"pid":93202,"hostname":"Mohans-iMac.local","key":{"remoteJid":"status@broadcast","fromMe":false,"id":"ACE62F16DA1471581C576E58D25D036C","participant":"67551262413037@lid","participantPn":"919422322498@s.whatsapp.net"},"err":{"type":"Error","message":"Received message with old counter: 135, 133","stack":"Error: Received message with old counter: 135, 133\n    at GroupCipher.getSenderKey (file:///Users/mohankalburgi/swaryoga.com-db/swaryoga.com-db/deploy/wa-baileys/node_modules/@whiskeysockets/baileys/lib/Signal/Group/group_cipher.js:62:19)\n    at Object.awaitable (file:///Users/mohankalburgi/swaryoga.com-db/swaryoga.com-db/deploy/wa-baileys/node_modules/@whiskeysockets/baileys/lib/Signal/Group/group_cipher.js:46:36)\n    at process.processTicksAndRejections (node:internal/process/task_queues:103:5)\n    at async _asyncQueueExecutor (file:///Users/mohankalburgi/swaryoga.com-db/swaryoga.com-db/deploy/wa-baileys/node_modules/@whiskeysockets/baileys/lib/Signal/Group/queue-job.js:10:29)"},"msg":"failed to decrypt message"}
[CONNECTED] WhatsApp connected as: 919309986820:75@s.whatsapp.net Swar Yoga
[GROUPS] Failed to prefetch group names: rate-overlimit
{"level":50,"time":1772728739464,"pid":93202,"hostname":"Mohans-iMac.local","node":{"tag":"stream:error","attrs":{},"content":[{"tag":"conflict","attrs":{"type":"replaced"}}]},"msg":"stream errored out"}
[DISCONNECTED] Status: 440, intentional: false
[RECONNECT] Attempt 1/50 in 2000ms
{"level":40,"time":1772728740071,"pid":93202,"hostname":"Mohans-iMac.local","msg":"Timeout in AwaitingInitialSync, forcing state to Online and flushing buffer"}
[AUTH] Using MongoDB-backed auth state
[BAILEYS] Starting v2.3000.1033846690
{"level":50,"time":1772728743003,"pid":93202,"hostname":"Mohans-iMac.local","key":{"remoteJid":"status@broadcast","fromMe":false,"id":"ACFE1D1B527DC9DF588A1E83A1E738FC","participant":"67551262413037@lid","participantPn":"919422322498@s.whatsapp.net"},"err":{"type":"Error","message":"Received message with old counter: 135, 99","stack":"Error: Received message with old counter: 135, 99\n    at GroupCipher.getSenderKey (file:///Users/mohankalburgi/swaryoga.com-db/swaryoga.com-db/deploy/wa-baileys/node_modules/@whiskeysockets/baileys/lib/Signal/Group/group_cipher.js:62:19)\n    at Object.awaitable (file:///Users/mohankalburgi/swaryoga.com-db/swaryoga.com-db/deploy/wa-baileys/node_modules/@whiskeysockets/baileys/lib/Signal/Group/group_cipher.js:46:36)\n    at process.processTicksAndRejections (node:internal/process/task_queues:103:5)\n    at async _asyncQueueExecutor (file:///Users/mohankalburgi/swaryoga.com-db/swaryoga.com-db/deploy/wa-baileys/node_modules/@whiskeysockets/baileys/lib/Signal/Group/queue-job.js:10:29)"},"msg":"failed to decrypt message"}
{"level":50,"time":1772728743014,"pid":93202,"hostname":"Mohans-iMac.local","key":{"remoteJid":"status@broadcast","fromMe":false,"id":"AC3100A8A54D564233253FE8D7548E2E","participant":"67551262413037@lid","participantPn":"919422322498@s.whatsapp.net"},"err":{"type":"Error","message":"Received message with old counter: 135, 113","stack":"Error: Received message with old counter: 135, 113\n    at GroupCipher.getSenderKey (file:///Users/mohankalburgi/swaryoga.com-db/swaryoga.com-db/deploy/wa-baileys/node_modules/@whiskeysockets/baileys/lib/Signal/Group/group_cipher.js:62:19)\n    at Object.awaitable (file:///Users/mohankalburgi/swaryoga.com-db/swaryoga.com-db/deploy/wa-baileys/node_modules/@whiskeysockets/baileys/lib/Signal/Group/group_cipher.js:46:36)\n    at process.processTicksAndRejections (node:internal/process/task_queues:103:5)\n    at async _asyncQueueExecutor (file:///Users/mohankalburgi/swaryoga.com-db/swaryoga.com-db/deploy/wa-baileys/node_modules/@whiskeysockets/baileys/lib/Signal/Group/queue-job.js:10:29)"},"msg":"failed to decrypt message"}
{"level":50,"time":1772728743024,"pid":93202,"hostname":"Mohans-iMac.local","key":{"remoteJid":"status@broadcast","fromMe":false,"id":"ACE62F16DA1471581C576E58D25D036C","participant":"67551262413037@lid","participantPn":"919422322498@s.whatsapp.net"},"err":{"type":"Error","message":"Received message with old counter: 135, 133","stack":"Error: Received message with old counter: 135, 133\n    at GroupCipher.getSenderKey (file:///Users/mohankalburgi/swaryoga.com-db/swaryoga.com-db/deploy/wa-baileys/node_modules/@whiskeysockets/baileys/lib/Signal/Group/group_cipher.js:62:19)\n    at Object.awaitable (file:///Users/mohankalburgi/swaryoga.com-db/swaryoga.com-db/deploy/wa-baileys/node_modules/@whiskeysockets/baileys/lib/Signal/Group/group_cipher.js:46:36)\n    at process.processTicksAndRejections (node:internal/process/task_queues:103:5)\n    at async _asyncQueueExecutor (file:///Users/mohankalburgi/swaryoga.com-db/swaryoga.com-db/deploy/wa-baileys/node_modules/@whiskeysockets/baileys/lib/Signal/Group/queue-job.js:10:29)"},"msg":"failed to decrypt message"}
[CONNECTED] WhatsApp connected as: 919309986820:75@s.whatsapp.net Swar Yoga
{"level":40,"time":1772728745625,"pid":93202,"hostname":"Mohans-iMac.local","msg":"Timeout in AwaitingInitialSync, forcing state to Online and flushing buffer"}
[GROUPS] Prefetched 273 group names
{"level":50,"time":1772728745847,"pid":93202,"hostname":"Mohans-iMac.local","node":{"tag":"stream:error","attrs":{},"content":[{"tag":"conflict","attrs":{"type":"replaced"}}]},"msg":"stream errored out"}
[DISCONNECTED] Status: 440, intentional: false
[RECONNECT] Attempt 1/50 in 2000ms
[AUTH] Using MongoDB-backed auth state
[BAILEYS] Starting v2.3000.1033846690
{"level":50,"time":1772728749149,"pid":93202,"hostname":"Mohans-iMac.local","key":{"remoteJid":"status@broadcast","fromMe":false,"id":"ACFE1D1B527DC9DF588A1E83A1E738FC","participant":"67551262413037@lid","participantPn":"919422322498@s.whatsapp.net"},"err":{"type":"Error","message":"Received message with old counter: 135, 99","stack":"Error: Received message with old counter: 135, 99\n    at GroupCipher.getSenderKey (file:///Users/mohankalburgi/swaryoga.com-db/swaryoga.com-db/deploy/wa-baileys/node_modules/@whiskeysockets/baileys/lib/Signal/Group/group_cipher.js:62:19)\n    at Object.awaitable (file:///Users/mohankalburgi/swaryoga.com-db/swaryoga.com-db/deploy/wa-baileys/node_modules/@whiskeysockets/baileys/lib/Signal/Group/group_cipher.js:46:36)\n    at process.processTicksAndRejections (node:internal/process/task_queues:103:5)\n    at async _asyncQueueExecutor (file:///Users/mohankalburgi/swaryoga.com-db/swaryoga.com-db/deploy/wa-baileys/node_modules/@whiskeysockets/baileys/lib/Signal/Group/queue-job.js:10:29)"},"msg":"failed to decrypt message"}
{"level":50,"time":1772728749154,"pid":93202,"hostname":"Mohans-iMac.local","key":{"remoteJid":"status@broadcast","fromMe":false,"id":"AC3100A8A54D564233253FE8D7548E2E","participant":"67551262413037@lid","participantPn":"919422322498@s.whatsapp.net"},"err":{"type":"Error","message":"Received message with old counter: 135, 113","stack":"Error: Received message with old counter: 135, 113\n    at GroupCipher.getSenderKey (file:///Users/mohankalburgi/swaryoga.com-db/swaryoga.com-db/deploy/wa-baileys/node_modules/@whiskeysockets/baileys/lib/Signal/Group/group_cipher.js:62:19)\n    at Object.awaitable (file:///Users/mohankalburgi/swaryoga.com-db/swaryoga.com-db/deploy/wa-baileys/node_modules/@whiskeysockets/baileys/lib/Signal/Group/group_cipher.js:46:36)\n    at process.processTicksAndRejections (node:internal/process/task_queues:103:5)\n    at async _asyncQueueExecutor (file:///Users/mohankalburgi/swaryoga.com-db/swaryoga.com-db/deploy/wa-baileys/node_modules/@whiskeysockets/baileys/lib/Signal/Group/queue-job.js:10:29)"},"msg":"failed to decrypt message"}
{"level":50,"time":1772728749159,"pid":93202,"hostname":"Mohans-iMac.local","key":{"remoteJid":"status@broadcast","fromMe":false,"id":"ACE62F16DA1471581C576E58D25D036C","participant":"67551262413037@lid","participantPn":"919422322498@s.whatsapp.net"},"err":{"type":"Error","message":"Received message with old counter: 135, 133","stack":"Error: Received message with old counter: 135, 133\n    at GroupCipher.getSenderKey (file:///Users/mohankalburgi/swaryoga.com-db/swaryoga.com-db/deploy/wa-baileys/node_modules/@whiskeysockets/baileys/lib/Signal/Group/group_cipher.js:62:19)\n    at Object.awaitable (file:///Users/mohankalburgi/swaryoga.com-db/swaryoga.com-db/deploy/wa-baileys/node_modules/@whiskeysockets/baileys/lib/Signal/Group/group_cipher.js:46:36)\n    at process.processTicksAndRejections (node:internal/process/task_queues:103:5)\n    at async _asyncQueueExecutor (file:///Users/mohankalburgi/swaryoga.com-db/swaryoga.com-db/deploy/wa-baileys/node_modules/@whiskeysockets/baileys/lib/Signal/Group/queue-job.js:10:29)"},"msg":"failed to decrypt message"}
[CONNECTED] WhatsApp connected as: 919309986820:75@s.whatsapp.net Swar Yoga
[GROUPS] Failed to prefetch group names: rate-overlimit
{"level":50,"time":1772728750774,"pid":93202,"hostname":"Mohans-iMac.local","node":{"tag":"stream:error","attrs":{},"content":[{"tag":"conflict","attrs":{"type":"replaced"}}]},"msg":"stream errored out"}
[DISCONNECTED] Status: 440, intentional: false
[RECONNECT] Attempt 1/50 in 2000ms
{"level":40,"time":1772728751607,"pid":93202,"hostname":"Mohans-iMac.local","msg":"Timeout in AwaitingInitialSync, forcing state to Online and flushing buffer"}
[AUTH] Using MongoDB-backed auth state
[BAILEYS] Starting v2.3000.1033846690
{"level":50,"time":1772728754163,"pid":93202,"hostname":"Mohans-iMac.local","key":{"remoteJid":"status@broadcast","fromMe":false,"id":"ACFE1D1B527DC9DF588A1E83A1E738FC","participant":"67551262413037@lid","participantPn":"919422322498@s.whatsapp.net"},"err":{"type":"Error","message":"Received message with old counter: 135, 99","stack":"Error: Received message with old counter: 135, 99\n    at GroupCipher.getSenderKey (file:///Users/mohankalburgi/swaryoga.com-db/swaryoga.com-db/deploy/wa-baileys/node_modules/@whiskeysockets/baileys/lib/Signal/Group/group_cipher.js:62:19)\n    at Object.awaitable (file:///Users/mohankalburgi/swaryoga.com-db/swaryoga.com-db/deploy/wa-baileys/node_modules/@whiskeysockets/baileys/lib/Signal/Group/group_cipher.js:46:36)\n    at process.processTicksAndRejections (node:internal/process/task_queues:103:5)\n    at async _asyncQueueExecutor (file:///Users/mohankalburgi/swaryoga.com-db/swaryoga.com-db/deploy/wa-baileys/node_modules/@whiskeysockets/baileys/lib/Signal/Group/queue-job.js:10:29)"},"msg":"failed to decrypt message"}
{"level":50,"time":1772728754169,"pid":93202,"hostname":"Mohans-iMac.local","key":{"remoteJid":"status@broadcast","fromMe":false,"id":"AC3100A8A54D564233253FE8D7548E2E","participant":"67551262413037@lid","participantPn":"919422322498@s.whatsapp.net"},"err":{"type":"Error","message":"Received message with old counter: 135, 113","stack":"Error: Received message with old counter: 135, 113\n    at GroupCipher.getSenderKey (file:///Users/mohankalburgi/swaryoga.com-db/swaryoga.com-db/deploy/wa-baileys/node_modules/@whiskeysockets/baileys/lib/Signal/Group/group_cipher.js:62:19)\n    at Object.awaitable (file:///Users/mohankalburgi/swaryoga.com-db/swaryoga.com-db/deploy/wa-baileys/node_modules/@whiskeysockets/baileys/lib/Signal/Group/group_cipher.js:46:36)\n    at process.processTicksAndRejections (node:internal/process/task_queues:103:5)\n    at async _asyncQueueExecutor (file:///Users/mohankalburgi/swaryoga.com-db/swaryoga.com-db/deploy/wa-baileys/node_modules/@whiskeysockets/baileys/lib/Signal/Group/queue-job.js:10:29)"},"msg":"failed to decrypt message"}
{"level":50,"time":1772728754174,"pid":93202,"hostname":"Mohans-iMac.local","key":{"remoteJid":"status@broadcast","fromMe":false,"id":"ACE62F16DA1471581C576E58D25D036C","participant":"67551262413037@lid","participantPn":"919422322498@s.whatsapp.net"},"err":{"type":"Error","message":"Received message with old counter: 135, 133","stack":"Error: Received message with old counter: 135, 133\n    at GroupCipher.getSenderKey (file:///Users/mohankalburgi/swaryoga.com-db/swaryoga.com-db/deploy/wa-baileys/node_modules/@whiskeysockets/baileys/lib/Signal/Group/group_cipher.js:62:19)\n    at Object.awaitable (file:///Users/mohankalburgi/swaryoga.com-db/swaryoga.com-db/deploy/wa-baileys/node_modules/@whiskeysockets/baileys/lib/Signal/Group/group_cipher.js:46:36)\n    at process.processTicksAndRejections (node:internal/process/task_queues:103:5)\n    at async _asyncQueueExecutor (file:///Users/mohankalburgi/swaryoga.com-db/swaryoga.com-db/deploy/wa-baileys/node_modules/@whiskeysockets/baileys/lib/Signal/Group/queue-job.js:10:29)"},"msg":"failed to decrypt message"}
[CONNECTED] WhatsApp connected as: 919309986820:75@s.whatsapp.net Swar Yoga
[LID-RESOLVE-DB] Found 13 unresolved LID contacts, querying DB...
[LID-RESOLVE-DB] Found 115 unique phone numbers in DB
[LID-MAP] 45101569028331 → 917875877083
[LID-MAP] 73628775387137 → 917766841117
[LID-MAP] 145994545103008 → 917738093173
[LID-MAP] 275449221521484 → 917588040535
[LID-MAP] 167297650040911 → 917428375992
[LID-MAP] 276626076086489 → 917217674566
[LID-MAP] 247587768688773 → 917000789090
[LID-MAP] 266494382481478 → 23058287667
[DISCONNECTED] Status: 440, intentional: false
[RECONNECT] Attempt 1/50 in 2000ms
{"level":50,"time":1772728755546,"pid":93202,"hostname":"Mohans-iMac.local","node":{"tag":"stream:error","attrs":{},"content":[{"tag":"conflict","attrs":{"type":"replaced"}}]},"msg":"stream errored out"}
[AUTH] Using MongoDB-backed auth state
[BAILEYS] Starting v2.3000.1033846690
{"level":40,"time":1772728757896,"pid":93202,"hostname":"Mohans-iMac.local","msg":"Timeout in AwaitingInitialSync, forcing state to Online and flushing buffer"}
{"level":50,"time":1772728758926,"pid":93202,"hostname":"Mohans-iMac.local","key":{"remoteJid":"status@broadcast","fromMe":false,"id":"ACFE1D1B527DC9DF588A1E83A1E738FC","participant":"67551262413037@lid","participantPn":"919422322498@s.whatsapp.net"},"err":{"type":"Error","message":"Received message with old counter: 135, 99","stack":"Error: Received message with old counter: 135, 99\n    at GroupCipher.getSenderKey (file:///Users/mohankalburgi/swaryoga.com-db/swaryoga.com-db/deploy/wa-baileys/node_modules/@whiskeysockets/baileys/lib/Signal/Group/group_cipher.js:62:19)\n    at Object.awaitable (file:///Users/mohankalburgi/swaryoga.com-db/swaryoga.com-db/deploy/wa-baileys/node_modules/@whiskeysockets/baileys/lib/Signal/Group/group_cipher.js:46:36)\n    at process.processTicksAndRejections (node:internal/process/task_queues:103:5)\n    at async _asyncQueueExecutor (file:///Users/mohankalburgi/swaryoga.com-db/swaryoga.com-db/deploy/wa-baileys/node_modules/@whiskeysockets/baileys/lib/Signal/Group/queue-job.js:10:29)"},"msg":"failed to decrypt message"}
{"level":50,"time":1772728758938,"pid":93202,"hostname":"Mohans-iMac.local","key":{"remoteJid":"status@broadcast","fromMe":false,"id":"AC3100A8A54D564233253FE8D7548E2E","participant":"67551262413037@lid","participantPn":"919422322498@s.whatsapp.net"},"err":{"type":"Error","message":"Received message with old counter: 135, 113","stack":"Error: Received message with old counter: 135, 113\n    at GroupCipher.getSenderKey (file:///Users/mohankalburgi/swaryoga.com-db/swaryoga.com-db/deploy/wa-baileys/node_modules/@whiskeysockets/baileys/lib/Signal/Group/group_cipher.js:62:19)\n    at Object.awaitable (file:///Users/mohankalburgi/swaryoga.com-db/swaryoga.com-db/deploy/wa-baileys/node_modules/@whiskeysockets/baileys/lib/Signal/Group/group_cipher.js:46:36)\n    at process.processTicksAndRejections (node:internal/process/task_queues:103:5)\n    at async _asyncQueueExecutor (file:///Users/mohankalburgi/swaryoga.com-db/swaryoga.com-db/deploy/wa-baileys/node_modules/@whiskeysockets/baileys/lib/Signal/Group/queue-job.js:10:29)"},"msg":"failed to decrypt message"}
{"level":50,"time":1772728758947,"pid":93202,"hostname":"Mohans-iMac.local","key":{"remoteJid":"status@broadcast","fromMe":false,"id":"ACE62F16DA1471581C576E58D25D036C","participant":"67551262413037@lid","participantPn":"919422322498@s.whatsapp.net"},"err":{"type":"Error","message":"Received message with old counter: 135, 133","stack":"Error: Received message with old counter: 135, 133\n    at GroupCipher.getSenderKey (file:///Users/mohankalburgi/swaryoga.com-db/swaryoga.com-db/deploy/wa-baileys/node_modules/@whiskeysockets/baileys/lib/Signal/Group/group_cipher.js:62:19)\n    at Object.awaitable (file:///Users/mohankalburgi/swaryoga.com-db/swaryoga.com-db/deploy/wa-baileys/node_modules/@whiskeysockets/baileys/lib/Signal/Group/group_cipher.js:46:36)\n    at process.processTicksAndRejections (node:internal/process/task_queues:103:5)\n    at async _asyncQueueExecutor (file:///Users/mohankalburgi/swaryoga.com-db/swaryoga.com-db/deploy/wa-baileys/node_modules/@whiskeysockets/baileys/lib/Signal/Group/queue-job.js:10:29)"},"msg":"failed to decrypt message"}
[CONNECTED] WhatsApp connected as: 919309986820:75@s.whatsapp.net Swar Yoga
[LID-RESOLVE-DB] Found 13 unresolved LID contacts, querying DB...
[GROUPS] Failed to prefetch group names: rate-overlimit
[LID-RESOLVE-DB] Found 115 unique phone numbers in DB
[LID-MAP] 45101569028331 → 917875877083
[LID-MAP] 73628775387137 → 917766841117
[LID-MAP] 145994545103008 → 917738093173
[LID-MAP] 275449221521484 → 917588040535
[LID-MAP] 167297650040911 → 917428375992
[LID-MAP] 276626076086489 → 917217674566
[LID-MAP] 247587768688773 → 917000789090
[LID-MAP] 266494382481478 → 23058287667
[LID-MAP] 89575905038462 → 918968545566
[LID-MAP] 170312700284988 → 918962400660
[LID-MAP] 187389624459383 → 918920112808
[LID-MAP] 133719612465382 → 918888889078
[LID-MAP] 165244655648775 → 918767574117
[LID-MAP] 111867070537746 → 918765432100
[LID-MAP] 17811330060419 → 918668771411
[LID-MAP] 19761161347137 → 918511669921
[LID-MAP] 67744686952493 → 918427616270
[LID-MAP] 254129087742107 → 918308886918
[LID-MAP] 158355611992084 → 918275281029
[LID-MAP] 230098594713709 → 918223899969
[LID-MAP] 190202660306996 → 918180898066
[LID-MAP] 190185832714267 → 918149549354
[LID-MAP] 186689410596935 → 918149238319
[LID-MAP] 155151516098776 → 918130910321
[LID-MAP] 187746559766560 → 917999774008
[LID-MAP] 162336895688852 → 917891119495
[LID-MAP] 104032781742301 → 919423784888
[LID-MAP] 211385556439229 → 919422880177
[LID-MAP] 232112967930011 → 919414888892
[LID-MAP] 128729380597926 → 919410838239
[LID-MAP] 232641383129333 → 919376770333
[LID-MAP] 262280868589677 → 919368675024
[LID-MAP] 70102540095695 → 919362802237
[LID-MAP] 57599990968399 → 919322331757
[LID-MAP] 1606351380725 → 919309986820
[LID-MAP] 38379962023988 → 919172552833
[LID-MAP] 173611587477549 → 919136052699
[LID-MAP] 249297601839190 → 919130692255
[LID-MAP] 79864933654620 → 919099874959
[LID-MAP] 75265074004185 → 919090030345
[LID-MAP] 258038028099636 → 919075358557
[LID-MAP] 29935938859035 → 919049855593
[LID-MAP] 190241314971715 → 919024212652
[LID-MAP] 38779477823516 → 919019239946
[LID-MAP] 117519029371104 → 918968562430
[LID-MAP] 222393977061438 → 919779006820
[LID-MAP] 88605242482907 → 919754197540
[LID-MAP] 171253499465846 → 919726995317
[LID-MAP] 17179936342079 → 919720702527
[LID-MAP] 148442777170135 → 919717423622
[LID-MAP] 105561857196224 → 919654425155
[LID-MAP] 281140153860183 → 919599010835
[LID-MAP] 220009833975886 → 919594599018
[LID-MAP] 181638612947005 → 919582228584
[LID-MAP] 5682912882894 → 919575550996
[LID-MAP] 126388355002411 → 919566020382
[LID-MAP] 20272312770769 → 919561694725
[LID-MAP] 156684785848334 → 919466060709
[LID-MAP] 152351331627083 → 919464900040
[LID-MAP] 166923987902630 → 919462241858
[LID-MAP] 281002698088464 → 919452808052
[LID-MAP] 128604977516598 → 919433995391
[LID-MAP] 17570778366097 → 919425094923
[LID-MAP] 107232498827380 → 919424077785
[LID-MAP] 263552245993638 → 919899087023
[LID-MAP] 164429165518911 → 919898120131
[LID-MAP] 1481914765346 → 919896291141
[LID-MAP] 248455452688503 → 919893626018
[LID-MAP] 162083509379155 → 919890285430
[LID-MAP] 68947663650947 → 919889228332
[LID-MAP] 186896156205308 → 919876543210
[LID-MAP] 161344825385105 → 919870249397
[LID-MAP] 53206440747052 → 919837017711
[LID-MAP] 214207249264746 → 919829159000
[LID-MAP] 211737726951459 → 919826423918
[LID-MAP] 81583004467411 → 919825677256
[LID-MAP] 148116342857770 → 919822726464
[LID-MAP] 62444680569007 → 919822482682
[LID-MAP] 169475248771289 → 919820579665
[LID-MAP] 205823523451032 → 919816028936
[LID-MAP] 105995950882884 → 919814080708
[LID-MAP] 174410132680803 → 919811259585
[LID-MAP] 141519189205105 → 919810540547
{"level":40,"time":1772728762984,"pid":93202,"hostname":"Mohans-iMac.local","msg":"Timeout in AwaitingInitialSync, forcing state to Online and flushing buffer"}
{"level":50,"time":1772728763606,"pid":93202,"hostname":"Mohans-iMac.local","node":{"tag":"stream:error","attrs":{},"content":[{"tag":"conflict","attrs":{"type":"replaced"}}]},"msg":"stream errored out"}
[DISCONNECTED] Status: 440, intentional: false
[RECONNECT] Attempt 1/50 in 2000ms
[AUTH] Using MongoDB-backed auth state
[BAILEYS] Starting v2.3000.1033846690
{"level":50,"time":1772728766881,"pid":93202,"hostname":"Mohans-iMac.local","key":{"remoteJid":"status@broadcast","fromMe":false,"id":"ACFE1D1B527DC9DF588A1E83A1E738FC","participant":"67551262413037@lid","participantPn":"919422322498@s.whatsapp.net"},"err":{"type":"Error","message":"Received message with old counter: 135, 99","stack":"Error: Received message with old counter: 135, 99\n    at GroupCipher.getSenderKey (file:///Users/mohankalburgi/swaryoga.com-db/swaryoga.com-db/deploy/wa-baileys/node_modules/@whiskeysockets/baileys/lib/Signal/Group/group_cipher.js:62:19)\n    at Object.awaitable (file:///Users/mohankalburgi/swaryoga.com-db/swaryoga.com-db/deploy/wa-baileys/node_modules/@whiskeysockets/baileys/lib/Signal/Group/group_cipher.js:46:36)\n    at process.processTicksAndRejections (node:internal/process/task_queues:103:5)\n    at async _asyncQueueExecutor (file:///Users/mohankalburgi/swaryoga.com-db/swaryoga.com-db/deploy/wa-baileys/node_modules/@whiskeysockets/baileys/lib/Signal/Group/queue-job.js:10:29)"},"msg":"failed to decrypt message"}
{"level":50,"time":1772728766893,"pid":93202,"hostname":"Mohans-iMac.local","key":{"remoteJid":"status@broadcast","fromMe":false,"id":"AC3100A8A54D564233253FE8D7548E2E","participant":"67551262413037@lid","participantPn":"919422322498@s.whatsapp.net"},"err":{"type":"Error","message":"Received message with old counter: 135, 113","stack":"Error: Received message with old counter: 135, 113\n    at GroupCipher.getSenderKey (file:///Users/mohankalburgi/swaryoga.com-db/swaryoga.com-db/deploy/wa-baileys/node_modules/@whiskeysockets/baileys/lib/Signal/Group/group_cipher.js:62:19)\n    at Object.awaitable (file:///Users/mohankalburgi/swaryoga.com-db/swaryoga.com-db/deploy/wa-baileys/node_modules/@whiskeysockets/baileys/lib/Signal/Group/group_cipher.js:46:36)\n    at process.processTicksAndRejections (node:internal/process/task_queues:103:5)\n    at async _asyncQueueExecutor (file:///Users/mohankalburgi/swaryoga.com-db/swaryoga.com-db/deploy/wa-baileys/node_modules/@whiskeysockets/baileys/lib/Signal/Group/queue-job.js:10:29)"},"msg":"failed to decrypt message"}
{"level":50,"time":1772728766902,"pid":93202,"hostname":"Mohans-iMac.local","key":{"remoteJid":"status@broadcast","fromMe":false,"id":"ACE62F16DA1471581C576E58D25D036C","participant":"67551262413037@lid","participantPn":"919422322498@s.whatsapp.net"},"err":{"type":"Error","message":"Received message with old counter: 135, 133","stack":"Error: Received message with old counter: 135, 133\n    at GroupCipher.getSenderKey (file:///Users/mohankalburgi/swaryoga.com-db/swaryoga.com-db/deploy/wa-baileys/node_modules/@whiskeysockets/baileys/lib/Signal/Group/group_cipher.js:62:19)\n    at Object.awaitable (file:///Users/mohankalburgi/swaryoga.com-db/swaryoga.com-db/deploy/wa-baileys/node_modules/@whiskeysockets/baileys/lib/Signal/Group/group_cipher.js:46:36)\n    at process.processTicksAndRejections (node:internal/process/task_queues:103:5)\n    at async _asyncQueueExecutor (file:///Users/mohankalburgi/swaryoga.com-db/swaryoga.com-db/deploy/wa-baileys/node_modules/@whiskeysockets/baileys/lib/Signal/Group/queue-job.js:10:29)"},"msg":"failed to decrypt message"}
[CONNECTED] WhatsApp connected as: 919309986820:75@s.whatsapp.net Swar Yoga
{"level":40,"time":1772728769135,"pid":93202,"hostname":"Mohans-iMac.local","msg":"Timeout in AwaitingInitialSync, forcing state to Online and flushing buffer"}
[GROUPS] Prefetched 273 group names
[LID-RESOLVE-DB] Found 12 unresolved LID contacts, querying DB...
[LID-RESOLVE-DB] Found 115 unique phone numbers in DB
[LID-MAP] 45101569028331 → 917875877083
[LID-MAP] 73628775387137 → 917766841117
[LID-MAP] 145994545103008 → 917738093173
[LID-MAP] 275449221521484 → 917588040535
[LID-MAP] 167297650040911 → 917428375992
[LID-MAP] 276626076086489 → 917217674566
[LID-MAP] 247587768688773 → 917000789090
[LID-MAP] 266494382481478 → 23058287667
[LID-MAP] 89575905038462 → 918968545566
[LID-MAP] 170312700284988 → 918962400660
[LID-MAP] 187389624459383 → 918920112808
[LID-MAP] 133719612465382 → 918888889078
[LID-MAP] 165244655648775 → 918767574117
[LID-MAP] 111867070537746 → 918765432100
[LID-MAP] 17811330060419 → 918668771411
[LID-MAP] 19761161347137 → 918511669921
[LID-MAP] 67744686952493 → 918427616270
[LID-MAP] 254129087742107 → 918308886918
[LID-MAP] 158355611992084 → 918275281029
[LID-MAP] 230098594713709 → 918223899969
[LID-MAP] 190202660306996 → 918180898066
[LID-MAP] 190185832714267 → 918149549354
[LID-MAP] 186689410596935 → 918149238319
[LID-MAP] 155151516098776 → 918130910321
[LID-MAP] 187746559766560 → 917999774008
[LID-MAP] 162336895688852 → 917891119495
[LID-MAP] 104032781742301 → 919423784888
[LID-MAP] 211385556439229 → 919422880177
[LID-MAP] 232112967930011 → 919414888892
[LID-MAP] 128729380597926 → 919410838239
[LID-MAP] 232641383129333 → 919376770333
[LID-MAP] 262280868589677 → 919368675024
[LID-MAP] 70102540095695 → 919362802237
[LID-MAP] 57599990968399 → 919322331757
[LID-MAP] 1606351380725 → 919309986820
[LID-MAP] 38379962023988 → 919172552833
[LID-MAP] 173611587477549 → 919136052699
[LID-MAP] 249297601839190 → 919130692255
[LID-MAP] 79864933654620 → 919099874959
[LID-MAP] 75265074004185 → 919090030345
[LID-MAP] 258038028099636 → 919075358557
[LID-MAP] 29935938859035 → 919049855593
[LID-MAP] 190241314971715 → 919024212652
[LID-MAP] 38779477823516 → 919019239946
[LID-MAP] 117519029371104 → 918968562430
{"level":40,"time":1772728774146,"pid":93202,"hostname":"Mohans-iMac.local","msg":"Timeout in AwaitingInitialSync, forcing state to Online and flushing buffer"}
[LID-MAP] 222393977061438 → 919779006820
[LID-MAP] 88605242482907 → 919754197540
[LID-MAP] 171253499465846 → 919726995317
[LID-MAP] 17179936342079 → 919720702527
[LID-MAP] 148442777170135 → 919717423622
[LID-MAP] 105561857196224 → 919654425155
[LID-MAP] 281140153860183 → 919599010835
[LID-MAP] 220009833975886 → 919594599018
[LID-MAP] 181638612947005 → 919582228584
[LID-MAP] 5682912882894 → 919575550996
[LID-MAP] 126388355002411 → 919566020382
[LID-MAP] 20272312770769 → 919561694725
[LID-MAP] 156684785848334 → 919466060709
[LID-MAP] 152351331627083 → 919464900040
[LID-MAP] 166923987902630 → 919462241858
[LID-MAP] 281002698088464 → 919452808052
[LID-MAP] 128604977516598 → 919433995391
[LID-MAP] 17570778366097 → 919425094923
[LID-MAP] 107232498827380 → 919424077785
[LID-MAP] 263552245993638 → 919899087023
[LID-MAP] 164429165518911 → 919898120131
[LID-MAP] 1481914765346 → 919896291141
[LID-MAP] 248455452688503 → 919893626018
[LID-MAP] 162083509379155 → 919890285430
[LID-MAP] 68947663650947 → 919889228332
[LID-MAP] 186896156205308 → 919876543210
[LID-MAP] 161344825385105 → 919870249397
[LID-MAP] 53206440747052 → 919837017711
[LID-MAP] 214207249264746 → 919829159000
[LID-MAP] 211737726951459 → 919826423918
[LID-MAP] 81583004467411 → 919825677256
[LID-MAP] 148116342857770 → 919822726464
[LID-MAP] 62444680569007 → 919822482682
[LID-MAP] 169475248771289 → 919820579665
[LID-MAP] 205823523451032 → 919816028936
[LID-MAP] 105995950882884 → 919814080708
[LID-MAP] 174410132680803 → 919811259585
[LID-MAP] 141519189205105 → 919810540547
[LID-MAP] 48628290826355 → 9779868182635
[LID-MAP] 158381297897656 → 9779857048500
[LID-MAP] 95318326702230 → 9779803036014
[LID-MAP] 277369122201725 → 919999533629
[LID-MAP] 135746786750514 → 919990626618
[LID-MAP] 281208839737594 → 919982533322
[LID-MAP] 222475178786987 → 919982043017
[LID-MAP] 190323070345240 → 919957575069
[LID-MAP] 202902996029640 → 919930923365
[LID-MAP] 108198933573711 → 919927459437
[LID-MAP] 24142111867101 → 919927096178
[LID-MAP] 120821842452555 → 919924410217
[LID-MAP] 53064505503999 → 919923536357
[LID-MAP] 44684873306254 → 919913073355
[LID-MAP] 108886145130496 → 919909017587
[LID-RESOLVE-DB] ✅ Resolved 98 phone→LID mappings (total map: 198)
[LID-RESOLVE-DB] ✅ Updated 6 chat entries with phone numbers
{"level":40,"time":1772728778904,"pid":93202,"hostname":"Mohans-iMac.local","msg":"Timeout in AwaitingInitialSync, forcing state to Online and flushing buffer"}
{"level":50,"time":1772728782611,"pid":93202,"hostname":"Mohans-iMac.local","node":{"tag":"stream:error","attrs":{},"content":[{"tag":"conflict","attrs":{"type":"replaced"}}]},"msg":"stream errored out"}
[DISCONNECTED] Status: 440, intentional: false
[RECONNECT] Attempt 1/50 in 2000ms
[AUTH] Using MongoDB-backed auth state
[BAILEYS] Starting v2.3000.1033846690
{"level":50,"time":1772728785753,"pid":93202,"hostname":"Mohans-iMac.local","key":{"remoteJid":"status@broadcast","fromMe":false,"id":"ACE62F16DA1471581C576E58D25D036C","participant":"67551262413037@lid","participantPn":"919422322498@s.whatsapp.net"},"err":{"type":"Error","message":"Received message with old counter: 135, 133","stack":"Error: Received message with old counter: 135, 133\n    at GroupCipher.getSenderKey (file:///Users/mohankalburgi/swaryoga.com-db/swaryoga.com-db/deploy/wa-baileys/node_modules/@whiskeysockets/baileys/lib/Signal/Group/group_cipher.js:62:19)\n    at Object.awaitable (file:///Users/mohankalburgi/swaryoga.com-db/swaryoga.com-db/deploy/wa-baileys/node_modules/@whiskeysockets/baileys/lib/Signal/Group/group_cipher.js:46:36)\n    at process.processTicksAndRejections (node:internal/process/task_queues:103:5)\n    at async _asyncQueueExecutor (file:///Users/mohankalburgi/swaryoga.com-db/swaryoga.com-db/deploy/wa-baileys/node_modules/@whiskeysockets/baileys/lib/Signal/Group/queue-job.js:10:29)"},"msg":"failed to decrypt message"}
[CONNECTED] WhatsApp connected as: 919309986820:75@s.whatsapp.net Swar Yoga
[GROUPS] Failed to prefetch group names: rate-overlimit
{"level":40,"time":1772728786862,"pid":93202,"hostname":"Mohans-iMac.local","msg":"Timeout in AwaitingInitialSync, forcing state to Online and flushing buffer"}
[LID-RESOLVE-DB] Batch query error: Timed Out
[LID-MAP] 48628290826355 → 9779868182635
[LID-MAP] 158381297897656 → 9779857048500
[LID-MAP] 95318326702230 → 9779803036014
[LID-MAP] 277369122201725 → 919999533629
[LID-MAP] 135746786750514 → 919990626618
[LID-MAP] 281208839737594 → 919982533322
[LID-MAP] 222475178786987 → 919982043017
[LID-MAP] 190323070345240 → 919957575069
[LID-MAP] 202902996029640 → 919930923365
[LID-MAP] 108198933573711 → 919927459437
[LID-MAP] 24142111867101 → 919927096178
[LID-MAP] 120821842452555 → 919924410217
[LID-MAP] 53064505503999 → 919923536357
[LID-MAP] 44684873306254 → 919913073355
[LID-MAP] 108886145130496 → 919909017587
[LID-RESOLVE-DB] ✅ Resolved 41 phone→LID mappings (total map: 198)
[LID-RESOLVE-DB] ✅ Updated 6 chat entries with phone numbers
[LID-RESOLVE-DB] Found 12 unresolved LID contacts, querying DB...
[LID-RESOLVE-DB] Found 115 unique phone numbers in DB
[LID-MAP] 45101569028331 → 917875877083
[LID-MAP] 73628775387137 → 917766841117
[LID-MAP] 145994545103008 → 917738093173
[LID-MAP] 275449221521484 → 917588040535
[LID-MAP] 167297650040911 → 917428375992
[LID-MAP] 276626076086489 → 917217674566
[LID-MAP] 247587768688773 → 917000789090
[LID-MAP] 266494382481478 → 23058287667
[LID-MAP] 89575905038462 → 918968545566
[LID-MAP] 170312700284988 → 918962400660
[LID-MAP] 187389624459383 → 918920112808
[LID-MAP] 133719612465382 → 918888889078
[LID-MAP] 165244655648775 → 918767574117
[LID-MAP] 111867070537746 → 918765432100
[LID-MAP] 17811330060419 → 918668771411
[LID-MAP] 19761161347137 → 918511669921
[LID-MAP] 67744686952493 → 918427616270
[LID-MAP] 254129087742107 → 918308886918
[LID-MAP] 158355611992084 → 918275281029
[LID-MAP] 230098594713709 → 918223899969
[LID-MAP] 190202660306996 → 918180898066
[LID-MAP] 190185832714267 → 918149549354
[LID-MAP] 186689410596935 → 918149238319
[LID-MAP] 155151516098776 → 918130910321
[LID-MAP] 187746559766560 → 917999774008
[LID-MAP] 162336895688852 → 917891119495
[LID-MAP] 104032781742301 → 919423784888
[LID-MAP] 211385556439229 → 919422880177
[LID-MAP] 232112967930011 → 919414888892
[LID-MAP] 128729380597926 → 919410838239
[LID-MAP] 232641383129333 → 919376770333
[LID-MAP] 262280868589677 → 919368675024
[LID-MAP] 70102540095695 → 919362802237
[LID-MAP] 57599990968399 → 919322331757
[LID-MAP] 1606351380725 → 919309986820
[LID-MAP] 38379962023988 → 919172552833
[LID-MAP] 173611587477549 → 919136052699
[LID-MAP] 249297601839190 → 919130692255
[LID-MAP] 79864933654620 → 919099874959
[LID-MAP] 75265074004185 → 919090030345
[LID-MAP] 258038028099636 → 919075358557
[LID-MAP] 29935938859035 → 919049855593
[LID-MAP] 190241314971715 → 919024212652
[LID-MAP] 38779477823516 → 919019239946
[LID-MAP] 117519029371104 → 918968562430
[LID-MAP] 222393977061438 → 919779006820
[LID-MAP] 88605242482907 → 919754197540
[LID-MAP] 171253499465846 → 919726995317
[LID-MAP] 17179936342079 → 919720702527
[LID-MAP] 148442777170135 → 919717423622
[LID-MAP] 105561857196224 → 919654425155
[LID-MAP] 281140153860183 → 919599010835
[LID-MAP] 220009833975886 → 919594599018
[LID-MAP] 181638612947005 → 919582228584
[LID-MAP] 5682912882894 → 919575550996
[LID-MAP] 126388355002411 → 919566020382
[LID-MAP] 20272312770769 → 919561694725
[LID-MAP] 156684785848334 → 919466060709
[LID-MAP] 152351331627083 → 919464900040
[LID-MAP] 166923987902630 → 919462241858
[LID-MAP] 281002698088464 → 919452808052
[LID-MAP] 128604977516598 → 919433995391
[LID-MAP] 17570778366097 → 919425094923
[LID-MAP] 107232498827380 → 919424077785
[LID-MAP] 263552245993638 → 919899087023
[LID-MAP] 164429165518911 → 919898120131
[LID-MAP] 1481914765346 → 919896291141
[LID-MAP] 248455452688503 → 919893626018
[LID-MAP] 162083509379155 → 919890285430
[LID-MAP] 68947663650947 → 919889228332
[LID-MAP] 186896156205308 → 919876543210
[LID-MAP] 161344825385105 → 919870249397
[LID-MAP] 53206440747052 → 919837017711
[LID-MAP] 214207249264746 → 919829159000
[LID-MAP] 211737726951459 → 919826423918
[LID-MAP] 81583004467411 → 919825677256
[LID-MAP] 148116342857770 → 919822726464
[LID-MAP] 62444680569007 → 919822482682
[LID-MAP] 169475248771289 → 919820579665
[LID-MAP] 205823523451032 → 919816028936
[LID-MAP] 105995950882884 → 919814080708
[LID-MAP] 174410132680803 → 919811259585
[LID-MAP] 141519189205105 → 919810540547
[LID-MAP] 48628290826355 → 9779868182635
[LID-MAP] 158381297897656 → 9779857048500
[LID-MAP] 95318326702230 → 9779803036014
[LID-MAP] 277369122201725 → 919999533629
[LID-MAP] 135746786750514 → 919990626618
[LID-MAP] 281208839737594 → 919982533322
[LID-MAP] 222475178786987 → 919982043017
[LID-MAP] 190323070345240 → 919957575069
[LID-MAP] 202902996029640 → 919930923365
[LID-MAP] 108198933573711 → 919927459437
[LID-MAP] 24142111867101 → 919927096178
[LID-MAP] 120821842452555 → 919924410217
[LID-MAP] 53064505503999 → 919923536357
[LID-MAP] 44684873306254 → 919913073355
[LID-MAP] 108886145130496 → 919909017587
[LID-RESOLVE-DB] ✅ Resolved 98 phone→LID mappings (total map: 198)
[LID-RESOLVE-DB] ✅ Updated 6 chat entries with phone numbers
{"level":50,"time":1772728801468,"pid":93202,"hostname":"Mohans-iMac.local","node":{"tag":"stream:error","attrs":{},"content":[{"tag":"conflict","attrs":{"type":"replaced"}}]},"msg":"stream errored out"}
[DISCONNECTED] Status: 440, intentional: false
[RECONNECT] Attempt 1/50 in 2000ms
[AUTH] Using MongoDB-backed auth state
[BAILEYS] Starting v2.3000.1033846690
[CONNECTED] WhatsApp connected as: 919309986820:75@s.whatsapp.net Swar Yoga
[GROUPS] Failed to prefetch group names: rate-overlimit
{"level":40,"time":1772728805743,"pid":93202,"hostname":"Mohans-iMac.local","msg":"Timeout in AwaitingInitialSync, forcing state to Online and flushing buffer"}
[LID-RESOLVE-DB] Found 12 unresolved LID contacts, querying DB...
[LID-RESOLVE-DB] Found 115 unique phone numbers in DB
[LID-MAP] 45101569028331 → 917875877083
[LID-MAP] 73628775387137 → 917766841117
[LID-MAP] 145994545103008 → 917738093173
[LID-MAP] 275449221521484 → 917588040535
[LID-MAP] 167297650040911 → 917428375992
[LID-MAP] 276626076086489 → 917217674566
[LID-MAP] 247587768688773 → 917000789090
[LID-MAP] 266494382481478 → 23058287667
[LID-MAP] 89575905038462 → 918968545566
[LID-MAP] 170312700284988 → 918962400660
[LID-MAP] 187389624459383 → 918920112808
[LID-MAP] 133719612465382 → 918888889078
[LID-MAP] 165244655648775 → 918767574117
[LID-MAP] 111867070537746 → 918765432100
[LID-MAP] 17811330060419 → 918668771411
[LID-MAP] 19761161347137 → 918511669921
[LID-MAP] 67744686952493 → 918427616270
[LID-MAP] 254129087742107 → 918308886918
[LID-MAP] 158355611992084 → 918275281029
[LID-MAP] 230098594713709 → 918223899969
[LID-MAP] 190202660306996 → 918180898066
[LID-MAP] 190185832714267 → 918149549354
[LID-MAP] 186689410596935 → 918149238319
[LID-MAP] 155151516098776 → 918130910321
[LID-MAP] 187746559766560 → 917999774008
[LID-MAP] 162336895688852 → 917891119495
[LID-MAP] 104032781742301 → 919423784888
[LID-MAP] 211385556439229 → 919422880177
[LID-MAP] 232112967930011 → 919414888892
[LID-MAP] 128729380597926 → 919410838239
[LID-MAP] 232641383129333 → 919376770333
[LID-MAP] 262280868589677 → 919368675024
[LID-MAP] 70102540095695 → 919362802237
[LID-MAP] 57599990968399 → 919322331757
[LID-MAP] 1606351380725 → 919309986820
[LID-MAP] 38379962023988 → 919172552833
[LID-MAP] 173611587477549 → 919136052699
[LID-MAP] 249297601839190 → 919130692255
[LID-MAP] 79864933654620 → 919099874959
[LID-MAP] 75265074004185 → 919090030345
[LID-MAP] 258038028099636 → 919075358557
[LID-MAP] 29935938859035 → 919049855593
[LID-MAP] 190241314971715 → 919024212652
[LID-MAP] 38779477823516 → 919019239946
[LID-MAP] 117519029371104 → 918968562430
[LID-MAP] 222393977061438 → 919779006820
[LID-MAP] 88605242482907 → 919754197540
[LID-MAP] 171253499465846 → 919726995317
[LID-MAP] 17179936342079 → 919720702527
[LID-MAP] 148442777170135 → 919717423622
[LID-MAP] 105561857196224 → 919654425155
[LID-MAP] 281140153860183 → 919599010835
[LID-MAP] 220009833975886 → 919594599018
[LID-MAP] 181638612947005 → 919582228584
[LID-MAP] 5682912882894 → 919575550996
[LID-MAP] 126388355002411 → 919566020382
[LID-MAP] 20272312770769 → 919561694725
[LID-MAP] 156684785848334 → 919466060709
[LID-MAP] 152351331627083 → 919464900040
[LID-MAP] 166923987902630 → 919462241858
[LID-MAP] 281002698088464 → 919452808052
[LID-MAP] 128604977516598 → 919433995391
[LID-MAP] 17570778366097 → 919425094923
[LID-MAP] 107232498827380 → 919424077785
[LID-MAP] 263552245993638 → 919899087023
[LID-MAP] 164429165518911 → 919898120131
[LID-MAP] 1481914765346 → 919896291141
[LID-MAP] 248455452688503 → 919893626018
[LID-MAP] 162083509379155 → 919890285430
[LID-MAP] 68947663650947 → 919889228332
[LID-MAP] 186896156205308 → 919876543210
[LID-MAP] 161344825385105 → 919870249397
[LID-MAP] 53206440747052 → 919837017711
[LID-MAP] 214207249264746 → 919829159000
[LID-MAP] 211737726951459 → 919826423918
[LID-MAP] 81583004467411 → 919825677256
[LID-MAP] 148116342857770 → 919822726464
[LID-MAP] 62444680569007 → 919822482682
[LID-MAP] 169475248771289 → 919820579665
[LID-MAP] 205823523451032 → 919816028936
[LID-MAP] 105995950882884 → 919814080708
[LID-MAP] 174410132680803 → 919811259585
[LID-MAP] 141519189205105 → 919810540547
[LID-MAP] 48628290826355 → 9779868182635
[LID-MAP] 158381297897656 → 9779857048500
[LID-MAP] 95318326702230 → 9779803036014
[LID-MAP] 277369122201725 → 919999533629
[LID-MAP] 135746786750514 → 919990626618
[LID-MAP] 281208839737594 → 919982533322
[LID-MAP] 222475178786987 → 919982043017
[LID-MAP] 190323070345240 → 919957575069
[LID-MAP] 202902996029640 → 919930923365
[LID-MAP] 108198933573711 → 919927459437
[LID-MAP] 24142111867101 → 919927096178
[LID-MAP] 120821842452555 → 919924410217
[LID-MAP] 53064505503999 → 919923536357
[LID-MAP] 44684873306254 → 919913073355
[LID-MAP] 108886145130496 → 919909017587
[LID-RESOLVE-DB] ✅ Resolved 98 phone→LID mappings (total map: 198)
[LID-RESOLVE-DB] ✅ Updated 6 chat entries with phone numbers
[GROUPS] Failed to prefetch group names: Timed Out
[LID-RESOLVE-DB] Batch query error: Timed Out
[LID-MAP] 104032781742301 → 919423784888
[LID-MAP] 211385556439229 → 919422880177
[LID-MAP] 232112967930011 → 919414888892
[LID-MAP] 128729380597926 → 919410838239
[LID-MAP] 232641383129333 → 919376770333
[LID-MAP] 262280868589677 → 919368675024
[LID-MAP] 70102540095695 → 919362802237
[LID-MAP] 57599990968399 → 919322331757
[LID-MAP] 1606351380725 → 919309986820
[LID-MAP] 38379962023988 → 919172552833
[LID-MAP] 173611587477549 → 919136052699
[LID-MAP] 249297601839190 → 919130692255
[LID-MAP] 79864933654620 → 919099874959
[LID-MAP] 75265074004185 → 919090030345
[LID-MAP] 258038028099636 → 919075358557
[LID-MAP] 29935938859035 → 919049855593
[LID-MAP] 190241314971715 → 919024212652
[LID-MAP] 38779477823516 → 919019239946
[LID-MAP] 117519029371104 → 918968562430
[LID-MAP] 222393977061438 → 919779006820
[LID-MAP] 88605242482907 → 919754197540
[LID-MAP] 171253499465846 → 919726995317
[LID-MAP] 17179936342079 → 919720702527
[LID-MAP] 148442777170135 → 919717423622
[LID-MAP] 105561857196224 → 919654425155
[LID-MAP] 281140153860183 → 919599010835
[LID-MAP] 220009833975886 → 919594599018
[LID-MAP] 181638612947005 → 919582228584
[LID-MAP] 5682912882894 → 919575550996
[LID-MAP] 126388355002411 → 919566020382
[LID-MAP] 20272312770769 → 919561694725
[LID-MAP] 156684785848334 → 919466060709
[LID-MAP] 152351331627083 → 919464900040
[LID-MAP] 166923987902630 → 919462241858
[LID-MAP] 281002698088464 → 919452808052
[LID-MAP] 128604977516598 → 919433995391
[LID-MAP] 17570778366097 → 919425094923
[LID-MAP] 107232498827380 → 919424077785
[LID-MAP] 263552245993638 → 919899087023
[LID-MAP] 164429165518911 → 919898120131
[LID-MAP] 1481914765346 → 919896291141
[LID-MAP] 248455452688503 → 919893626018
[LID-MAP] 162083509379155 → 919890285430
[LID-MAP] 68947663650947 → 919889228332
[LID-MAP] 186896156205308 → 919876543210
[LID-MAP] 161344825385105 → 919870249397
[LID-MAP] 53206440747052 → 919837017711
[LID-MAP] 214207249264746 → 919829159000
[LID-MAP] 211737726951459 → 919826423918
[LID-MAP] 81583004467411 → 919825677256
[LID-MAP] 148116342857770 → 919822726464
[LID-MAP] 62444680569007 → 919822482682
[LID-MAP] 169475248771289 → 919820579665
[LID-MAP] 205823523451032 → 919816028936
[LID-MAP] 105995950882884 → 919814080708
[LID-MAP] 174410132680803 → 919811259585
[LID-MAP] 141519189205105 → 919810540547
[LID-MAP] 48628290826355 → 9779868182635
[LID-MAP] 158381297897656 → 9779857048500
[LID-MAP] 95318326702230 → 9779803036014
[LID-MAP] 277369122201725 → 919999533629
[LID-MAP] 135746786750514 → 919990626618
[LID-MAP] 281208839737594 → 919982533322
[LID-MAP] 222475178786987 → 919982043017
[LID-MAP] 190323070345240 → 919957575069
[LID-MAP] 202902996029640 → 919930923365
[LID-MAP] 108198933573711 → 919927459437
[LID-MAP] 24142111867101 → 919927096178
[LID-MAP] 120821842452555 → 919924410217
[LID-MAP] 53064505503999 → 919923536357
[LID-MAP] 44684873306254 → 919913073355
[LID-MAP] 108886145130496 → 919909017587
[LID-RESOLVE-DB] ✅ Resolved 80 phone→LID mappings (total map: 198)
[LID-RESOLVE-DB] ✅ Updated 6 chat entries with phone numbers
{"level":50,"time":1772728820625,"pid":93202,"hostname":"Mohans-iMac.local","node":{"tag":"stream:error","attrs":{},"content":[{"tag":"conflict","attrs":{"type":"replaced"}}]},"msg":"stream errored out"}
[DISCONNECTED] Status: 440, intentional: false
[RECONNECT] Attempt 1/50 in 2000ms
[AUTH] Using MongoDB-backed auth state
[BAILEYS] Starting v2.3000.1033846690
[LID-RESOLVE-DB] Batch query error: Timed Out
[LID-RESOLVE-DB] ✅ Resolved 83 phone→LID mappings (total map: 198)
[LID-RESOLVE-DB] ✅ Updated 6 chat entries with phone numbers
[CONNECTED] WhatsApp connected as: 919309986820:75@s.whatsapp.net Swar Yoga
[GROUPS] Failed to prefetch group names: rate-overlimit
{"level":40,"time":1772728824555,"pid":93202,"hostname":"Mohans-iMac.local","msg":"Timeout in AwaitingInitialSync, forcing state to Online and flushing buffer"}
[LID-RESOLVE-DB] Found 12 unresolved LID contacts, querying DB...
[LID-RESOLVE-DB] Found 115 unique phone numbers in DB
[LID-MAP] 45101569028331 → 917875877083
[LID-MAP] 73628775387137 → 917766841117
[LID-MAP] 145994545103008 → 917738093173
[LID-MAP] 275449221521484 → 917588040535
[LID-MAP] 167297650040911 → 917428375992
[LID-MAP] 276626076086489 → 917217674566
[LID-MAP] 247587768688773 → 917000789090
[LID-MAP] 266494382481478 → 23058287667
[LID-MAP] 89575905038462 → 918968545566
[LID-MAP] 170312700284988 → 918962400660
[LID-MAP] 187389624459383 → 918920112808
[LID-MAP] 133719612465382 → 918888889078
[LID-MAP] 165244655648775 → 918767574117
[LID-MAP] 111867070537746 → 918765432100
[LID-MAP] 17811330060419 → 918668771411
[LID-MAP] 19761161347137 → 918511669921
[LID-MAP] 67744686952493 → 918427616270
[LID-MAP] 254129087742107 → 918308886918
[LID-MAP] 158355611992084 → 918275281029
[LID-MAP] 230098594713709 → 918223899969
[LID-MAP] 190202660306996 → 918180898066
[LID-MAP] 190185832714267 → 918149549354
[LID-MAP] 186689410596935 → 918149238319
[LID-MAP] 155151516098776 → 918130910321
[LID-MAP] 187746559766560 → 917999774008
[LID-MAP] 162336895688852 → 917891119495
[LID-MAP] 104032781742301 → 919423784888
[LID-MAP] 211385556439229 → 919422880177
[LID-MAP] 232112967930011 → 919414888892
[LID-MAP] 128729380597926 → 919410838239
[LID-MAP] 232641383129333 → 919376770333
[LID-MAP] 262280868589677 → 919368675024
[LID-MAP] 70102540095695 → 919362802237
[LID-MAP] 57599990968399 → 919322331757
[LID-MAP] 1606351380725 → 919309986820
[LID-MAP] 38379962023988 → 919172552833
[LID-MAP] 173611587477549 → 919136052699
[LID-MAP] 249297601839190 → 919130692255
[LID-MAP] 79864933654620 → 919099874959
[LID-MAP] 75265074004185 → 919090030345
[LID-MAP] 258038028099636 → 919075358557
[LID-MAP] 29935938859035 → 919049855593
[LID-MAP] 190241314971715 → 919024212652
[LID-MAP] 38779477823516 → 919019239946
[LID-MAP] 117519029371104 → 918968562430
[LID-MAP] 222393977061438 → 919779006820
[LID-MAP] 88605242482907 → 919754197540
[LID-MAP] 171253499465846 → 919726995317
[LID-MAP] 17179936342079 → 919720702527
[LID-MAP] 148442777170135 → 919717423622
[LID-MAP] 105561857196224 → 919654425155
[LID-MAP] 281140153860183 → 919599010835
[LID-MAP] 220009833975886 → 919594599018
[LID-MAP] 181638612947005 → 919582228584
[LID-MAP] 5682912882894 → 919575550996
[LID-MAP] 126388355002411 → 919566020382
[LID-MAP] 20272312770769 → 919561694725
[LID-MAP] 156684785848334 → 919466060709
[LID-MAP] 152351331627083 → 919464900040
[LID-MAP] 166923987902630 → 919462241858
[LID-MAP] 281002698088464 → 919452808052
[LID-MAP] 128604977516598 → 919433995391
[LID-MAP] 17570778366097 → 919425094923
[LID-MAP] 107232498827380 → 919424077785
[LID-MAP] 263552245993638 → 919899087023
[LID-MAP] 164429165518911 → 919898120131
[LID-MAP] 1481914765346 → 919896291141
[LID-MAP] 248455452688503 → 919893626018
[LID-MAP] 162083509379155 → 919890285430
[LID-MAP] 68947663650947 → 919889228332
[LID-MAP] 186896156205308 → 919876543210
[LID-MAP] 161344825385105 → 919870249397
[LID-MAP] 53206440747052 → 919837017711
[LID-MAP] 214207249264746 → 919829159000
[LID-MAP] 211737726951459 → 919826423918
[LID-MAP] 81583004467411 → 919825677256
[LID-MAP] 148116342857770 → 919822726464
[LID-MAP] 62444680569007 → 919822482682
[LID-MAP] 169475248771289 → 919820579665
[LID-MAP] 205823523451032 → 919816028936
[LID-MAP] 105995950882884 → 919814080708
[LID-MAP] 174410132680803 → 919811259585
[LID-MAP] 141519189205105 → 919810540547
[LID-MAP] 48628290826355 → 9779868182635
[LID-MAP] 158381297897656 → 9779857048500
[LID-MAP] 95318326702230 → 9779803036014
[LID-MAP] 277369122201725 → 919999533629
[LID-MAP] 135746786750514 → 919990626618
[LID-MAP] 281208839737594 → 919982533322
[LID-MAP] 222475178786987 → 919982043017
[LID-MAP] 190323070345240 → 919957575069
[LID-MAP] 202902996029640 → 919930923365
[LID-MAP] 108198933573711 → 919927459437
[LID-MAP] 24142111867101 → 919927096178
[LID-MAP] 120821842452555 → 919924410217
[LID-MAP] 53064505503999 → 919923536357
[LID-MAP] 44684873306254 → 919913073355
[LID-MAP] 108886145130496 → 919909017587
[LID-RESOLVE-DB] ✅ Resolved 98 phone→LID mappings (total map: 198)
[LID-RESOLVE-DB] ✅ Updated 6 chat entries with phone numbers
{"level":50,"time":1772728839748,"pid":93202,"hostname":"Mohans-iMac.local","node":{"tag":"stream:error","attrs":{},"content":[{"tag":"conflict","attrs":{"type":"replaced"}}]},"msg":"stream errored out"}
[DISCONNECTED] Status: 440, intentional: false
[RECONNECT] Attempt 1/50 in 2000ms
[AUTH] Using MongoDB-backed auth state
[BAILEYS] Starting v2.3000.1033846690
[CONNECTED] WhatsApp connected as: 919309986820:75@s.whatsapp.net Swar Yoga
{"level":40,"time":1772728843998,"pid":93202,"hostname":"Mohans-iMac.local","msg":"Timeout in AwaitingInitialSync, forcing state to Online and flushing buffer"}
[GROUPS] Prefetched 273 group names
[LID-RESOLVE-DB] Found 12 unresolved LID contacts, querying DB...
[LID-RESOLVE-DB] Found 115 unique phone numbers in DB
[LID-MAP] 45101569028331 → 917875877083
[LID-MAP] 73628775387137 → 917766841117
[LID-MAP] 145994545103008 → 917738093173
[LID-MAP] 275449221521484 → 917588040535
[LID-MAP] 167297650040911 → 917428375992
[LID-MAP] 276626076086489 → 917217674566
[LID-MAP] 247587768688773 → 917000789090
[LID-MAP] 266494382481478 → 23058287667
[LID-MAP] 89575905038462 → 918968545566
[LID-MAP] 170312700284988 → 918962400660
[LID-MAP] 187389624459383 → 918920112808
[LID-MAP] 133719612465382 → 918888889078
[LID-MAP] 165244655648775 → 918767574117
[LID-MAP] 111867070537746 → 918765432100
[LID-MAP] 17811330060419 → 918668771411
[LID-MAP] 19761161347137 → 918511669921
[LID-MAP] 67744686952493 → 918427616270
[LID-MAP] 254129087742107 → 918308886918
[LID-MAP] 158355611992084 → 918275281029
[LID-MAP] 230098594713709 → 918223899969
[LID-MAP] 190202660306996 → 918180898066
[LID-MAP] 190185832714267 → 918149549354
[LID-MAP] 186689410596935 → 918149238319
[LID-MAP] 155151516098776 → 918130910321
[LID-MAP] 187746559766560 → 917999774008
[LID-MAP] 162336895688852 → 917891119495
[LID-MAP] 104032781742301 → 919423784888
[LID-MAP] 211385556439229 → 919422880177
[LID-MAP] 232112967930011 → 919414888892
[LID-MAP] 128729380597926 → 919410838239
[LID-MAP] 232641383129333 → 919376770333
[LID-MAP] 262280868589677 → 919368675024
[LID-MAP] 70102540095695 → 919362802237
[LID-MAP] 57599990968399 → 919322331757
[LID-MAP] 1606351380725 → 919309986820
[LID-MAP] 38379962023988 → 919172552833
[LID-MAP] 173611587477549 → 919136052699
[LID-MAP] 249297601839190 → 919130692255
[LID-MAP] 79864933654620 → 919099874959
[LID-MAP] 75265074004185 → 919090030345
[LID-MAP] 258038028099636 → 919075358557
[LID-MAP] 29935938859035 → 919049855593
[LID-MAP] 190241314971715 → 919024212652
[LID-MAP] 38779477823516 → 919019239946
[LID-MAP] 117519029371104 → 918968562430
[LID-MAP] 222393977061438 → 919779006820
[LID-MAP] 88605242482907 → 919754197540
[LID-MAP] 171253499465846 → 919726995317
[LID-MAP] 17179936342079 → 919720702527
[LID-MAP] 148442777170135 → 919717423622
[LID-MAP] 105561857196224 → 919654425155
[LID-MAP] 281140153860183 → 919599010835
[LID-MAP] 220009833975886 → 919594599018
[LID-MAP] 181638612947005 → 919582228584
[LID-MAP] 5682912882894 → 919575550996
[LID-MAP] 126388355002411 → 919566020382
[LID-MAP] 20272312770769 → 919561694725
[LID-MAP] 156684785848334 → 919466060709
[LID-MAP] 152351331627083 → 919464900040
[LID-MAP] 166923987902630 → 919462241858
[LID-MAP] 281002698088464 → 919452808052
[LID-MAP] 128604977516598 → 919433995391
[LID-MAP] 17570778366097 → 919425094923
[LID-MAP] 107232498827380 → 919424077785
[LID-MAP] 263552245993638 → 919899087023
[LID-MAP] 164429165518911 → 919898120131
[LID-MAP] 1481914765346 → 919896291141
[LID-MAP] 248455452688503 → 919893626018
[LID-MAP] 162083509379155 → 919890285430
[LID-MAP] 68947663650947 → 919889228332
[LID-MAP] 186896156205308 → 919876543210
[LID-MAP] 161344825385105 → 919870249397
[LID-MAP] 53206440747052 → 919837017711
[LID-MAP] 214207249264746 → 919829159000
[LID-MAP] 211737726951459 → 919826423918
[LID-MAP] 81583004467411 → 919825677256
[LID-MAP] 148116342857770 → 919822726464
[LID-MAP] 62444680569007 → 919822482682
[LID-MAP] 169475248771289 → 919820579665
[LID-MAP] 205823523451032 → 919816028936
[LID-MAP] 105995950882884 → 919814080708
[LID-MAP] 174410132680803 → 919811259585
[LID-MAP] 141519189205105 → 919810540547
[LID-MAP] 48628290826355 → 9779868182635
[LID-MAP] 158381297897656 → 9779857048500
[LID-MAP] 95318326702230 → 9779803036014
[LID-MAP] 277369122201725 → 919999533629
[LID-MAP] 135746786750514 → 919990626618
[LID-MAP] 281208839737594 → 919982533322
[LID-MAP] 222475178786987 → 919982043017
[LID-MAP] 190323070345240 → 919957575069
[LID-MAP] 202902996029640 → 919930923365
[LID-MAP] 108198933573711 → 919927459437
[LID-MAP] 24142111867101 → 919927096178
[LID-MAP] 120821842452555 → 919924410217
[LID-MAP] 53064505503999 → 919923536357
[LID-MAP] 44684873306254 → 919913073355
[LID-MAP] 108886145130496 → 919909017587
[LID-RESOLVE-DB] ✅ Resolved 98 phone→LID mappings (total map: 198)
[LID-RESOLVE-DB] ✅ Updated 6 chat entries with phone numbers
{"level":50,"time":1772728859045,"pid":93202,"hostname":"Mohans-iMac.local","node":{"tag":"stream:error","attrs":{},"content":[{"tag":"conflict","attrs":{"type":"replaced"}}]},"msg":"stream errored out"}
[DISCONNECTED] Status: 440, intentional: false
[RECONNECT] Attempt 1/50 in 2000ms
[AUTH] Using MongoDB-backed auth state
[BAILEYS] Starting v2.3000.1033846690
[CONNECTED] WhatsApp connected as: 919309986820:75@s.whatsapp.net Swar Yoga
{"level":40,"time":1772728862853,"pid":93202,"hostname":"Mohans-iMac.local","msg":"Timeout in AwaitingInitialSync, forcing state to Online and flushing buffer"}
[GROUPS] Prefetched 273 group names
[LID-RESOLVE-DB] Found 12 unresolved LID contacts, querying DB...
[LID-RESOLVE-DB] Found 115 unique phone numbers in DB
[LID-MAP] 45101569028331 → 917875877083
[LID-MAP] 73628775387137 → 917766841117
[LID-MAP] 145994545103008 → 917738093173
[LID-MAP] 275449221521484 → 917588040535
[LID-MAP] 167297650040911 → 917428375992
[LID-MAP] 276626076086489 → 917217674566
[LID-MAP] 247587768688773 → 917000789090
[LID-MAP] 266494382481478 → 23058287667
[LID-MAP] 89575905038462 → 918968545566
[LID-MAP] 170312700284988 → 918962400660
[LID-MAP] 187389624459383 → 918920112808
[LID-MAP] 133719612465382 → 918888889078
[LID-MAP] 165244655648775 → 918767574117
[LID-MAP] 111867070537746 → 918765432100
[LID-MAP] 17811330060419 → 918668771411
[LID-MAP] 19761161347137 → 918511669921
[LID-MAP] 67744686952493 → 918427616270
[LID-MAP] 254129087742107 → 918308886918
[LID-MAP] 158355611992084 → 918275281029
[LID-MAP] 230098594713709 → 918223899969
[LID-MAP] 190202660306996 → 918180898066
[LID-MAP] 190185832714267 → 918149549354
[LID-MAP] 186689410596935 → 918149238319
[LID-MAP] 155151516098776 → 918130910321
[LID-MAP] 187746559766560 → 917999774008
[LID-MAP] 162336895688852 → 917891119495
[LID-MAP] 104032781742301 → 919423784888
[LID-MAP] 211385556439229 → 919422880177
[LID-MAP] 232112967930011 → 919414888892
[LID-MAP] 128729380597926 → 919410838239
[LID-MAP] 232641383129333 → 919376770333
[LID-MAP] 262280868589677 → 919368675024
[LID-MAP] 70102540095695 → 919362802237
[LID-MAP] 57599990968399 → 919322331757
[LID-MAP] 1606351380725 → 919309986820
[LID-MAP] 38379962023988 → 919172552833
[LID-MAP] 173611587477549 → 919136052699
[LID-MAP] 249297601839190 → 919130692255
[LID-MAP] 79864933654620 → 919099874959
[LID-MAP] 75265074004185 → 919090030345
[LID-MAP] 258038028099636 → 919075358557
[LID-MAP] 29935938859035 → 919049855593
[LID-MAP] 190241314971715 → 919024212652
[LID-MAP] 38779477823516 → 919019239946
[LID-MAP] 117519029371104 → 918968562430
[LID-MAP] 222393977061438 → 919779006820
[LID-MAP] 88605242482907 → 919754197540
[LID-MAP] 171253499465846 → 919726995317
[LID-MAP] 17179936342079 → 919720702527
[LID-MAP] 148442777170135 → 919717423622
[LID-MAP] 105561857196224 → 919654425155
[LID-MAP] 281140153860183 → 919599010835
[LID-MAP] 220009833975886 → 919594599018
[LID-MAP] 181638612947005 → 919582228584
[LID-MAP] 5682912882894 → 919575550996
[LID-MAP] 126388355002411 → 919566020382
[LID-MAP] 20272312770769 → 919561694725
[LID-MAP] 156684785848334 → 919466060709
[LID-MAP] 152351331627083 → 919464900040
[LID-MAP] 166923987902630 → 919462241858
[LID-MAP] 281002698088464 → 919452808052
[LID-MAP] 128604977516598 → 919433995391
[LID-MAP] 17570778366097 → 919425094923
[LID-MAP] 107232498827380 → 919424077785
[LID-MAP] 263552245993638 → 919899087023
[LID-MAP] 164429165518911 → 919898120131
[LID-MAP] 1481914765346 → 919896291141
[LID-MAP] 248455452688503 → 919893626018
[LID-MAP] 162083509379155 → 919890285430
[LID-MAP] 68947663650947 → 919889228332
[LID-MAP] 186896156205308 → 919876543210
[LID-MAP] 161344825385105 → 919870249397
[LID-MAP] 53206440747052 → 919837017711
[LID-MAP] 214207249264746 → 919829159000
[LID-MAP] 211737726951459 → 919826423918
[LID-MAP] 81583004467411 → 919825677256
[LID-MAP] 148116342857770 → 919822726464
[LID-MAP] 62444680569007 → 919822482682
[LID-MAP] 169475248771289 → 919820579665
[LID-MAP] 205823523451032 → 919816028936
[LID-MAP] 105995950882884 → 919814080708
[LID-MAP] 174410132680803 → 919811259585
[LID-MAP] 141519189205105 → 919810540547
[LID-MAP] 48628290826355 → 9779868182635
[LID-MAP] 158381297897656 → 9779857048500
[LID-MAP] 95318326702230 → 9779803036014
[LID-MAP] 277369122201725 → 919999533629
[LID-MAP] 135746786750514 → 919990626618
[LID-MAP] 281208839737594 → 919982533322
[LID-MAP] 222475178786987 → 919982043017
[LID-MAP] 190323070345240 → 919957575069
[LID-MAP] 202902996029640 → 919930923365
[LID-MAP] 108198933573711 → 919927459437
[LID-MAP] 24142111867101 → 919927096178
[LID-MAP] 120821842452555 → 919924410217
[LID-MAP] 53064505503999 → 919923536357
[LID-MAP] 44684873306254 → 919913073355
[LID-MAP] 108886145130496 → 919909017587
[LID-RESOLVE-DB] ✅ Resolved 98 phone→LID mappings (total map: 198)
[LID-RESOLVE-DB] ✅ Updated 6 chat entries with phone numbers
{"level":50,"time":1772728878066,"pid":93202,"hostname":"Mohans-iMac.local","node":{"tag":"stream:error","attrs":{},"content":[{"tag":"conflict","attrs":{"type":"replaced"}}]},"msg":"stream errored out"}
[DISCONNECTED] Status: 440, intentional: false
[RECONNECT] Attempt 1/50 in 2000ms
[AUTH] Using MongoDB-backed auth state
[BAILEYS] Starting v2.3000.1033846690
[CONNECTED] WhatsApp connected as: 919309986820:75@s.whatsapp.net Swar Yoga
[GROUPS] Failed to prefetch group names: rate-overlimit
{"level":40,"time":1772728882149,"pid":93202,"hostname":"Mohans-iMac.local","msg":"Timeout in AwaitingInitialSync, forcing state to Online and flushing buffer"}
[LID-RESOLVE-DB] Found 12 unresolved LID contacts, querying DB...
[LID-RESOLVE-DB] Found 115 unique phone numbers in DB
[LID-MAP] 45101569028331 → 917875877083
[LID-MAP] 73628775387137 → 917766841117
[LID-MAP] 145994545103008 → 917738093173
[LID-MAP] 275449221521484 → 917588040535
[LID-MAP] 167297650040911 → 917428375992
[LID-MAP] 276626076086489 → 917217674566
[LID-MAP] 247587768688773 → 917000789090
[LID-MAP] 266494382481478 → 23058287667
[LID-MAP] 89575905038462 → 918968545566
[LID-MAP] 170312700284988 → 918962400660
[LID-MAP] 187389624459383 → 918920112808
[LID-MAP] 133719612465382 → 918888889078
[LID-MAP] 165244655648775 → 918767574117
[LID-MAP] 111867070537746 → 918765432100
[LID-MAP] 17811330060419 → 918668771411
[LID-MAP] 19761161347137 → 918511669921
[LID-MAP] 67744686952493 → 918427616270
[LID-MAP] 254129087742107 → 918308886918
[LID-MAP] 158355611992084 → 918275281029
[LID-MAP] 230098594713709 → 918223899969
[LID-MAP] 190202660306996 → 918180898066
[LID-MAP] 190185832714267 → 918149549354
[LID-MAP] 186689410596935 → 918149238319
[LID-MAP] 155151516098776 → 918130910321
[LID-MAP] 187746559766560 → 917999774008
[LID-MAP] 162336895688852 → 917891119495
[LID-MAP] 104032781742301 → 919423784888
[LID-MAP] 211385556439229 → 919422880177
[LID-MAP] 232112967930011 → 919414888892
[LID-MAP] 128729380597926 → 919410838239
[LID-MAP] 232641383129333 → 919376770333
[LID-MAP] 262280868589677 → 919368675024
[LID-MAP] 70102540095695 → 919362802237
[LID-MAP] 57599990968399 → 919322331757
[LID-MAP] 1606351380725 → 919309986820
[LID-MAP] 38379962023988 → 919172552833
[LID-MAP] 173611587477549 → 919136052699
[LID-MAP] 249297601839190 → 919130692255
[LID-MAP] 79864933654620 → 919099874959
[LID-MAP] 75265074004185 → 919090030345
[LID-MAP] 258038028099636 → 919075358557
[LID-MAP] 29935938859035 → 919049855593
[LID-MAP] 190241314971715 → 919024212652
[LID-MAP] 38779477823516 → 919019239946
[LID-MAP] 117519029371104 → 918968562430
[LID-MAP] 222393977061438 → 919779006820
[LID-MAP] 88605242482907 → 919754197540
[LID-MAP] 171253499465846 → 919726995317
[LID-MAP] 17179936342079 → 919720702527
[LID-MAP] 148442777170135 → 919717423622
[LID-MAP] 105561857196224 → 919654425155
[LID-MAP] 281140153860183 → 919599010835
[LID-MAP] 220009833975886 → 919594599018
[LID-MAP] 181638612947005 → 919582228584
[LID-MAP] 5682912882894 → 919575550996
[LID-MAP] 126388355002411 → 919566020382
[LID-MAP] 20272312770769 → 919561694725
[LID-MAP] 156684785848334 → 919466060709
[LID-MAP] 152351331627083 → 919464900040
[LID-MAP] 166923987902630 → 919462241858
[LID-MAP] 281002698088464 → 919452808052
[LID-MAP] 128604977516598 → 919433995391
[LID-MAP] 17570778366097 → 919425094923
[LID-MAP] 107232498827380 → 919424077785
[LID-MAP] 263552245993638 → 919899087023
[LID-MAP] 164429165518911 → 919898120131
[LID-MAP] 1481914765346 → 919896291141
[LID-MAP] 248455452688503 → 919893626018
[LID-MAP] 162083509379155 → 919890285430
[LID-MAP] 68947663650947 → 919889228332
[LID-MAP] 186896156205308 → 919876543210
[LID-MAP] 161344825385105 → 919870249397
[LID-MAP] 53206440747052 → 919837017711
[LID-MAP] 214207249264746 → 919829159000
[LID-MAP] 211737726951459 → 919826423918
[LID-MAP] 81583004467411 → 919825677256
[LID-MAP] 148116342857770 → 919822726464
[LID-MAP] 62444680569007 → 919822482682
[LID-MAP] 169475248771289 → 919820579665
[LID-MAP] 205823523451032 → 919816028936
[LID-MAP] 105995950882884 → 919814080708
[LID-MAP] 174410132680803 → 919811259585
[LID-MAP] 141519189205105 → 919810540547
[LID-MAP] 48628290826355 → 9779868182635
[LID-MAP] 158381297897656 → 9779857048500
[LID-MAP] 95318326702230 → 9779803036014
[LID-MAP] 277369122201725 → 919999533629
[LID-MAP] 135746786750514 → 919990626618
[LID-MAP] 281208839737594 → 919982533322
[LID-MAP] 222475178786987 → 919982043017
[LID-MAP] 190323070345240 → 919957575069
[LID-MAP] 202902996029640 → 919930923365
[LID-MAP] 108198933573711 → 919927459437
[LID-MAP] 24142111867101 → 919927096178
[LID-MAP] 120821842452555 → 919924410217
[LID-MAP] 53064505503999 → 919923536357
[LID-MAP] 44684873306254 → 919913073355
[LID-MAP] 108886145130496 → 919909017587
[LID-RESOLVE-DB] ✅ Resolved 98 phone→LID mappings (total map: 198)
[LID-RESOLVE-DB] ✅ Updated 6 chat entries with phone numbers
{"level":50,"time":1772728897137,"pid":93202,"hostname":"Mohans-iMac.local","node":{"tag":"stream:error","attrs":{},"content":[{"tag":"conflict","attrs":{"type":"replaced"}}]},"msg":"stream errored out"}
[DISCONNECTED] Status: 440, intentional: false
[RECONNECT] Attempt 1/50 in 2000ms
[AUTH] Using MongoDB-backed auth state
[BAILEYS] Starting v2.3000.1033846690
[CONNECTED] WhatsApp connected as: 919309986820:75@s.whatsapp.net Swar Yoga
{"level":40,"time":1772728901272,"pid":93202,"hostname":"Mohans-iMac.local","msg":"Timeout in AwaitingInitialSync, forcing state to Online and flushing buffer"}
[GROUPS] Prefetched 273 group names
[LID-RESOLVE-DB] Found 12 unresolved LID contacts, querying DB...
[LID-RESOLVE-DB] Found 115 unique phone numbers in DB
[LID-MAP] 45101569028331 → 917875877083
[LID-MAP] 73628775387137 → 917766841117
[LID-MAP] 145994545103008 → 917738093173
[LID-MAP] 275449221521484 → 917588040535
[LID-MAP] 167297650040911 → 917428375992
[LID-MAP] 276626076086489 → 917217674566
[LID-MAP] 247587768688773 → 917000789090
[LID-MAP] 266494382481478 → 23058287667
[LID-MAP] 89575905038462 → 918968545566
[LID-MAP] 170312700284988 → 918962400660
[LID-MAP] 187389624459383 → 918920112808
[LID-MAP] 133719612465382 → 918888889078
[LID-MAP] 165244655648775 → 918767574117
[LID-MAP] 111867070537746 → 918765432100
[LID-MAP] 17811330060419 → 918668771411
[LID-MAP] 19761161347137 → 918511669921
[LID-MAP] 67744686952493 → 918427616270
[LID-MAP] 254129087742107 → 918308886918
[LID-MAP] 158355611992084 → 918275281029
[LID-MAP] 230098594713709 → 918223899969
[LID-MAP] 190202660306996 → 918180898066
[LID-MAP] 190185832714267 → 918149549354
[LID-MAP] 186689410596935 → 918149238319
[LID-MAP] 155151516098776 → 918130910321
[LID-MAP] 187746559766560 → 917999774008
[LID-MAP] 162336895688852 → 917891119495
[LID-MAP] 104032781742301 → 919423784888
[LID-MAP] 211385556439229 → 919422880177
[LID-MAP] 232112967930011 → 919414888892
[LID-MAP] 128729380597926 → 919410838239
[LID-MAP] 232641383129333 → 919376770333
[LID-MAP] 262280868589677 → 919368675024
[LID-MAP] 70102540095695 → 919362802237
[LID-MAP] 57599990968399 → 919322331757
[LID-MAP] 1606351380725 → 919309986820
[LID-MAP] 38379962023988 → 919172552833
[LID-MAP] 173611587477549 → 919136052699
[LID-MAP] 249297601839190 → 919130692255
[LID-MAP] 79864933654620 → 919099874959
[LID-MAP] 75265074004185 → 919090030345
[LID-MAP] 258038028099636 → 919075358557
[LID-MAP] 29935938859035 → 919049855593
[LID-MAP] 190241314971715 → 919024212652
[LID-MAP] 38779477823516 → 919019239946
[LID-MAP] 117519029371104 → 918968562430
[LID-MAP] 222393977061438 → 919779006820
[LID-MAP] 88605242482907 → 919754197540
[LID-MAP] 171253499465846 → 919726995317
[LID-MAP] 17179936342079 → 919720702527
[LID-MAP] 148442777170135 → 919717423622
[LID-MAP] 105561857196224 → 919654425155
[LID-MAP] 281140153860183 → 919599010835
[LID-MAP] 220009833975886 → 919594599018
[LID-MAP] 181638612947005 → 919582228584
[LID-MAP] 5682912882894 → 919575550996
[LID-MAP] 126388355002411 → 919566020382
[LID-MAP] 20272312770769 → 919561694725
[LID-MAP] 156684785848334 → 919466060709
[LID-MAP] 152351331627083 → 919464900040
[LID-MAP] 166923987902630 → 919462241858
[LID-MAP] 281002698088464 → 919452808052
[LID-MAP] 128604977516598 → 919433995391
[LID-MAP] 17570778366097 → 919425094923
[LID-MAP] 107232498827380 → 919424077785
[LID-MAP] 263552245993638 → 919899087023
[LID-MAP] 164429165518911 → 919898120131
[LID-MAP] 1481914765346 → 919896291141
[LID-MAP] 248455452688503 → 919893626018
[LID-MAP] 162083509379155 → 919890285430
[LID-MAP] 68947663650947 → 919889228332
[LID-MAP] 186896156205308 → 919876543210
[LID-MAP] 161344825385105 → 919870249397
[LID-MAP] 53206440747052 → 919837017711
[LID-MAP] 214207249264746 → 919829159000
[LID-MAP] 211737726951459 → 919826423918
[LID-MAP] 81583004467411 → 919825677256
[LID-MAP] 148116342857770 → 919822726464
[LID-MAP] 62444680569007 → 919822482682
[LID-MAP] 169475248771289 → 919820579665
[LID-MAP] 205823523451032 → 919816028936
[LID-MAP] 105995950882884 → 919814080708
[LID-MAP] 174410132680803 → 919811259585
[LID-MAP] 141519189205105 → 919810540547
[LID-MAP] 48628290826355 → 9779868182635
[LID-MAP] 158381297897656 → 9779857048500
[LID-MAP] 95318326702230 → 9779803036014
[LID-MAP] 277369122201725 → 919999533629
[LID-MAP] 135746786750514 → 919990626618
[LID-MAP] 281208839737594 → 919982533322
[LID-MAP] 222475178786987 → 919982043017
[LID-MAP] 190323070345240 → 919957575069
[LID-MAP] 202902996029640 → 919930923365
[LID-MAP] 108198933573711 → 919927459437
[LID-MAP] 24142111867101 → 919927096178
[LID-MAP] 120821842452555 → 919924410217
[LID-MAP] 53064505503999 → 919923536357
[LID-MAP] 44684873306254 → 919913073355
[LID-MAP] 108886145130496 → 919909017587
[LID-RESOLVE-DB] ✅ Resolved 98 phone→LID mappings (total map: 198)
[LID-RESOLVE-DB] ✅ Updated 6 chat entries with phone numbers
{"level":50,"time":1772728916674,"pid":93202,"hostname":"Mohans-iMac.local","node":{"tag":"stream:error","attrs":{},"content":[{"tag":"conflict","attrs":{"type":"replaced"}}]},"msg":"stream errored out"}
[DISCONNECTED] Status: 440, intentional: false
[RECONNECT] Attempt 1/50 in 2000ms
[AUTH] Using MongoDB-backed auth state
[BAILEYS] Starting v2.3000.1033846690
[CONNECTED] WhatsApp connected as: 919309986820:75@s.whatsapp.net Swar Yoga
[GROUPS] Failed to prefetch group names: rate-overlimit
{"level":40,"time":1772728920737,"pid":93202,"hostname":"Mohans-iMac.local","msg":"Timeout in AwaitingInitialSync, forcing state to Online and flushing buffer"}
[LID-RESOLVE-DB] Found 12 unresolved LID contacts, querying DB...
[LID-RESOLVE-DB] Found 115 unique phone numbers in DB
[LID-MAP] 45101569028331 → 917875877083
[LID-MAP] 73628775387137 → 917766841117
[LID-MAP] 145994545103008 → 917738093173
[LID-MAP] 275449221521484 → 917588040535
[LID-MAP] 167297650040911 → 917428375992
[LID-MAP] 276626076086489 → 917217674566
[LID-MAP] 247587768688773 → 917000789090
[LID-MAP] 266494382481478 → 23058287667
[LID-MAP] 89575905038462 → 918968545566
[LID-MAP] 170312700284988 → 918962400660
[LID-MAP] 187389624459383 → 918920112808
[LID-MAP] 133719612465382 → 918888889078
[LID-MAP] 165244655648775 → 918767574117
[LID-MAP] 111867070537746 → 918765432100
[LID-MAP] 17811330060419 → 918668771411
[LID-MAP] 19761161347137 → 918511669921
[LID-MAP] 67744686952493 → 918427616270
[LID-MAP] 254129087742107 → 918308886918
[LID-MAP] 158355611992084 → 918275281029
[LID-MAP] 230098594713709 → 918223899969
[LID-MAP] 190202660306996 → 918180898066
[LID-MAP] 190185832714267 → 918149549354
[LID-MAP] 186689410596935 → 918149238319
[LID-MAP] 155151516098776 → 918130910321
[LID-MAP] 187746559766560 → 917999774008
[LID-MAP] 162336895688852 → 917891119495
[LID-MAP] 104032781742301 → 919423784888
[LID-MAP] 211385556439229 → 919422880177
[LID-MAP] 232112967930011 → 919414888892
[LID-MAP] 128729380597926 → 919410838239
[LID-MAP] 232641383129333 → 919376770333
[LID-MAP] 262280868589677 → 919368675024
[LID-MAP] 70102540095695 → 919362802237
[LID-MAP] 57599990968399 → 919322331757
[LID-MAP] 1606351380725 → 919309986820
[LID-MAP] 38379962023988 → 919172552833
[LID-MAP] 173611587477549 → 919136052699
[LID-MAP] 249297601839190 → 919130692255
[LID-MAP] 79864933654620 → 919099874959
[LID-MAP] 75265074004185 → 919090030345
[LID-MAP] 258038028099636 → 919075358557
[LID-MAP] 29935938859035 → 919049855593
[LID-MAP] 190241314971715 → 919024212652
[LID-MAP] 38779477823516 → 919019239946
[LID-MAP] 117519029371104 → 918968562430
[LID-MAP] 222393977061438 → 919779006820
[LID-MAP] 88605242482907 → 919754197540
[LID-MAP] 171253499465846 → 919726995317
[LID-MAP] 17179936342079 → 919720702527
[LID-MAP] 148442777170135 → 919717423622
[LID-MAP] 105561857196224 → 919654425155
[LID-MAP] 281140153860183 → 919599010835
[LID-MAP] 220009833975886 → 919594599018
[LID-MAP] 181638612947005 → 919582228584
[LID-MAP] 5682912882894 → 919575550996
[LID-MAP] 126388355002411 → 919566020382
[LID-MAP] 20272312770769 → 919561694725
[LID-MAP] 156684785848334 → 919466060709
[LID-MAP] 152351331627083 → 919464900040
[LID-MAP] 166923987902630 → 919462241858
[LID-MAP] 281002698088464 → 919452808052
[LID-MAP] 128604977516598 → 919433995391
[LID-MAP] 17570778366097 → 919425094923
[LID-MAP] 107232498827380 → 919424077785
[LID-MAP] 263552245993638 → 919899087023
[LID-MAP] 164429165518911 → 919898120131
[LID-MAP] 1481914765346 → 919896291141
[LID-MAP] 248455452688503 → 919893626018
[LID-MAP] 162083509379155 → 919890285430
[LID-MAP] 68947663650947 → 919889228332
[LID-MAP] 186896156205308 → 919876543210
[LID-MAP] 161344825385105 → 919870249397
[LID-MAP] 53206440747052 → 919837017711
[LID-MAP] 214207249264746 → 919829159000
[LID-MAP] 211737726951459 → 919826423918
[LID-MAP] 81583004467411 → 919825677256
[LID-MAP] 148116342857770 → 919822726464
[LID-MAP] 62444680569007 → 919822482682
[LID-MAP] 169475248771289 → 919820579665
[LID-MAP] 205823523451032 → 919816028936
[LID-MAP] 105995950882884 → 919814080708
[LID-MAP] 174410132680803 → 919811259585
[LID-MAP] 141519189205105 → 919810540547
[LID-MAP] 48628290826355 → 9779868182635
[LID-MAP] 158381297897656 → 9779857048500
[LID-MAP] 95318326702230 → 9779803036014
[LID-MAP] 277369122201725 → 919999533629
[LID-MAP] 135746786750514 → 919990626618
[LID-MAP] 281208839737594 → 919982533322
[LID-MAP] 222475178786987 → 919982043017
[LID-MAP] 190323070345240 → 919957575069
[LID-MAP] 202902996029640 → 919930923365
[LID-MAP] 108198933573711 → 919927459437
[LID-MAP] 24142111867101 → 919927096178
[LID-MAP] 120821842452555 → 919924410217
[LID-MAP] 53064505503999 → 919923536357
[LID-MAP] 44684873306254 → 919913073355
[LID-MAP] 108886145130496 → 919909017587
[LID-RESOLVE-DB] ✅ Resolved 98 phone→LID mappings (total map: 198)
[LID-RESOLVE-DB] ✅ Updated 6 chat entries with phone numbers
{"level":50,"time":1772728935733,"pid":93202,"hostname":"Mohans-iMac.local","node":{"tag":"stream:error","attrs":{},"content":[{"tag":"conflict","attrs":{"type":"replaced"}}]},"msg":"stream errored out"}
[DISCONNECTED] Status: 440, intentional: false
[RECONNECT] Attempt 1/50 in 2000ms
[AUTH] Using MongoDB-backed auth state
[BAILEYS] Starting v2.3000.1033846690
{"level":50,"time":1772728938735,"pid":93202,"hostname":"Mohans-iMac.local","key":{"remoteJid":"status@broadcast","fromMe":false,"id":"ACF72DDB53E08D26D463E2EB71DFCE3E","participant":"216376174227666@lid","participantPn":"919922174842@s.whatsapp.net"},"err":{"type":"MessageCounterError","message":"Key used already or never filled","stack":"MessageCounterError: Key used already or never filled\n    at SessionCipher.doDecryptWhisperMessage (/Users/mohankalburgi/swaryoga.com-db/swaryoga.com-db/deploy/wa-baileys/node_modules/libsignal/src/session_cipher.js:236:19)\n    at 216376174227666.0 [as awaitable] (/Users/mohankalburgi/swaryoga.com-db/swaryoga.com-db/deploy/wa-baileys/node_modules/libsignal/src/session_cipher.js:207:42)\n    at process.processTicksAndRejections (node:internal/process/task_queues:103:5)\n    at async _asyncQueueExecutor (/Users/mohankalburgi/swaryoga.com-db/swaryoga.com-db/deploy/wa-baileys/node_modules/libsignal/src/queue_job.js:20:29)","name":"MessageCounterError"},"msg":"failed to decrypt message"}
[CONNECTED] WhatsApp connected as: 919309986820:75@s.whatsapp.net Swar Yoga
[GROUPS] Failed to prefetch group names: rate-overlimit
{"level":40,"time":1772728939981,"pid":93202,"hostname":"Mohans-iMac.local","msg":"Timeout in AwaitingInitialSync, forcing state to Online and flushing buffer"}
[LID-RESOLVE-DB] Found 12 unresolved LID contacts, querying DB...
[LID-RESOLVE-DB] Found 115 unique phone numbers in DB
[LID-MAP] 45101569028331 → 917875877083
[LID-MAP] 73628775387137 → 917766841117
[LID-MAP] 145994545103008 → 917738093173
[LID-MAP] 275449221521484 → 917588040535
[LID-MAP] 167297650040911 → 917428375992
[LID-MAP] 276626076086489 → 917217674566
[LID-MAP] 247587768688773 → 917000789090
[LID-MAP] 266494382481478 → 23058287667
[LID-MAP] 89575905038462 → 918968545566
[LID-MAP] 170312700284988 → 918962400660
[LID-MAP] 187389624459383 → 918920112808
[LID-MAP] 133719612465382 → 918888889078
[LID-MAP] 165244655648775 → 918767574117
[LID-MAP] 111867070537746 → 918765432100
[LID-MAP] 17811330060419 → 918668771411
[LID-MAP] 19761161347137 → 918511669921
[LID-MAP] 67744686952493 → 918427616270
[LID-MAP] 254129087742107 → 918308886918
[LID-MAP] 158355611992084 → 918275281029
[LID-MAP] 230098594713709 → 918223899969
[LID-MAP] 190202660306996 → 918180898066
[LID-MAP] 190185832714267 → 918149549354
[LID-MAP] 186689410596935 → 918149238319
[LID-MAP] 155151516098776 → 918130910321
[LID-MAP] 187746559766560 → 917999774008
[LID-MAP] 162336895688852 → 917891119495
[LID-MAP] 104032781742301 → 919423784888
[LID-MAP] 211385556439229 → 919422880177
[LID-MAP] 232112967930011 → 919414888892
[LID-MAP] 128729380597926 → 919410838239
[LID-MAP] 232641383129333 → 919376770333
[LID-MAP] 262280868589677 → 919368675024
[LID-MAP] 70102540095695 → 919362802237
[LID-MAP] 57599990968399 → 919322331757
[LID-MAP] 1606351380725 → 919309986820
[LID-MAP] 38379962023988 → 919172552833
[LID-MAP] 173611587477549 → 919136052699
[LID-MAP] 249297601839190 → 919130692255
[LID-MAP] 79864933654620 → 919099874959
[LID-MAP] 75265074004185 → 919090030345
[LID-MAP] 258038028099636 → 919075358557
[LID-MAP] 29935938859035 → 919049855593
[LID-MAP] 190241314971715 → 919024212652
[LID-MAP] 38779477823516 → 919019239946
[LID-MAP] 117519029371104 → 918968562430
[LID-MAP] 222393977061438 → 919779006820
[LID-MAP] 88605242482907 → 919754197540
[LID-MAP] 171253499465846 → 919726995317
[LID-MAP] 17179936342079 → 919720702527
[LID-MAP] 148442777170135 → 919717423622
[LID-MAP] 105561857196224 → 919654425155
[LID-MAP] 281140153860183 → 919599010835
[LID-MAP] 220009833975886 → 919594599018
[LID-MAP] 181638612947005 → 919582228584
[LID-MAP] 5682912882894 → 919575550996
[LID-MAP] 126388355002411 → 919566020382
[LID-MAP] 20272312770769 → 919561694725
[LID-MAP] 156684785848334 → 919466060709
[LID-MAP] 152351331627083 → 919464900040
[LID-MAP] 166923987902630 → 919462241858
[LID-MAP] 281002698088464 → 919452808052
[LID-MAP] 128604977516598 → 919433995391
[LID-MAP] 17570778366097 → 919425094923
[LID-MAP] 107232498827380 → 919424077785
[LID-MAP] 263552245993638 → 919899087023
[LID-MAP] 164429165518911 → 919898120131
[LID-MAP] 1481914765346 → 919896291141
[LID-MAP] 248455452688503 → 919893626018
[LID-MAP] 162083509379155 → 919890285430
[LID-MAP] 68947663650947 → 919889228332
[LID-MAP] 186896156205308 → 919876543210
[LID-MAP] 161344825385105 → 919870249397
[LID-MAP] 53206440747052 → 919837017711
[LID-MAP] 214207249264746 → 919829159000
[LID-MAP] 211737726951459 → 919826423918
[LID-MAP] 81583004467411 → 919825677256
[LID-MAP] 148116342857770 → 919822726464
[LID-MAP] 62444680569007 → 919822482682
[LID-MAP] 169475248771289 → 919820579665
[LID-MAP] 205823523451032 → 919816028936
[LID-MAP] 105995950882884 → 919814080708
[LID-MAP] 174410132680803 → 919811259585
[LID-MAP] 141519189205105 → 919810540547
[LID-MAP] 48628290826355 → 9779868182635
[LID-MAP] 158381297897656 → 9779857048500
[LID-MAP] 95318326702230 → 9779803036014
[LID-MAP] 277369122201725 → 919999533629
[LID-MAP] 135746786750514 → 919990626618
[LID-MAP] 281208839737594 → 919982533322
[LID-MAP] 222475178786987 → 919982043017
[LID-MAP] 190323070345240 → 919957575069
[LID-MAP] 202902996029640 → 919930923365
[LID-MAP] 108198933573711 → 919927459437
[LID-MAP] 24142111867101 → 919927096178
[LID-MAP] 120821842452555 → 919924410217
[LID-MAP] 53064505503999 → 919923536357
[LID-MAP] 44684873306254 → 919913073355
[LID-MAP] 108886145130496 → 919909017587
[LID-RESOLVE-DB] ✅ Resolved 98 phone→LID mappings (total map: 198)
[LID-RESOLVE-DB] ✅ Updated 6 chat entries with phone numbers
{"level":50,"time":1772728954525,"pid":93202,"hostname":"Mohans-iMac.local","node":{"tag":"stream:error","attrs":{},"content":[{"tag":"conflict","attrs":{"type":"replaced"}}]},"msg":"stream errored out"}
[DISCONNECTED] Status: 440, intentional: false
[RECONNECT] Attempt 1/50 in 2000ms
[AUTH] Using MongoDB-backed auth state
[BAILEYS] Starting v2.3000.1033846690
[CONNECTED] WhatsApp connected as: 919309986820:75@s.whatsapp.net Swar Yoga
{"level":40,"time":1772728958739,"pid":93202,"hostname":"Mohans-iMac.local","msg":"Timeout in AwaitingInitialSync, forcing state to Online and flushing buffer"}
[GROUPS] Prefetched 273 group names
[LID-RESOLVE-DB] Found 12 unresolved LID contacts, querying DB...
[LID-RESOLVE-DB] Found 115 unique phone numbers in DB
[LID-MAP] 45101569028331 → 917875877083
[LID-MAP] 73628775387137 → 917766841117
[LID-MAP] 145994545103008 → 917738093173
[LID-MAP] 275449221521484 → 917588040535
[LID-MAP] 167297650040911 → 917428375992
[LID-MAP] 276626076086489 → 917217674566
[LID-MAP] 247587768688773 → 917000789090
[LID-MAP] 266494382481478 → 23058287667
[LID-MAP] 89575905038462 → 918968545566
[LID-MAP] 170312700284988 → 918962400660
[LID-MAP] 187389624459383 → 918920112808
[LID-MAP] 133719612465382 → 918888889078
[LID-MAP] 165244655648775 → 918767574117
[LID-MAP] 111867070537746 → 918765432100
[LID-MAP] 17811330060419 → 918668771411
[LID-MAP] 19761161347137 → 918511669921
[LID-MAP] 67744686952493 → 918427616270
[LID-MAP] 254129087742107 → 918308886918
[LID-MAP] 158355611992084 → 918275281029
[LID-MAP] 230098594713709 → 918223899969
[LID-MAP] 190202660306996 → 918180898066
[LID-MAP] 190185832714267 → 918149549354
[LID-MAP] 186689410596935 → 918149238319
[LID-MAP] 155151516098776 → 918130910321
[LID-MAP] 187746559766560 → 917999774008
[LID-MAP] 162336895688852 → 917891119495
[LID-MAP] 104032781742301 → 919423784888
[LID-MAP] 211385556439229 → 919422880177
[LID-MAP] 232112967930011 → 919414888892
[LID-MAP] 128729380597926 → 919410838239
[LID-MAP] 232641383129333 → 919376770333
[LID-MAP] 262280868589677 → 919368675024
[LID-MAP] 70102540095695 → 919362802237
[LID-MAP] 57599990968399 → 919322331757
[LID-MAP] 1606351380725 → 919309986820
[LID-MAP] 38379962023988 → 919172552833
[LID-MAP] 173611587477549 → 919136052699
[LID-MAP] 249297601839190 → 919130692255
[LID-MAP] 79864933654620 → 919099874959
[LID-MAP] 75265074004185 → 919090030345
[LID-MAP] 258038028099636 → 919075358557
[LID-MAP] 29935938859035 → 919049855593
[LID-MAP] 190241314971715 → 919024212652
[LID-MAP] 38779477823516 → 919019239946
[LID-MAP] 117519029371104 → 918968562430
[LID-MAP] 222393977061438 → 919779006820
[LID-MAP] 88605242482907 → 919754197540
[LID-MAP] 171253499465846 → 919726995317
[LID-MAP] 17179936342079 → 919720702527
[LID-MAP] 148442777170135 → 919717423622
[LID-MAP] 105561857196224 → 919654425155
[LID-MAP] 281140153860183 → 919599010835
[LID-MAP] 220009833975886 → 919594599018
[LID-MAP] 181638612947005 → 919582228584
[LID-MAP] 5682912882894 → 919575550996
[LID-MAP] 126388355002411 → 919566020382
[LID-MAP] 20272312770769 → 919561694725
[LID-MAP] 156684785848334 → 919466060709
[LID-MAP] 152351331627083 → 919464900040
[LID-MAP] 166923987902630 → 919462241858
[LID-MAP] 281002698088464 → 919452808052
[LID-MAP] 128604977516598 → 919433995391
[LID-MAP] 17570778366097 → 919425094923
[LID-MAP] 107232498827380 → 919424077785
[LID-MAP] 263552245993638 → 919899087023
[LID-MAP] 164429165518911 → 919898120131
[LID-MAP] 1481914765346 → 919896291141
[LID-MAP] 248455452688503 → 919893626018
[LID-MAP] 162083509379155 → 919890285430
[LID-MAP] 68947663650947 → 919889228332
[LID-MAP] 186896156205308 → 919876543210
[LID-MAP] 161344825385105 → 919870249397
[LID-MAP] 53206440747052 → 919837017711
[LID-MAP] 214207249264746 → 919829159000
[LID-MAP] 211737726951459 → 919826423918
[LID-MAP] 81583004467411 → 919825677256
[LID-MAP] 148116342857770 → 919822726464
[LID-MAP] 62444680569007 → 919822482682
[LID-MAP] 169475248771289 → 919820579665
[LID-MAP] 205823523451032 → 919816028936
[LID-MAP] 105995950882884 → 919814080708
[LID-MAP] 174410132680803 → 919811259585
[LID-MAP] 141519189205105 → 919810540547
[LID-MAP] 48628290826355 → 9779868182635
[LID-MAP] 158381297897656 → 9779857048500
[LID-MAP] 95318326702230 → 9779803036014
[LID-MAP] 277369122201725 → 919999533629
[LID-MAP] 135746786750514 → 919990626618
[LID-MAP] 281208839737594 → 919982533322
[LID-MAP] 222475178786987 → 919982043017
[LID-MAP] 190323070345240 → 919957575069
[LID-MAP] 202902996029640 → 919930923365
[LID-MAP] 108198933573711 → 919927459437
[LID-MAP] 24142111867101 → 919927096178
[LID-MAP] 120821842452555 → 919924410217
[LID-MAP] 53064505503999 → 919923536357
[LID-MAP] 44684873306254 → 919913073355
[LID-MAP] 108886145130496 → 919909017587
[LID-RESOLVE-DB] ✅ Resolved 98 phone→LID mappings (total map: 198)
[LID-RESOLVE-DB] ✅ Updated 6 chat entries with phone numbers
{"level":50,"time":1772728973471,"pid":93202,"hostname":"Mohans-iMac.local","node":{"tag":"stream:error","attrs":{},"content":[{"tag":"conflict","attrs":{"type":"replaced"}}]},"msg":"stream errored out"}
[DISCONNECTED] Status: 440, intentional: false
[RECONNECT] Attempt 1/50 in 2000ms
[AUTH] Using MongoDB-backed auth state
[BAILEYS] Starting v2.3000.1033846690
[CONNECTED] WhatsApp connected as: 919309986820:75@s.whatsapp.net Swar Yoga
[GROUPS] Failed to prefetch group names: rate-overlimit
{"level":40,"time":1772728977572,"pid":93202,"hostname":"Mohans-iMac.local","msg":"Timeout in AwaitingInitialSync, forcing state to Online and flushing buffer"}
[LID-RESOLVE-DB] Found 12 unresolved LID contacts, querying DB...
[LID-RESOLVE-DB] Found 115 unique phone numbers in DB
[LID-MAP] 45101569028331 → 917875877083
[LID-MAP] 73628775387137 → 917766841117
[LID-MAP] 145994545103008 → 917738093173
[LID-MAP] 275449221521484 → 917588040535
[LID-MAP] 167297650040911 → 917428375992
[LID-MAP] 276626076086489 → 917217674566
[LID-MAP] 247587768688773 → 917000789090
[LID-MAP] 266494382481478 → 23058287667
[LID-MAP] 89575905038462 → 918968545566
[LID-MAP] 170312700284988 → 918962400660
[LID-MAP] 187389624459383 → 918920112808
[LID-MAP] 133719612465382 → 918888889078
[LID-MAP] 165244655648775 → 918767574117
[LID-MAP] 111867070537746 → 918765432100
[LID-MAP] 17811330060419 → 918668771411
[LID-MAP] 19761161347137 → 918511669921
[LID-MAP] 67744686952493 → 918427616270
[LID-MAP] 254129087742107 → 918308886918
[LID-MAP] 158355611992084 → 918275281029
[LID-MAP] 230098594713709 → 918223899969
[LID-MAP] 190202660306996 → 918180898066
[LID-MAP] 190185832714267 → 918149549354
[LID-MAP] 186689410596935 → 918149238319
[LID-MAP] 155151516098776 → 918130910321
[LID-MAP] 187746559766560 → 917999774008
[LID-MAP] 162336895688852 → 917891119495
[LID-MAP] 104032781742301 → 919423784888
[LID-MAP] 211385556439229 → 919422880177
[LID-MAP] 232112967930011 → 919414888892
[LID-MAP] 128729380597926 → 919410838239
[LID-MAP] 232641383129333 → 919376770333
[LID-MAP] 262280868589677 → 919368675024
[LID-MAP] 70102540095695 → 919362802237
[LID-MAP] 57599990968399 → 919322331757
[LID-MAP] 1606351380725 → 919309986820
[LID-MAP] 38379962023988 → 919172552833
[LID-MAP] 173611587477549 → 919136052699
[LID-MAP] 249297601839190 → 919130692255
[LID-MAP] 79864933654620 → 919099874959
[LID-MAP] 75265074004185 → 919090030345
[LID-MAP] 258038028099636 → 919075358557
[LID-MAP] 29935938859035 → 919049855593
[LID-MAP] 190241314971715 → 919024212652
[LID-MAP] 38779477823516 → 919019239946
[LID-MAP] 117519029371104 → 918968562430
[LID-MAP] 222393977061438 → 919779006820
[LID-MAP] 88605242482907 → 919754197540
[LID-MAP] 171253499465846 → 919726995317
[LID-MAP] 17179936342079 → 919720702527
[LID-MAP] 148442777170135 → 919717423622
[LID-MAP] 105561857196224 → 919654425155
[LID-MAP] 281140153860183 → 919599010835
[LID-MAP] 220009833975886 → 919594599018
[LID-MAP] 181638612947005 → 919582228584
[LID-MAP] 5682912882894 → 919575550996
[LID-MAP] 126388355002411 → 919566020382
[LID-MAP] 20272312770769 → 919561694725
[LID-MAP] 156684785848334 → 919466060709
[LID-MAP] 152351331627083 → 919464900040
[LID-MAP] 166923987902630 → 919462241858
[LID-MAP] 281002698088464 → 919452808052
[LID-MAP] 128604977516598 → 919433995391
[LID-MAP] 17570778366097 → 919425094923
[LID-MAP] 107232498827380 → 919424077785
[LID-MAP] 263552245993638 → 919899087023
[LID-MAP] 164429165518911 → 919898120131
[LID-MAP] 1481914765346 → 919896291141
[LID-MAP] 248455452688503 → 919893626018
[LID-MAP] 162083509379155 → 919890285430
[LID-MAP] 68947663650947 → 919889228332
[LID-MAP] 186896156205308 → 919876543210
[LID-MAP] 161344825385105 → 919870249397
[LID-MAP] 53206440747052 → 919837017711
[LID-MAP] 214207249264746 → 919829159000
[LID-MAP] 211737726951459 → 919826423918
[LID-MAP] 81583004467411 → 919825677256
[LID-MAP] 148116342857770 → 919822726464
[LID-MAP] 62444680569007 → 919822482682
[LID-MAP] 169475248771289 → 919820579665
[LID-MAP] 205823523451032 → 919816028936
[LID-MAP] 105995950882884 → 919814080708
[LID-MAP] 174410132680803 → 919811259585
[LID-MAP] 141519189205105 → 919810540547
[LID-MAP] 48628290826355 → 9779868182635
[LID-MAP] 158381297897656 → 9779857048500
[LID-MAP] 95318326702230 → 9779803036014
[LID-MAP] 277369122201725 → 919999533629
[LID-MAP] 135746786750514 → 919990626618
[LID-MAP] 281208839737594 → 919982533322
[LID-MAP] 222475178786987 → 919982043017
[LID-MAP] 190323070345240 → 919957575069
[LID-MAP] 202902996029640 → 919930923365
[LID-MAP] 108198933573711 → 919927459437
[LID-MAP] 24142111867101 → 919927096178
[LID-MAP] 120821842452555 → 919924410217
[LID-MAP] 53064505503999 → 919923536357
[LID-MAP] 44684873306254 → 919913073355
[LID-MAP] 108886145130496 → 919909017587
[LID-RESOLVE-DB] ✅ Resolved 98 phone→LID mappings (total map: 198)
[LID-RESOLVE-DB] ✅ Updated 6 chat entries with phone numbers
{"level":50,"time":1772728992485,"pid":93202,"hostname":"Mohans-iMac.local","node":{"tag":"stream:error","attrs":{},"content":[{"tag":"conflict","attrs":{"type":"replaced"}}]},"msg":"stream errored out"}
[DISCONNECTED] Status: 440, intentional: false
[RECONNECT] Attempt 1/50 in 2000ms
[AUTH] Using MongoDB-backed auth state
[BAILEYS] Starting v2.3000.1033846690
[CONNECTED] WhatsApp connected as: 919309986820:75@s.whatsapp.net Swar Yoga
{"level":40,"time":1772728996752,"pid":93202,"hostname":"Mohans-iMac.local","msg":"Timeout in AwaitingInitialSync, forcing state to Online and flushing buffer"}
[GROUPS] Prefetched 273 group names
[LID-RESOLVE-DB] Found 12 unresolved LID contacts, querying DB...
[LID-RESOLVE-DB] Found 115 unique phone numbers in DB
[LID-MAP] 45101569028331 → 917875877083
[LID-MAP] 73628775387137 → 917766841117
[LID-MAP] 145994545103008 → 917738093173
[LID-MAP] 275449221521484 → 917588040535
[LID-MAP] 167297650040911 → 917428375992
[LID-MAP] 276626076086489 → 917217674566
[LID-MAP] 247587768688773 → 917000789090
[LID-MAP] 266494382481478 → 23058287667
[LID-MAP] 89575905038462 → 918968545566
[LID-MAP] 170312700284988 → 918962400660
[LID-MAP] 187389624459383 → 918920112808
[LID-MAP] 133719612465382 → 918888889078
[LID-MAP] 165244655648775 → 918767574117
[LID-MAP] 111867070537746 → 918765432100
[LID-MAP] 17811330060419 → 918668771411
[LID-MAP] 19761161347137 → 918511669921
[LID-MAP] 67744686952493 → 918427616270
[LID-MAP] 254129087742107 → 918308886918
[LID-MAP] 158355611992084 → 918275281029
[LID-MAP] 230098594713709 → 918223899969
[LID-MAP] 190202660306996 → 918180898066
[LID-MAP] 190185832714267 → 918149549354
[LID-MAP] 186689410596935 → 918149238319
[LID-MAP] 155151516098776 → 918130910321
[LID-MAP] 187746559766560 → 917999774008
[LID-MAP] 162336895688852 → 917891119495
[LID-MAP] 104032781742301 → 919423784888
[LID-MAP] 211385556439229 → 919422880177
[LID-MAP] 232112967930011 → 919414888892
[LID-MAP] 128729380597926 → 919410838239
[LID-MAP] 232641383129333 → 919376770333
[LID-MAP] 262280868589677 → 919368675024
[LID-MAP] 70102540095695 → 919362802237
[LID-MAP] 57599990968399 → 919322331757
[LID-MAP] 1606351380725 → 919309986820
[LID-MAP] 38379962023988 → 919172552833
[LID-MAP] 173611587477549 → 919136052699
[LID-MAP] 249297601839190 → 919130692255
[LID-MAP] 79864933654620 → 919099874959
[LID-MAP] 75265074004185 → 919090030345
[LID-MAP] 258038028099636 → 919075358557
[LID-MAP] 29935938859035 → 919049855593
[LID-MAP] 190241314971715 → 919024212652
[LID-MAP] 38779477823516 → 919019239946
[LID-MAP] 117519029371104 → 918968562430
[LID-MAP] 222393977061438 → 919779006820
[LID-MAP] 88605242482907 → 919754197540
[LID-MAP] 171253499465846 → 919726995317
[LID-MAP] 17179936342079 → 919720702527
[LID-MAP] 148442777170135 → 919717423622
[LID-MAP] 105561857196224 → 919654425155
[LID-MAP] 281140153860183 → 919599010835
[LID-MAP] 220009833975886 → 919594599018
[LID-MAP] 181638612947005 → 919582228584
[LID-MAP] 5682912882894 → 919575550996
[LID-MAP] 126388355002411 → 919566020382
[LID-MAP] 20272312770769 → 919561694725
[LID-MAP] 156684785848334 → 919466060709
[LID-MAP] 152351331627083 → 919464900040
[LID-MAP] 166923987902630 → 919462241858
[LID-MAP] 281002698088464 → 919452808052
[LID-MAP] 128604977516598 → 919433995391
[LID-MAP] 17570778366097 → 919425094923
[LID-MAP] 107232498827380 → 919424077785
[LID-MAP] 263552245993638 → 919899087023
[LID-MAP] 164429165518911 → 919898120131
[LID-MAP] 1481914765346 → 919896291141
[LID-MAP] 248455452688503 → 919893626018
[LID-MAP] 162083509379155 → 919890285430
[LID-MAP] 68947663650947 → 919889228332
[LID-MAP] 186896156205308 → 919876543210
[LID-MAP] 161344825385105 → 919870249397
[LID-MAP] 53206440747052 → 919837017711
[LID-MAP] 214207249264746 → 919829159000
[LID-MAP] 211737726951459 → 919826423918
[LID-MAP] 81583004467411 → 919825677256
[LID-MAP] 148116342857770 → 919822726464
[LID-MAP] 62444680569007 → 919822482682
[LID-MAP] 169475248771289 → 919820579665
[LID-MAP] 205823523451032 → 919816028936
[LID-MAP] 105995950882884 → 919814080708
[LID-MAP] 174410132680803 → 919811259585
[LID-MAP] 141519189205105 → 919810540547
[LID-MAP] 48628290826355 → 9779868182635
[LID-MAP] 158381297897656 → 9779857048500
[LID-MAP] 95318326702230 → 9779803036014
[LID-MAP] 277369122201725 → 919999533629
[LID-MAP] 135746786750514 → 919990626618
[LID-MAP] 281208839737594 → 919982533322
[LID-MAP] 222475178786987 → 919982043017
[LID-MAP] 190323070345240 → 919957575069
[LID-MAP] 202902996029640 → 919930923365
[LID-MAP] 108198933573711 → 919927459437
[LID-MAP] 24142111867101 → 919927096178
[LID-MAP] 120821842452555 → 919924410217
[LID-MAP] 53064505503999 → 919923536357
[LID-MAP] 44684873306254 → 919913073355
[LID-MAP] 108886145130496 → 919909017587
[LID-RESOLVE-DB] ✅ Resolved 98 phone→LID mappings (total map: 198)
[LID-RESOLVE-DB] ✅ Updated 6 chat entries with phone numbers
{"level":50,"time":1772729011461,"pid":93202,"hostname":"Mohans-iMac.local","node":{"tag":"stream:error","attrs":{},"content":[{"tag":"conflict","attrs":{"type":"replaced"}}]},"msg":"stream errored out"}
[DISCONNECTED] Status: 440, intentional: false
[RECONNECT] Attempt 1/50 in 2000ms
[AUTH] Using MongoDB-backed auth state
[BAILEYS] Starting v2.3000.1033846690
[CONNECTED] WhatsApp connected as: 919309986820:75@s.whatsapp.net Swar Yoga
{"level":50,"time":1772729015242,"pid":93202,"hostname":"Mohans-iMac.local","node":{"tag":"stream:error","attrs":{},"content":[{"tag":"conflict","attrs":{"type":"replaced"}}]},"msg":"stream errored out"}
[DISCONNECTED] Status: 440, intentional: false
[RECONNECT] Attempt 1/50 in 2000ms
{"level":40,"time":1772729015685,"pid":93202,"hostname":"Mohans-iMac.local","msg":"Timeout in AwaitingInitialSync, forcing state to Online and flushing buffer"}
[AUTH] Using MongoDB-backed auth state
[BAILEYS] Starting v2.3000.1033846690
[CONNECTED] WhatsApp connected as: 919309986820:75@s.whatsapp.net Swar Yoga
[GROUPS] Failed to prefetch group names: rate-overlimit
[LID-RESOLVE-DB] Found 12 unresolved LID contacts, querying DB...
[LID-RESOLVE-DB] Found 115 unique phone numbers in DB
[LID-MAP] 45101569028331 → 917875877083
[LID-MAP] 73628775387137 → 917766841117
[LID-MAP] 145994545103008 → 917738093173
[LID-MAP] 275449221521484 → 917588040535
[LID-MAP] 167297650040911 → 917428375992
[LID-MAP] 276626076086489 → 917217674566
[LID-MAP] 247587768688773 → 917000789090
[LID-MAP] 266494382481478 → 23058287667
[LID-MAP] 89575905038462 → 918968545566
[LID-MAP] 170312700284988 → 918962400660
[LID-MAP] 187389624459383 → 918920112808
[LID-MAP] 133719612465382 → 918888889078
[LID-MAP] 165244655648775 → 918767574117
[LID-MAP] 111867070537746 → 918765432100
[LID-MAP] 17811330060419 → 918668771411
[LID-MAP] 19761161347137 → 918511669921
[LID-MAP] 67744686952493 → 918427616270
[LID-MAP] 254129087742107 → 918308886918
[LID-MAP] 158355611992084 → 918275281029
[LID-MAP] 230098594713709 → 918223899969
[LID-MAP] 190202660306996 → 918180898066
[LID-MAP] 190185832714267 → 918149549354
[LID-MAP] 186689410596935 → 918149238319
[LID-MAP] 155151516098776 → 918130910321
[LID-MAP] 187746559766560 → 917999774008
[LID-MAP] 162336895688852 → 917891119495
[LID-MAP] 104032781742301 → 919423784888
[LID-MAP] 211385556439229 → 919422880177
[LID-MAP] 232112967930011 → 919414888892
[LID-MAP] 128729380597926 → 919410838239
[LID-MAP] 232641383129333 → 919376770333
[LID-MAP] 262280868589677 → 919368675024
[LID-MAP] 70102540095695 → 919362802237
[LID-MAP] 57599990968399 → 919322331757
[LID-MAP] 1606351380725 → 919309986820
[LID-MAP] 38379962023988 → 919172552833
[LID-MAP] 173611587477549 → 919136052699
[LID-MAP] 249297601839190 → 919130692255
[LID-MAP] 79864933654620 → 919099874959
[LID-MAP] 75265074004185 → 919090030345
[LID-MAP] 258038028099636 → 919075358557
[LID-MAP] 29935938859035 → 919049855593
[LID-MAP] 190241314971715 → 919024212652
[LID-MAP] 38779477823516 → 919019239946
[LID-MAP] 117519029371104 → 918968562430
[LID-MAP] 222393977061438 → 919779006820
[LID-MAP] 88605242482907 → 919754197540
[LID-MAP] 171253499465846 → 919726995317
[LID-MAP] 17179936342079 → 919720702527
[LID-MAP] 148442777170135 → 919717423622
[LID-MAP] 105561857196224 → 919654425155
[LID-MAP] 281140153860183 → 919599010835
[LID-MAP] 220009833975886 → 919594599018
[LID-MAP] 181638612947005 → 919582228584
[LID-MAP] 5682912882894 → 919575550996
[LID-MAP] 126388355002411 → 919566020382
[LID-MAP] 20272312770769 → 919561694725
[LID-MAP] 156684785848334 → 919466060709
[LID-MAP] 152351331627083 → 919464900040
[LID-MAP] 166923987902630 → 919462241858
[LID-MAP] 281002698088464 → 919452808052
[LID-MAP] 128604977516598 → 919433995391
[LID-MAP] 17570778366097 → 919425094923
[LID-MAP] 107232498827380 → 919424077785
[LID-RESOLVE-DB] Found 12 unresolved LID contacts, querying DB...
[LID-MAP] 263552245993638 → 919899087023
[LID-MAP] 164429165518911 → 919898120131
[LID-MAP] 1481914765346 → 919896291141
[LID-MAP] 248455452688503 → 919893626018
[LID-MAP] 162083509379155 → 919890285430
[LID-MAP] 68947663650947 → 919889228332
[LID-MAP] 186896156205308 → 919876543210
[LID-MAP] 161344825385105 → 919870249397
[LID-MAP] 53206440747052 → 919837017711
[LID-MAP] 214207249264746 → 919829159000
[LID-MAP] 211737726951459 → 919826423918
[LID-MAP] 81583004467411 → 919825677256
[LID-MAP] 148116342857770 → 919822726464
[LID-MAP] 62444680569007 → 919822482682
[LID-MAP] 169475248771289 → 919820579665
[LID-MAP] 205823523451032 → 919816028936
[LID-MAP] 105995950882884 → 919814080708
[LID-MAP] 174410132680803 → 919811259585
[LID-MAP] 141519189205105 → 919810540547
[LID-RESOLVE-DB] Found 115 unique phone numbers in DB
[LID-MAP] 45101569028331 → 917875877083
[LID-MAP] 73628775387137 → 917766841117
[LID-MAP] 145994545103008 → 917738093173
[LID-MAP] 275449221521484 → 917588040535
[LID-MAP] 167297650040911 → 917428375992
[LID-MAP] 276626076086489 → 917217674566
[LID-MAP] 247587768688773 → 917000789090
[LID-MAP] 266494382481478 → 23058287667
[LID-MAP] 48628290826355 → 9779868182635
[LID-MAP] 158381297897656 → 9779857048500
[LID-MAP] 95318326702230 → 9779803036014
[LID-MAP] 277369122201725 → 919999533629
[LID-MAP] 135746786750514 → 919990626618
[LID-MAP] 281208839737594 → 919982533322
[LID-MAP] 222475178786987 → 919982043017
[LID-MAP] 190323070345240 → 919957575069
[LID-MAP] 202902996029640 → 919930923365
[LID-MAP] 108198933573711 → 919927459437
[LID-MAP] 24142111867101 → 919927096178
[LID-MAP] 120821842452555 → 919924410217
[LID-MAP] 53064505503999 → 919923536357
[LID-MAP] 44684873306254 → 919913073355
[LID-MAP] 108886145130496 → 919909017587
[LID-RESOLVE-DB] ✅ Resolved 98 phone→LID mappings (total map: 198)
[LID-RESOLVE-DB] ✅ Updated 6 chat entries with phone numbers
[LID-MAP] 89575905038462 → 918968545566
[LID-MAP] 170312700284988 → 918962400660
[LID-MAP] 187389624459383 → 918920112808
[LID-MAP] 133719612465382 → 918888889078
[LID-MAP] 165244655648775 → 918767574117
[LID-MAP] 111867070537746 → 918765432100
[LID-MAP] 17811330060419 → 918668771411
[LID-MAP] 19761161347137 → 918511669921
[LID-MAP] 67744686952493 → 918427616270
[LID-MAP] 254129087742107 → 918308886918
[LID-MAP] 158355611992084 → 918275281029
[LID-MAP] 230098594713709 → 918223899969
[LID-MAP] 190202660306996 → 918180898066
[LID-MAP] 190185832714267 → 918149549354
[LID-MAP] 186689410596935 → 918149238319
[LID-MAP] 155151516098776 → 918130910321
[LID-MAP] 187746559766560 → 917999774008
[LID-MAP] 162336895688852 → 917891119495
[LID-MAP] 104032781742301 → 919423784888
[LID-MAP] 211385556439229 → 919422880177
[LID-MAP] 232112967930011 → 919414888892
[LID-MAP] 128729380597926 → 919410838239
[LID-MAP] 232641383129333 → 919376770333
[LID-MAP] 262280868589677 → 919368675024
[LID-MAP] 70102540095695 → 919362802237
[LID-MAP] 57599990968399 → 919322331757
[LID-MAP] 1606351380725 → 919309986820
[LID-MAP] 38379962023988 → 919172552833
[LID-MAP] 173611587477549 → 919136052699
[LID-MAP] 249297601839190 → 919130692255
[LID-MAP] 79864933654620 → 919099874959
[LID-MAP] 75265074004185 → 919090030345
[LID-MAP] 258038028099636 → 919075358557
[LID-MAP] 29935938859035 → 919049855593
[LID-MAP] 190241314971715 → 919024212652
[LID-MAP] 38779477823516 → 919019239946
[LID-MAP] 117519029371104 → 918968562430
[LID-MAP] 222393977061438 → 919779006820
[LID-MAP] 88605242482907 → 919754197540
[LID-MAP] 171253499465846 → 919726995317
[LID-MAP] 17179936342079 → 919720702527
[LID-MAP] 148442777170135 → 919717423622
[LID-MAP] 105561857196224 → 919654425155
[LID-MAP] 281140153860183 → 919599010835
[LID-MAP] 220009833975886 → 919594599018
[LID-MAP] 181638612947005 → 919582228584
[LID-MAP] 5682912882894 → 919575550996
[LID-MAP] 126388355002411 → 919566020382
[LID-MAP] 20272312770769 → 919561694725
[LID-MAP] 156684785848334 → 919466060709
[LID-MAP] 152351331627083 → 919464900040
[LID-MAP] 166923987902630 → 919462241858
[LID-MAP] 281002698088464 → 919452808052
[LID-MAP] 128604977516598 → 919433995391
[LID-MAP] 17570778366097 → 919425094923
[LID-MAP] 107232498827380 → 919424077785
[LID-MAP] 263552245993638 → 919899087023
[LID-MAP] 164429165518911 → 919898120131
[LID-MAP] 1481914765346 → 919896291141
[LID-MAP] 248455452688503 → 919893626018
[LID-MAP] 162083509379155 → 919890285430
[LID-MAP] 68947663650947 → 919889228332
[LID-MAP] 186896156205308 → 919876543210
[LID-MAP] 161344825385105 → 919870249397
[LID-MAP] 53206440747052 → 919837017711
[LID-MAP] 214207249264746 → 919829159000
[LID-MAP] 211737726951459 → 919826423918
[LID-MAP] 81583004467411 → 919825677256
[LID-MAP] 148116342857770 → 919822726464
[LID-MAP] 62444680569007 → 919822482682
[LID-MAP] 169475248771289 → 919820579665
[LID-MAP] 205823523451032 → 919816028936
[LID-MAP] 105995950882884 → 919814080708
[LID-MAP] 174410132680803 → 919811259585
[LID-MAP] 141519189205105 → 919810540547
[LID-MAP] 48628290826355 → 9779868182635
[LID-MAP] 158381297897656 → 9779857048500
[LID-MAP] 95318326702230 → 9779803036014
[LID-MAP] 277369122201725 → 919999533629
[LID-MAP] 135746786750514 → 919990626618
[LID-MAP] 281208839737594 → 919982533322
[LID-MAP] 222475178786987 → 919982043017
[LID-MAP] 190323070345240 → 919957575069
[LID-MAP] 202902996029640 → 919930923365
[LID-MAP] 108198933573711 → 919927459437
[LID-MAP] 24142111867101 → 919927096178
[LID-MAP] 120821842452555 → 919924410217
[LID-MAP] 53064505503999 → 919923536357
[LID-MAP] 44684873306254 → 919913073355
[LID-MAP] 108886145130496 → 919909017587
[LID-RESOLVE-DB] ✅ Resolved 98 phone→LID mappings (total map: 198)
[LID-RESOLVE-DB] ✅ Updated 6 chat entries with phone numbers
{"level":50,"time":1772729034116,"pid":93202,"hostname":"Mohans-iMac.local","node":{"tag":"stream:error","attrs":{},"content":[{"tag":"conflict","attrs":{"type":"replaced"}}]},"msg":"stream errored out"}
[DISCONNECTED] Status: 440, intentional: false
[RECONNECT] Attempt 1/50 in 2000ms
{"level":40,"time":1772729034721,"pid":93202,"hostname":"Mohans-iMac.local","msg":"Timeout in AwaitingInitialSync, forcing state to Online and flushing buffer"}
[AUTH] Using MongoDB-backed auth state
[BAILEYS] Starting v2.3000.1033846690
[DISCONNECTED] Status: 401, intentional: false
[LOGGED OUT] Session expired — clearing auth
[AUTH] Cleared MongoDB auth state
{"level":40,"time":1772729038389,"pid":93202,"hostname":"Mohans-iMac.local","msg":"Timeout in AwaitingInitialSync, forcing state to Online and flushing buffer"}
[AUTH] Using MongoDB-backed auth state
[BAILEYS] Starting v2.3000.1033846690
[QR] New QR code generated — scan in WhatsApp app
{"level":50,"time":1772729075016,"pid":93202,"hostname":"Mohans-iMac.local","err":{"type":"Error","message":"Timed Out","stack":"Error: Timed Out\n    at file:///Users/mohankalburgi/swaryoga.com-db/swaryoga.com-db/deploy/wa-baileys/node_modules/@whiskeysockets/baileys/lib/Utils/generics.js:131:32\n    at runNextTicks (node:internal/process/task_queues:64:5)\n    at listOnTimeout (node:internal/timers:567:9)\n    at process.processTimers (node:internal/timers:541:7)","data":{"stack":"Error\n    at promiseTimeout (file:///Users/mohankalburgi/swaryoga.com-db/swaryoga.com-db/deploy/wa-baileys/node_modules/@whiskeysockets/baileys/lib/Utils/generics.js:126:19)\n    at waitForMessage (file:///Users/mohankalburgi/swaryoga.com-db/swaryoga.com-db/deploy/wa-baileys/node_modules/@whiskeysockets/baileys/lib/Socket/socket.js:115:34)\n    at query (file:///Users/mohankalburgi/swaryoga.com-db/swaryoga.com-db/deploy/wa-baileys/node_modules/@whiskeysockets/baileys/lib/Socket/socket.js:138:45)\n    at fetchBlocklist (file:///Users/mohankalburgi/swaryoga.com-db/swaryoga.com-db/deploy/wa-baileys/node_modules/@whiskeysockets/baileys/lib/Socket/chats.js:253:30)\n    at executeInitQueries (file:///Users/mohankalburgi/swaryoga.com-db/swaryoga.com-db/deploy/wa-baileys/node_modules/@whiskeysockets/baileys/lib/Socket/chats.js:762:42)\n    at EventEmitter.<anonymous> (file:///Users/mohankalburgi/swaryoga.com-db/swaryoga.com-db/deploy/wa-baileys/node_modules/@whiskeysockets/baileys/lib/Socket/chats.js:859:17)\n    at EventEmitter.emit (node:events:520:35)\n    at EventEmitter.<anonymous> (file:///Users/mohankalburgi/swaryoga.com-db/swaryoga.com-db/deploy/wa-baileys/node_modules/@whiskeysockets/baileys/lib/Utils/event-buffer.js:35:16)\n    at EventEmitter.emit (node:events:508:28)\n    at Object.emit (file:///Users/mohankalburgi/swaryoga.com-db/swaryoga.com-db/deploy/wa-baileys/node_modules/@whiskeysockets/baileys/lib/Utils/event-buffer.js:83:23)"},"isBoom":true,"isServer":false,"output":{"statusCode":408,"payload":{"statusCode":408,"error":"Request Time-out","message":"Timed Out"},"headers":{}}},"msg":"unexpected error in 'init queries'"}
[GROUPS] Failed to prefetch group names: Timed Out
{"level":50,"time":1772729093913,"pid":93202,"hostname":"Mohans-iMac.local","err":{"type":"Error","message":"Connection Closed","stack":"Error: Connection Closed\n    at sendRawMessage (file:///Users/mohankalburgi/swaryoga.com-db/swaryoga.com-db/deploy/wa-baileys/node_modules/@whiskeysockets/baileys/lib/Socket/socket.js:56:19)\n    at sendNode (file:///Users/mohankalburgi/swaryoga.com-db/swaryoga.com-db/deploy/wa-baileys/node_modules/@whiskeysockets/baileys/lib/Socket/socket.js:75:16)\n    at sendMessageAck (file:///Users/mohankalburgi/swaryoga.com-db/swaryoga.com-db/deploy/wa-baileys/node_modules/@whiskeysockets/baileys/lib/Socket/messages-recv.js:61:15)\n    at handleNotification (file:///Users/mohankalburgi/swaryoga.com-db/swaryoga.com-db/deploy/wa-baileys/node_modules/@whiskeysockets/baileys/lib/Socket/messages-recv.js:607:19)\n    at async processNodeWithBuffer (file:///Users/mohankalburgi/swaryoga.com-db/swaryoga.com-db/deploy/wa-baileys/node_modules/@whiskeysockets/baileys/lib/Socket/messages-recv.js:841:9)","data":null,"isBoom":true,"isServer":false,"output":{"statusCode":428,"payload":{"statusCode":428,"error":"Precondition Required","message":"Connection Closed"},"headers":{}}},"msg":"unexpected error in 'handling notification'"}
[QR] New QR code generated — scan in WhatsApp app
[QR] New QR code generated — scan in WhatsApp app
[QR] New QR code generated — scan in WhatsApp app
[QR] New QR code generated — scan in WhatsApp app
[QR] New QR code generated — scan in WhatsApp app
[DISCONNECTED] Status: 408, intentional: false
[RECONNECT] QR refresh in 1000ms
[AUTH] Using MongoDB-backed auth state
[BAILEYS] Starting v2.3000.1033846690
[CONNECTED] WhatsApp connected as: 919309986820:76@s.whatsapp.net Swar Yoga
[GROUPS] Prefetched 273 group names
[LID-RESOLVE-DB] Found 12 unresolved LID contacts, querying DB...
[LID-RESOLVE-DB] Found 115 unique phone numbers in DB
[LID-MAP] 45101569028331 → 917875877083
[LID-MAP] 73628775387137 → 917766841117
[LID-MAP] 145994545103008 → 917738093173
[LID-MAP] 275449221521484 → 917588040535
[LID-MAP] 167297650040911 → 917428375992
[LID-MAP] 276626076086489 → 917217674566
[LID-MAP] 247587768688773 → 917000789090
[LID-MAP] 266494382481478 → 23058287667
[LID-MAP] 89575905038462 → 918968545566
[LID-MAP] 170312700284988 → 918962400660
[LID-MAP] 187389624459383 → 918920112808
[LID-MAP] 133719612465382 → 918888889078
[LID-MAP] 165244655648775 → 918767574117
[LID-MAP] 111867070537746 → 918765432100
[LID-MAP] 17811330060419 → 918668771411
[LID-MAP] 19761161347137 → 918511669921
[LID-MAP] 67744686952493 → 918427616270
[LID-MAP] 254129087742107 → 918308886918
[LID-MAP] 158355611992084 → 918275281029
[LID-MAP] 230098594713709 → 918223899969
[LID-MAP] 190202660306996 → 918180898066
[LID-MAP] 190185832714267 → 918149549354
[LID-MAP] 186689410596935 → 918149238319
[LID-MAP] 155151516098776 → 918130910321
[LID-MAP] 187746559766560 → 917999774008
[LID-MAP] 162336895688852 → 917891119495
[LID-MAP] 104032781742301 → 919423784888
[LID-MAP] 211385556439229 → 919422880177
[LID-MAP] 232112967930011 → 919414888892
[LID-MAP] 128729380597926 → 919410838239
[LID-MAP] 232641383129333 → 919376770333
[LID-MAP] 262280868589677 → 919368675024
[LID-MAP] 70102540095695 → 919362802237
[LID-MAP] 57599990968399 → 919322331757
[LID-MAP] 1606351380725 → 919309986820
[LID-MAP] 38379962023988 → 919172552833
[LID-MAP] 173611587477549 → 919136052699
[LID-MAP] 249297601839190 → 919130692255
[LID-MAP] 79864933654620 → 919099874959
[LID-MAP] 75265074004185 → 919090030345
[LID-MAP] 258038028099636 → 919075358557
[LID-MAP] 29935938859035 → 919049855593
[LID-MAP] 190241314971715 → 919024212652
[LID-MAP] 38779477823516 → 919019239946
[LID-MAP] 117519029371104 → 918968562430
[LID-MAP] 222393977061438 → 919779006820
[LID-MAP] 88605242482907 → 919754197540
[LID-MAP] 171253499465846 → 919726995317
[LID-MAP] 17179936342079 → 919720702527
[LID-MAP] 148442777170135 → 919717423622
[LID-MAP] 105561857196224 → 919654425155
[LID-MAP] 281140153860183 → 919599010835
[LID-MAP] 220009833975886 → 919594599018
[LID-MAP] 181638612947005 → 919582228584
[LID-MAP] 5682912882894 → 919575550996
[LID-MAP] 126388355002411 → 919566020382
[LID-MAP] 20272312770769 → 919561694725
[LID-MAP] 156684785848334 → 919466060709
[LID-MAP] 152351331627083 → 919464900040
[LID-MAP] 166923987902630 → 919462241858
[LID-MAP] 281002698088464 → 919452808052
[LID-MAP] 128604977516598 → 919433995391
[LID-MAP] 17570778366097 → 919425094923
[LID-MAP] 107232498827380 → 919424077785
[LID-MAP] 263552245993638 → 919899087023
[LID-MAP] 164429165518911 → 919898120131
[LID-MAP] 1481914765346 → 919896291141
[LID-MAP] 248455452688503 → 919893626018
[LID-MAP] 162083509379155 → 919890285430
[LID-MAP] 68947663650947 → 919889228332
[LID-MAP] 186896156205308 → 919876543210
[LID-MAP] 161344825385105 → 919870249397
[LID-MAP] 53206440747052 → 919837017711
[LID-MAP] 214207249264746 → 919829159000
[LID-MAP] 211737726951459 → 919826423918
[LID-MAP] 81583004467411 → 919825677256
[LID-MAP] 148116342857770 → 919822726464
[LID-MAP] 62444680569007 → 919822482682
[LID-MAP] 169475248771289 → 919820579665
[LID-MAP] 205823523451032 → 919816028936
[LID-MAP] 105995950882884 → 919814080708
[LID-MAP] 174410132680803 → 919811259585
[LID-MAP] 141519189205105 → 919810540547
[LID-MAP] 48628290826355 → 9779868182635
[LID-MAP] 158381297897656 → 9779857048500
[LID-MAP] 95318326702230 → 9779803036014
[LID-MAP] 277369122201725 → 919999533629
[LID-MAP] 135746786750514 → 919990626618
[LID-MAP] 281208839737594 → 919982533322
[LID-MAP] 222475178786987 → 919982043017
[LID-MAP] 190323070345240 → 919957575069
[LID-MAP] 202902996029640 → 919930923365
[LID-MAP] 108198933573711 → 919927459437
[LID-MAP] 24142111867101 → 919927096178
[LID-MAP] 120821842452555 → 919924410217
[LID-MAP] 53064505503999 → 919923536357
[LID-MAP] 44684873306254 → 919913073355
[LID-MAP] 108886145130496 → 919909017587
[LID-RESOLVE-DB] ✅ Resolved 98 phone→LID mappings (total map: 198)
[LID-RESOLVE-DB] ✅ Updated 6 chat entries with phone numbers
{"level":50,"time":1772729220319,"pid":93202,"hostname":"Mohans-iMac.local","node":{"tag":"stream:error","attrs":{},"content":[{"tag":"conflict","attrs":{"type":"replaced"}}]},"msg":"stream errored out"}
[DISCONNECTED] Status: 440, intentional: false
[RECONNECT] QR refresh in 1000ms
[AUTH] Using MongoDB-backed auth state
[BAILEYS] Starting v2.3000.1033846690
[CONNECTED] WhatsApp connected as: 919309986820:76@s.whatsapp.net Swar Yoga
{"level":40,"time":1772729224338,"pid":93202,"hostname":"Mohans-iMac.local","msg":"Timeout in AwaitingInitialSync, forcing state to Online and flushing buffer"}
[GROUPS] Prefetched 273 group names
[LID-RESOLVE-DB] Found 12 unresolved LID contacts, querying DB...
[LID-RESOLVE-DB] Found 115 unique phone numbers in DB
[LID-MAP] 45101569028331 → 917875877083
[LID-MAP] 73628775387137 → 917766841117
[LID-MAP] 145994545103008 → 917738093173
[LID-MAP] 275449221521484 → 917588040535
[LID-MAP] 167297650040911 → 917428375992
[LID-MAP] 276626076086489 → 917217674566
[LID-MAP] 247587768688773 → 917000789090
[LID-MAP] 266494382481478 → 23058287667
